layer,n_chains,combination,member_chains,prob,cumulative_coverage,verdict
mono,1,oleoyl,oleoyl-CoA,0.496588,0.4966,keep
mono,1,linoleoyl,linoleoyl-CoA,0.191885,0.6885,keep
mono,1,palmitoyl,palmitoyl-CoA,0.183207,0.8717,keep
mono,1,palmitoleoyl,palmitoleoyl-CoA,0.083,0.9547,keep
mono,1,stearoyl,stearoyl-CoA,0.0404984,0.9952,keep
mono,1,lauroyl,lauroyl-CoA,0.00289274,0.9981,keep
mono,1,myristoyl,myristoyl-CoA,0.0019285,1.0000,keep
di,2,oleoyl+oleoyl,oleoyl-CoA;oleoyl-CoA,0.246599,0.2466,keep
di,2,linoleoyl+oleoyl,linoleoyl-CoA;oleoyl-CoA,0.190576,0.4372,keep
di,2,oleoyl+palmitoyl,oleoyl-CoA;palmitoyl-CoA,0.181957,0.6191,keep
di,2,oleoyl+palmitoleoyl,oleoyl-CoA;palmitoleoyl-CoA,0.0824336,0.7016,keep
di,2,linoleoyl+palmitoyl,linoleoyl-CoA;palmitoyl-CoA,0.0703095,0.7719,keep
di,2,oleoyl+stearoyl,oleoyl-CoA;stearoyl-CoA,0.040222,0.8121,keep
di,2,linoleoyl+linoleoyl,linoleoyl-CoA;linoleoyl-CoA,0.03682,0.8489,keep
di,2,palmitoyl+palmitoyl,palmitoyl-CoA;palmitoyl-CoA,0.0335649,0.8825,keep
di,2,linoleoyl+palmitoleoyl,linoleoyl-CoA;palmitoleoyl-CoA,0.031853,0.9143,keep
di,2,palmitoleoyl+palmitoyl,palmitoleoyl-CoA;palmitoyl-CoA,0.0304124,0.9447,keep
di,2,linoleoyl+stearoyl,linoleoyl-CoA;stearoyl-CoA,0.0155421,0.9603,keep
di,2,palmitoyl+stearoyl,palmitoyl-CoA;stearoyl-CoA,0.0148392,0.9751,keep
di,2,palmitoleoyl+palmitoleoyl,palmitoleoyl-CoA;palmitoleoyl-CoA,0.006889,0.9820,keep
di,2,palmitoleoyl+stearoyl,palmitoleoyl-CoA;stearoyl-CoA,0.00672274,0.9887,keep
di,2,lauroyl+oleoyl,lauroyl-CoA;oleoyl-CoA,0.002873,0.9916,keep
di,2,myristoyl+oleoyl,myristoyl-CoA;oleoyl-CoA,0.00191534,0.9935,keep
di,2,stearoyl+stearoyl,stearoyl-CoA;stearoyl-CoA,0.00164012,0.9952,keep
di,2,lauroyl+linoleoyl,lauroyl-CoA;linoleoyl-CoA,0.00111015,0.9963,keep
di,2,lauroyl+palmitoyl,lauroyl-CoA;palmitoyl-CoA,0.00105994,0.9973,keep
di,2,linoleoyl+myristoyl,linoleoyl-CoA;myristoyl-CoA,0.000740101,0.9981,dead
di,2,myristoyl+palmitoyl,myristoyl-CoA;palmitoyl-CoA,0.000706629,0.9988,dead
di,2,lauroyl+palmitoleoyl,lauroyl-CoA;palmitoleoyl-CoA,0.000480196,0.9993,dead
di,2,myristoyl+palmitoleoyl,myristoyl-CoA;palmitoleoyl-CoA,0.00032013,0.9996,dead
di,2,lauroyl+stearoyl,lauroyl-CoA;stearoyl-CoA,0.000234303,0.9998,dead
di,2,myristoyl+stearoyl,myristoyl-CoA;stearoyl-CoA,0.000156202,1.0000,dead
di,2,lauroyl+myristoyl,lauroyl-CoA;myristoyl-CoA,1.11573e-05,1.0000,dead
di,2,lauroyl+lauroyl,lauroyl-CoA;lauroyl-CoA,8.36797e-06,1.0000,dead
di,2,myristoyl+myristoyl,myristoyl-CoA;myristoyl-CoA,3.7191e-06,1.0000,dead
tri,3,linoleoyl+oleoyl+oleoyl,linoleoyl-CoA;oleoyl-CoA;oleoyl-CoA,0.141956,0.1420,keep
tri,3,oleoyl+oleoyl+palmitoyl,oleoyl-CoA;oleoyl-CoA;palmitoyl-CoA,0.135536,0.2775,keep
tri,3,oleoyl+oleoyl+oleoyl,oleoyl-CoA;oleoyl-CoA;oleoyl-CoA,0.122458,0.4000,keep
tri,3,linoleoyl+oleoyl+palmitoyl,linoleoyl-CoA;oleoyl-CoA;palmitoyl-CoA,0.104745,0.5047,keep
tri,3,oleoyl+oleoyl+palmitoleoyl,oleoyl-CoA;oleoyl-CoA;palmitoleoyl-CoA,0.0614033,0.5661,keep
tri,3,linoleoyl+linoleoyl+oleoyl,linoleoyl-CoA;linoleoyl-CoA;oleoyl-CoA,0.0548531,0.6210,keep
tri,3,oleoyl+palmitoyl+palmitoyl,oleoyl-CoA;palmitoyl-CoA;palmitoyl-CoA,0.0500037,0.6710,keep
tri,3,linoleoyl+oleoyl+palmitoleoyl,linoleoyl-CoA;oleoyl-CoA;palmitoleoyl-CoA,0.0474534,0.7184,keep
tri,3,oleoyl+palmitoleoyl+palmitoyl,oleoyl-CoA;palmitoleoyl-CoA;palmitoyl-CoA,0.0453073,0.7637,keep
tri,3,oleoyl+oleoyl+stearoyl,oleoyl-CoA;oleoyl-CoA;stearoyl-CoA,0.0299607,0.7937,keep
tri,3,linoleoyl+oleoyl+stearoyl,linoleoyl-CoA;oleoyl-CoA;stearoyl-CoA,0.0231541,0.8168,keep
tri,3,oleoyl+palmitoyl+stearoyl,oleoyl-CoA;palmitoyl-CoA;stearoyl-CoA,0.0221069,0.8389,keep
tri,3,linoleoyl+linoleoyl+palmitoyl,linoleoyl-CoA;linoleoyl-CoA;palmitoyl-CoA,0.0202371,0.8592,keep
tri,3,linoleoyl+palmitoyl+palmitoyl,linoleoyl-CoA;palmitoyl-CoA;palmitoyl-CoA,0.0193218,0.8785,keep
tri,3,linoleoyl+palmitoleoyl+palmitoyl,linoleoyl-CoA;palmitoleoyl-CoA;palmitoyl-CoA,0.0175071,0.8960,keep
tri,3,oleoyl+palmitoleoyl+palmitoleoyl,oleoyl-CoA;palmitoleoyl-CoA;palmitoleoyl-CoA,0.010263,0.9063,keep
tri,3,oleoyl+palmitoleoyl+stearoyl,oleoyl-CoA;palmitoleoyl-CoA;stearoyl-CoA,0.0100153,0.9163,keep
tri,3,linoleoyl+linoleoyl+palmitoleoyl,linoleoyl-CoA;linoleoyl-CoA;palmitoleoyl-CoA,0.00916818,0.9255,keep
tri,3,linoleoyl+palmitoyl+stearoyl,linoleoyl-CoA;palmitoyl-CoA;stearoyl-CoA,0.00854228,0.9340,keep
tri,3,palmitoleoyl+palmitoyl+palmitoyl,palmitoleoyl-CoA;palmitoyl-CoA;palmitoyl-CoA,0.00835765,0.9424,keep
tri,3,linoleoyl+linoleoyl+linoleoyl,linoleoyl-CoA;linoleoyl-CoA;linoleoyl-CoA,0.00706522,0.9494,keep
tri,3,palmitoyl+palmitoyl+palmitoyl,palmitoyl-CoA;palmitoyl-CoA;palmitoyl-CoA,0.00614932,0.9556,keep
tri,3,linoleoyl+linoleoyl+stearoyl,linoleoyl-CoA;linoleoyl-CoA;stearoyl-CoA,0.00447346,0.9600,keep
tri,3,palmitoyl+palmitoyl+stearoyl,palmitoyl-CoA;palmitoyl-CoA;stearoyl-CoA,0.00407797,0.9641,keep
tri,3,linoleoyl+palmitoleoyl+palmitoleoyl,linoleoyl-CoA;palmitoleoyl-CoA;palmitoleoyl-CoA,0.0039657,0.9681,keep
tri,3,linoleoyl+palmitoleoyl+stearoyl,linoleoyl-CoA;palmitoleoyl-CoA;stearoyl-CoA,0.00386999,0.9720,keep
tri,3,palmitoleoyl+palmitoleoyl+palmitoyl,palmitoleoyl-CoA;palmitoleoyl-CoA;palmitoyl-CoA,0.00378634,0.9757,keep
tri,3,palmitoleoyl+palmitoyl+stearoyl,palmitoleoyl-CoA;palmitoyl-CoA;stearoyl-CoA,0.00369496,0.9794,keep
tri,3,oleoyl+stearoyl+stearoyl,oleoyl-CoA;stearoyl-CoA;stearoyl-CoA,0.00244339,0.9819,keep
tri,3,lauroyl+oleoyl+oleoyl,lauroyl-CoA;oleoyl-CoA;oleoyl-CoA,0.00214005,0.9840,keep
tri,3,lauroyl+linoleoyl+oleoyl,lauroyl-CoA;linoleoyl-CoA;oleoyl-CoA,0.00165386,0.9857,keep
tri,3,lauroyl+oleoyl+palmitoyl,lauroyl-CoA;oleoyl-CoA;palmitoyl-CoA,0.00157906,0.9872,keep
tri,3,myristoyl+oleoyl+oleoyl,myristoyl-CoA;oleoyl-CoA;oleoyl-CoA,0.0014267,0.9887,keep
tri,3,linoleoyl+myristoyl+oleoyl,linoleoyl-CoA;myristoyl-CoA;oleoyl-CoA,0.00110257,0.9898,keep
tri,3,myristoyl+oleoyl+palmitoyl,myristoyl-CoA;oleoyl-CoA;palmitoyl-CoA,0.00105271,0.9908,keep
tri,3,linoleoyl+stearoyl+stearoyl,linoleoyl-CoA;stearoyl-CoA;stearoyl-CoA,0.000944146,0.9918,dead
tri,3,palmitoyl+stearoyl+stearoyl,palmitoyl-CoA;stearoyl-CoA;stearoyl-CoA,0.000901446,0.9927,dead
tri,3,palmitoleoyl+palmitoleoyl+stearoyl,palmitoleoyl-CoA;palmitoleoyl-CoA;stearoyl-CoA,0.000836981,0.9935,dead
tri,3,lauroyl+oleoyl+palmitoleoyl,lauroyl-CoA;oleoyl-CoA;palmitoleoyl-CoA,0.000715378,0.9942,dead
tri,3,lauroyl+linoleoyl+palmitoyl,lauroyl-CoA;linoleoyl-CoA;palmitoyl-CoA,0.000610163,0.9948,dead
tri,3,palmitoleoyl+palmitoleoyl+palmitoleoyl,palmitoleoyl-CoA;palmitoleoyl-CoA;palmitoleoyl-CoA,0.000571787,0.9954,dead
tri,3,myristoyl+oleoyl+palmitoleoyl,myristoyl-CoA;oleoyl-CoA;palmitoleoyl-CoA,0.000476919,0.9959,dead
tri,3,palmitoleoyl+stearoyl+stearoyl,palmitoleoyl-CoA;stearoyl-CoA;stearoyl-CoA,0.00040839,0.9963,dead
tri,3,linoleoyl+myristoyl+palmitoyl,linoleoyl-CoA;myristoyl-CoA;palmitoyl-CoA,0.000406775,0.9967,dead
tri,3,lauroyl+oleoyl+stearoyl,lauroyl-CoA;oleoyl-CoA;stearoyl-CoA,0.000349056,0.9971,dead
tri,3,lauroyl+linoleoyl+linoleoyl,lauroyl-CoA;linoleoyl-CoA;linoleoyl-CoA,0.000319533,0.9974,dead
tri,3,lauroyl+palmitoyl+palmitoyl,lauroyl-CoA;palmitoyl-CoA;palmitoyl-CoA,0.000291284,0.9977,dead
tri,3,lauroyl+linoleoyl+palmitoleoyl,lauroyl-CoA;linoleoyl-CoA;palmitoleoyl-CoA,0.000276428,0.9979,dead
tri,3,lauroyl+palmitoleoyl+palmitoyl,lauroyl-CoA;palmitoleoyl-CoA;palmitoyl-CoA,0.000263926,0.9982,dead
tri,3,myristoyl+oleoyl+stearoyl,myristoyl-CoA;oleoyl-CoA;stearoyl-CoA,0.000232704,0.9984,dead
tri,3,linoleoyl+linoleoyl+myristoyl,linoleoyl-CoA;linoleoyl-CoA;myristoyl-CoA,0.000213022,0.9986,dead
tri,3,myristoyl+palmitoyl+palmitoyl,myristoyl-CoA;palmitoyl-CoA;palmitoyl-CoA,0.000194189,0.9988,dead
tri,3,linoleoyl+myristoyl+palmitoleoyl,linoleoyl-CoA;myristoyl-CoA;palmitoleoyl-CoA,0.000184285,0.9990,dead
tri,3,myristoyl+palmitoleoyl+palmitoyl,myristoyl-CoA;palmitoleoyl-CoA;palmitoyl-CoA,0.000175951,0.9992,dead
tri,3,lauroyl+linoleoyl+stearoyl,lauroyl-CoA;linoleoyl-CoA;stearoyl-CoA,0.000134878,0.9993,dead
tri,3,lauroyl+palmitoyl+stearoyl,lauroyl-CoA;palmitoyl-CoA;stearoyl-CoA,0.000128778,0.9995,dead
tri,3,linoleoyl+myristoyl+stearoyl,linoleoyl-CoA;myristoyl-CoA;stearoyl-CoA,8.99187e-05,0.9996,dead
tri,3,myristoyl+palmitoyl+stearoyl,myristoyl-CoA;palmitoyl-CoA;stearoyl-CoA,8.5852e-05,0.9996,dead
tri,3,stearoyl+stearoyl+stearoyl,stearoyl-CoA;stearoyl-CoA;stearoyl-CoA,6.64224e-05,0.9997,dead
tri,3,lauroyl+palmitoleoyl+palmitoleoyl,lauroyl-CoA;palmitoleoyl-CoA;palmitoleoyl-CoA,5.97844e-05,0.9998,dead
tri,3,lauroyl+palmitoleoyl+stearoyl,lauroyl-CoA;palmitoleoyl-CoA;stearoyl-CoA,5.83415e-05,0.9998,dead
tri,3,myristoyl+palmitoleoyl+palmitoleoyl,myristoyl-CoA;palmitoleoyl-CoA;palmitoleoyl-CoA,3.98562e-05,0.9999,dead
tri,3,myristoyl+palmitoleoyl+stearoyl,myristoyl-CoA;palmitoleoyl-CoA;stearoyl-CoA,3.88943e-05,0.9999,dead
tri,3,lauroyl+myristoyl+oleoyl,lauroyl-CoA;myristoyl-CoA;oleoyl-CoA,1.66217e-05,0.9999,dead
tri,3,lauroyl+stearoyl+stearoyl,lauroyl-CoA;stearoyl-CoA;stearoyl-CoA,1.42334e-05,0.9999,dead
tri,3,lauroyl+lauroyl+oleoyl,lauroyl-CoA;lauroyl-CoA;oleoyl-CoA,1.24663e-05,1.0000,dead
tri,3,myristoyl+stearoyl+stearoyl,myristoyl-CoA;stearoyl-CoA;stearoyl-CoA,9.48891e-06,1.0000,dead
tri,3,lauroyl+linoleoyl+myristoyl,lauroyl-CoA;linoleoyl-CoA;myristoyl-CoA,6.42277e-06,1.0000,dead
tri,3,lauroyl+myristoyl+palmitoyl,lauroyl-CoA;myristoyl-CoA;palmitoyl-CoA,6.13229e-06,1.0000,dead
tri,3,myristoyl+myristoyl+oleoyl,myristoyl-CoA;myristoyl-CoA;oleoyl-CoA,5.54058e-06,1.0000,dead
tri,3,lauroyl+lauroyl+linoleoyl,lauroyl-CoA;lauroyl-CoA;linoleoyl-CoA,4.81707e-06,1.0000,dead
tri,3,lauroyl+lauroyl+palmitoyl,lauroyl-CoA;lauroyl-CoA;palmitoyl-CoA,4.59922e-06,1.0000,dead
tri,3,lauroyl+myristoyl+palmitoleoyl,lauroyl-CoA;myristoyl-CoA;palmitoleoyl-CoA,2.77817e-06,1.0000,dead
tri,3,linoleoyl+myristoyl+myristoyl,linoleoyl-CoA;myristoyl-CoA;myristoyl-CoA,2.14092e-06,1.0000,dead
tri,3,lauroyl+lauroyl+palmitoleoyl,lauroyl-CoA;lauroyl-CoA;palmitoleoyl-CoA,2.08362e-06,1.0000,dead
tri,3,myristoyl+myristoyl+palmitoyl,myristoyl-CoA;myristoyl-CoA;palmitoyl-CoA,2.0441e-06,1.0000,dead
tri,3,lauroyl+myristoyl+stearoyl,lauroyl-CoA;myristoyl-CoA;stearoyl-CoA,1.35556e-06,1.0000,dead
tri,3,lauroyl+lauroyl+stearoyl,lauroyl-CoA;lauroyl-CoA;stearoyl-CoA,1.01667e-06,1.0000,dead
tri,3,myristoyl+myristoyl+palmitoleoyl,myristoyl-CoA;myristoyl-CoA;palmitoleoyl-CoA,9.26055e-07,1.0000,dead
tri,3,myristoyl+myristoyl+stearoyl,myristoyl-CoA;myristoyl-CoA;stearoyl-CoA,4.51853e-07,1.0000,dead
tri,3,lauroyl+lauroyl+myristoyl,lauroyl-CoA;lauroyl-CoA;myristoyl-CoA,4.84128e-08,1.0000,dead
tri,3,lauroyl+myristoyl+myristoyl,lauroyl-CoA;myristoyl-CoA;myristoyl-CoA,3.22752e-08,1.0000,dead
tri,3,lauroyl+lauroyl+lauroyl,lauroyl-CoA;lauroyl-CoA;lauroyl-CoA,2.42064e-08,1.0000,dead
tri,3,myristoyl+myristoyl+myristoyl,myristoyl-CoA;myristoyl-CoA;myristoyl-CoA,7.17227e-09,1.0000,dead
