layer,reaction_id,reaction_name,solved_met,solved_name,representative_formula,combos,mass_check,charge_residual,status,note
1,R1843,1-acyl-sn-gylcerol-3-phosphate acyltransferase,m378[C_em],phosphatidate,C39H73O8P,49,pass,+0,balanced,solved for m378[C_em]
1,R1846,1-acyl-sn-gylcerol-3-phosphate acyltransferase,m1705[C_lp],phosphatidate,C39H73O8P,49,pass,+0,balanced,solved for m1705[C_lp]
1,R2091,Glyceron phosphate transport,m2048[C_cy],Glyceron phosphate,C21H37O7P,7,pass,+2,balanced,solved for m2048[C_cy]
1,R2144,phosphatidate transport,m1993[C_cy],phosphatidate,C39H73O8P,49,pass,+0,balanced,solved for m1993[C_cy]
1,R350,glycerol-3-phosphate/dihydroxyacetone phosphate acyltransferase,m569[C_em],acylglycerone phosphate_,C21H37O7P,7,pass,+2,balanced,solved for m569[C_em]
1,R351,glycerol-3-phosphate/dihydroxyacetone phosphate acyltransferase,m572[C_lp],acylglycerone phosphate_,C21H37O7P,7,pass,+2,balanced,solved for m572[C_lp]
1,R352,glycerol-3-phosphate/dihydroxyacetone phosphate acyltransferase,m575[C_em],1-acyl-sn-glycerol 3-phosphate,C21H41O7P,7,pass,+0,balanced,solved for m575[C_em]
1,R353,glycerol-3-phosphate/dihydroxyacetone phosphate acyltransferase,m577[C_lp],1-acyl-sn-glycerol 3-phosphate,C21H41O7P,7,pass,+0,balanced,solved for m577[C_lp]
2,R1773,diacylglycerol pyrophosphate phosphatase,m1649[C_em],diglyceride,C39H72O5,49,pass,-2,balanced,solved for m1649[C_em]
2,R1791,"phosphatidate transport, ER membrane-mitochondrial membrane",m383[C_mm],phosphatidate,C39H73O8P,49,pass,+0,balanced,solved for m383[C_mm]
2,R1795,"diglyceride transport, ER membrane-Golgi membrane",m1704[C_gm],diglyceride,C39H72O5,49,pass,+0,balanced,solved for m1704[C_gm]
2,R1796,"phosphatidate transport, ER membrane-Golgi membrane",m1688[C_gm],phosphatidate,C39H73O8P,49,pass,+0,balanced,solved for m1688[C_gm]
2,R1800,"phosphatidate transport, ER membrane-vacuolar membrane",m1686[C_vm],phosphatidate,C39H73O8P,49,pass,+0,balanced,solved for m1686[C_vm]
2,R1839,phosphatidylinositol synthase,m1648[C_em],1-phosphatidyl-1D-myo-inositol,C45H83O13P,49,pass,-1,balanced,solved for m1648[C_em]
2,R1841,PS synthase,m1631[C_em],phosphatidyl-L-serine_C8H11NO10PR2,C42H78NO10P,49,pass,-1,balanced,solved for m1631[C_em]
2,R196,CDP-diacylglycerol synthase,m379[C_em],CDP-diacylglycerol_,C48H86N3O15P2,49,pass,+0,balanced,solved for m379[C_em]
3,R1704,"phosphatidyl-L-serine transport, ER membrane-cytoplasm",m1396[C_cy],phosphatidyl-L-serine_C8H11NO10PR2,C42H78NO10P,49,pass,+0,balanced,solved for m1396[C_cy]
3,R1719,"lysoPI acyltransferase, ER membrane",m1647[C_em],sn-2-acyl-1-lysophosphatidylinositol_,C27H51O12P,7,pass,+0,balanced,solved for m1647[C_em]
3,R1725,choline/ethanolaminephosphotransferase,m1633[C_em],phosphatidylethanolamine_C7H12NO8PR2,C41H77NO8P,49,pass,+0,balanced,solved for m1633[C_em]
3,R1726,cholinephosphotransferase,m1632[C_em],phosphatidylcholine_C10H18NO8PR2,C44H83NO8P,49,pass,+0,balanced,solved for m1632[C_em]
3,R1730,PC phospholipase B,m1657[C_em],1-acylglycerophosphocholine_C9H20NO7PR,C26H50NO7P,49,pass,+1,balanced,solved for m1657[C_em]
3,R1769,"PA kinase, Golgi membrane",m1687[C_gm],"1,2-diacylglycerol 3-diphosphate_",C39H74O11P2,49,pass,+1,balanced,solved for m1687[C_gm]
3,R1770,"PA kinase, vacuolar membrane",m1685[C_vm],"1,2-diacylglycerol 3-diphosphate_",C39H74O11P2,49,pass,+1,balanced,solved for m1685[C_vm]
3,R1772,diacylglycerol acyltransferase,m1634[C_em],triglyceride,C57H104O6,343,pass,+0,balanced,solved for m1634[C_em]
3,R1774,diacylglycerol pyrophosphate phosphatase,m1703[C_vm],diglyceride,C39H72O5,49,pass,-2,balanced,solved for m1703[C_vm]
3,R1785,"TAG transport, ER membrane-lipid particle",m1640[C_lp],triglyceride,C57H104O6,343,pass,+0,balanced,solved for m1640[C_lp]
3,R1786,"phosphatidylcholine transport, ER membrane-lipid particle",m1701[C_lp],phosphatidylcholine_C10H18NO8PR2,C44H83NO8P,49,pass,+0,balanced,solved for m1701[C_lp]
3,R1787,"phosphatidylethanolamine transport, ER membrane-lipid particle",m1700[C_lp],phosphatidylethanolamine_C7H12NO8PR2,C41H77NO8P,49,pass,+0,balanced,solved for m1700[C_lp]
3,R1788,"1-acylglycerophosphocholine transport, ER membrane-lipid particle",m1702[C_lp],1-acylglycerophosphocholine_C9H20NO7PR,C26H50NO7P,49,pass,-1,balanced,solved for m1702[C_lp]
3,R1792,"phosphatidyl-L-serine transport, ER membrane-mitochondrial membrane",m868[C_mm],phosphatidyl-L-serine_C8H11NO10PR2,C42H78NO10P,49,pass,+0,balanced,solved for m868[C_mm]
3,R1794,"phosphatidylcholine transport, ER membrane-mitochondrial membrane",m791[C_mm],phosphatidylcholine_C10H18NO8PR2,C44H83NO8P,49,pass,+0,balanced,solved for m791[C_mm]
3,R1797,"1-phosphatidyl-1D-myo-inositol transport, ER membrane-Golgi membrane",m1679[C_gm],1-phosphatidyl-1D-myo-inositol,C45H83O13P,49,pass,+0,balanced,solved for m1679[C_gm]
3,R1798,"phosphatidyl-L-serine transport, ER membrane-Golgi membrane",m872[C_gm],phosphatidyl-L-serine_C8H11NO10PR2,C42H78NO10P,49,pass,+0,balanced,solved for m872[C_gm]
3,R1801,"1-phosphatidyl-1D-myo-inositol transport, ER membrane-vacuolar membrane",m897[C_vm],1-phosphatidyl-1D-myo-inositol,C45H83O13P,49,pass,+0,balanced,solved for m897[C_vm]
3,R1802,"phosphatidyl-L-serine transport, ER membrane-vacuolar membrane",m875[C_vm],phosphatidyl-L-serine_C8H11NO10PR2,C42H78NO10P,49,pass,+0,balanced,solved for m875[C_vm]
3,R1805,"1-phosphatidyl-1D-myo-inositol transport, ER membrane-cell envelope",m1644[C_en],1-phosphatidyl-1D-myo-inositol,C45H83O13P,49,pass,+0,balanced,solved for m1644[C_en]
3,R1806,"phosphatidylcholine transport, ER membrane-cell envelope",m1659[C_en],phosphatidylcholine_C10H18NO8PR2,C44H83NO8P,49,pass,+0,balanced,solved for m1659[C_en]
3,R1807,"phosphatidylethanolamine transport, ER membrane-cell envelope",m1662[C_en],phosphatidylethanolamine_C7H12NO8PR2,C41H77NO8P,49,pass,+0,balanced,solved for m1662[C_en]
3,R1808,"phosphatidyl-L-serine transport, ER membrane-cell envelope",m1665[C_en],phosphatidyl-L-serine_C8H11NO10PR2,C42H78NO10P,49,pass,+0,balanced,solved for m1665[C_en]
3,R1812,"1-phosphatidyl-1D-myo-inositol transport, ER membrane-nucleus",m1706[C_nu],1-phosphatidyl-1D-myo-inositol,C45H83O13P,49,pass,+0,balanced,solved for m1706[C_nu]
3,R1825,IPC synthase,m1707[C_go],inositol-P-ceramide B'-(C24)_,C48H96NO12P,49,pass,+0,balanced,solved for m1707[C_go]
3,R1826,IPC synthase,m1708[C_go],inositol-P-ceramide B'-(C26)_,C50H100NO12P,49,pass,+0,balanced,solved for m1708[C_go]
3,R1827,IPC synthase,m1709[C_go],inositol-P-ceramide C-(C24)_,C48H96NO13P,49,pass,+0,balanced,solved for m1709[C_go]
3,R1828,IPC synthase,m1710[C_go],inositol-P-ceramide C-(C26)_,C50H100NO13P,49,pass,+0,balanced,solved for m1710[C_go]
3,R1829,IPC synthase,m1711[C_go],inositol-P-ceramide A-(C24)_,C48H96NO11P,49,pass,+0,balanced,solved for m1711[C_go]
3,R1830,IPC synthase,m1712[C_go],inositol-P-ceramide A-(C26)_,C50H100NO11P,49,pass,+0,balanced,solved for m1712[C_go]
3,R1831,IPC synthase,m1713[C_go],inositol-P-ceramide B-(C24)_,C48H96NO12P,49,pass,+0,balanced,solved for m1713[C_go]
3,R1832,IPC synthase,m1714[C_go],inositol-P-ceramide B-(C26)_,C50H100NO12P,49,pass,+0,balanced,solved for m1714[C_go]
3,R1833,IPC synthase,m1715[C_go],inositol-P-ceramide D-(C24)_,C48H96NO14P,49,pass,+0,balanced,solved for m1715[C_go]
3,R1834,IPC synthase,m1716[C_go],inositol-P-ceramide D-(C26)_,C50H100NO14P,49,pass,+0,balanced,solved for m1716[C_go]
3,R1835,phosphatidylethanolamine methyltransferase,m1717[C_em],phosphatidyl-N-methylethanolamine,C42H79NO8P,49,pass,+0,balanced,solved for m1717[C_em]
3,R1836,phosphatidylglycerolphosphate synthase,m1653[C_mm],3-(3-sn-phosphatidyl)-sn-glycerol 1-phosphate_,C42H80O13P2,49,pass,-1,balanced,solved for m1653[C_mm]
3,R1837,phosphatidylinositol 4-kinase,m1682[C_gm],1-phosphatidyl-1D-myo-inositol 4-phosphate,C45H83O16P2,49,pass,+2,balanced,solved for m1682[C_gm]
3,R1838,phosphatidylinositol 4-kinase,m1718[C_nu],1-phosphatidyl-1D-myo-inositol 4-phosphate,C45H83O16P2,49,pass,+2,balanced,solved for m1718[C_nu]
3,R1840,phosphatidylinositol-4-phosphate 5-kinase,m1672[C_nu],"1-phosphatidyl-1D-myo-inositol 4,5-bisphosphate",C45H83O19P3,49,pass,+5,balanced,solved for m1672[C_nu]
3,R1842,phospholipase D,m1675[C_en],phosphatidate,C39H70O8P,49,pass,+2,balanced,solved for m1675[C_en]
3,R1845,phospholipid methyltransferase,m1719[C_em],"phosphatidyl-N,N-dimethylethanolamine_C8H11NO10PR2",C43H81NO8P,49,pass,+0,balanced,solved for m1719[C_em]
3,R197,CDP-diacylglycerol synthase,m384[C_mm],CDP-diacylglycerol_,C48H86N3O15P2,49,pass,+0,balanced,solved for m384[C_mm]
3,R2052,phosphatidyl-L-serine transport,m1663[C_en],1-acylglycerophosphoethanolamine_,C42H78NO10P,49,pass,+0,balanced,solved for m1663[C_en]
3,R2187,"Phosphatidyl-N-methylethanolamine N-methyltransferase, yeast-specific",m1397[C_cy],phosphatidylcholine_C10H18NO8PR2,C143H281NO8P,49,pass,+0,balanced,solved for m1397[C_cy]
4,R1706,"phosphatidylethanolamine transport, ER membrane-cytoplasm",m1398[C_cy],phosphatidylethanolamine_C7H12NO8PR2,C41H77NO8P,49,pass,+0,balanced,solved for m1398[C_cy]
4,R1707,"triglyceride transport, ER membrane-cytoplasm",m1399[C_cy],triglyceride,C57H104O6,343,pass,+0,balanced,solved for m1399[C_cy]
4,R1715,triacylglycerol lipase,m1642[C_lp],diglyceride,C39H71O5,343,pass,+1,balanced,solved for m1642[C_lp]
4,R1716,phosphatidylinositol 4-kinase,m1643[C_vm],1-phosphatidyl-1D-myo-inositol 4-phosphate,C45H83O16P2,49,pass,+2,balanced,solved for m1643[C_vm]
4,R1717,phosphatidylinositol 4-kinase,m1645[C_en],1-phosphatidyl-1D-myo-inositol 4-phosphate,C45H83O16P2,49,pass,+2,balanced,solved for m1645[C_en]
4,R1718,phosphatidylinositol-4-phosphate 5-kinase,m1646[C_en],"1-phosphatidyl-1D-myo-inositol 4,5-bisphosphate",C45H83O19P3,49,pass,+5,balanced,solved for m1646[C_en]
4,R1722,PGP phosphatase,m1650[C_mm],phosphatidylglycerol,C42H79O10P,49,pass,-2,balanced,solved for m1650[C_mm]
4,R1728,PE diacylglycerol acyltransferase,m1656[C_em],1-acylglycerophosphoethanolamine_,C23H45NO7P,2401,pass,+0,balanced,solved for m1656[C_em]
4,R1732,PC phospholipase B,m1660[C_en],1-acylglycerophosphocholine_C9H20NO7PR,C26H50NO7P,49,pass,+1,balanced,solved for m1660[C_en]
4,R1736,PS phospholipase B,m1666[C_en],1-acylglycerophosphoserine_,C24H45NO9P,49,pass,+1,balanced,solved for m1666[C_en]
4,R1737,LPS phospholipase B,m1667[C_en],sn-glycero-3-phosphoserine_,C6H12NO8P,49,pass,+1,balanced,solved for m1667[C_en]
4,R1738,PI phospholipase B,m1668[C_en],1-acylglycerophosphoinositol_,C27H50O12P,49,pass,+1,balanced,solved for m1668[C_en]
4,R1741,"PI 4,5-P2 phospholipase C",m1673[C_nu],diglyceride,C39H69O5,49,pass,-5,balanced,solved for m1673[C_nu]
4,R1742,PG phospholipase C,m1674[C_mm],diglyceride,C39H71O5,49,pass,+1,balanced,solved for m1674[C_mm]
4,R1763,"DAG lipase, lipid particle",m1695[C_lp],1-monoglyceride_,C21H38O4,343,pass,+1,balanced,solved for m1695[C_lp]
4,R1766,"lysoPE acyltransferase, lipid particle",m1699[C_lp],1-acylglycerophosphoethanolamine_,C23H45NO7P,7,pass,+0,balanced,solved for m1699[C_lp]
4,R1779,"1-phosphatidyl-1D-myo-inositol 4,5-bisphosphate transport, cell envelope-cytoplasm",m1669[C_cy],"1-phosphatidyl-1D-myo-inositol 4,5-bisphosphate",C45H83O19P3,49,pass,+0,balanced,solved for m1669[C_cy]
4,R1780,"1-phosphatidyl-1D-myo-inositol 4-phosphate transport, cell envelope-cytoplasm",m1680[C_cy],1-phosphatidyl-1D-myo-inositol 4-phosphate,C45H83O16P2,49,pass,+3,balanced,solved for m1680[C_cy]
4,R1782,"diglyceride transport, nucleus-cytoplasm",m1670[C_cy],diglyceride,C39H69O5,49,pass,+0,balanced,solved for m1670[C_cy]
4,R1804,"1-phosphatidyl-1D-myo-inositol 3-phosphate transport, vacuolar membrane-ER membrane",m1677[C_em],1-phosphatidyl-1D-myo-inositol 3-phosphate,C45H83O16P2,49,pass,+3,balanced,solved for m1677[C_em]
4,R1810,"1-phosphatidyl-1D-myo-inositol 4-phosphate transport, cell envelope-ER membrane",m1681[C_em],1-phosphatidyl-1D-myo-inositol 4-phosphate,C45H83O16P2,49,pass,+3,balanced,solved for m1681[C_em]
4,R1811,"1-phosphatidyl-1D-myo-inositol 4,5-bisphosphate transport, cell envelope-ER membrane",m1684[C_em],"1-phosphatidyl-1D-myo-inositol 4,5-bisphosphate",C45H83O19P3,49,pass,+0,balanced,solved for m1684[C_em]
4,R1813,"1-phosphatidyl-1D-myo-inositol 3-phosphate transport, vacuolar membrane-Golgi membrane",m1678[C_gm],1-phosphatidyl-1D-myo-inositol 3-phosphate,C45H83O16P2,49,pass,+3,balanced,solved for m1678[C_gm]
4,R2170,Triacylglycerol transport,m2014[C_er],Triacylglycerol,C57H104O6,343,pass,+0,balanced,solved for m2014[C_er]
4,R530,lysophosphatidylcholine acyltransferase,m789[C_mm],1-acylglycerophosphocholine_C9H20NO7PR,C26H51NO7P,7,pass,+0,balanced,solved for m789[C_mm]
4,R629,phosphatidylserine decarboxylase,m870[C_mm],phosphatidylethanolamine_C7H12NO8PR2,C41H79NO8P,49,pass,-1,balanced,solved for m870[C_mm]
4,R630,phosphatidylserine decarboxylase,m874[C_gm],phosphatidylethanolamine_C7H12NO8PR2,C41H79NO8P,49,pass,-1,balanced,solved for m874[C_gm]
4,R631,phosphatidylserine decarboxylase,m877[C_vm],phosphatidylethanolamine_C7H12NO8PR2,C41H79NO8P,49,pass,-1,balanced,solved for m877[C_vm]
4,R665,phosphatidylinositol 3-kinase,m15[C_vm],1-phosphatidyl-1D-myo-inositol 3-phosphate,C45H83O16P2,49,pass,+2,balanced,solved for m15[C_vm]
5,R1721,cardiolipin synthase,m1651[C_mm],cardiolipin,C81H150O17P2,2401,pass,-1,balanced,solved for m1651[C_mm]
5,R1723,CL phospholipase,m1654[C_mm],monolysocardiolipin_,C63H117O16P2,2401,pass,+1,balanced,solved for m1654[C_mm]
5,R1749,PI 4-P phosphatase,m1393[C_cy],1-phosphatidyl-1D-myo-inositol,C45H82O13P,49,pass,+1,balanced,solved for m1393[C_cy]
5,R1783,"1-phosphatidyl-1D-myo-inositol 3,5-bisphosphate transport, vacuolar membrane-cytoplasm",m1683[C_cy],"1-phosphatidyl-1D-myo-inositol 3,5-bisphosphate",C45H83O19P3,49,pass,+5,balanced,solved for m1683[C_cy]
5,R1814,"1-phosphatidyl-1D-myo-inositol 3,5-bisphosphate transport, vacuolar membrane-cell envelope",m22[C_en],"1-phosphatidyl-1D-myo-inositol 3,5-bisphosphate",C45H83O19P3,49,pass,+5,balanced,solved for m22[C_en]
5,R7,1-phosphatidylinositol-3-phosphate 5-kinase,m17[C_vm],"1-phosphatidyl-1D-myo-inositol 3,5-bisphosphate",C45H83O19P3,49,pass,+5,balanced,solved for m17[C_vm]
6,R1752,"PI 3,5-P2 phosphatase",m20[C_en],1-phosphatidyl-1D-myo-inositol 3-phosphate,C45H82O16P2,49,pass,+3,balanced,solved for m20[C_en]
6,R1753,"PI 3,5-P2 phosphatase",m1676[C_cy],1-phosphatidyl-1D-myo-inositol 3-phosphate,C45H82O16P2,49,pass,+3,balanced,solved for m1676[C_cy]
