model_artifact	panel_member	established_symbol	protein_function	function_evidence	raw_growth_h_inverse	solver_status	legacy_growth_h_inverse	ko_wt_ratio	historical_growth_h_inverse	historical_ko_wt_ratio	historical_solver_status	growth_delta_vs_history	ratio_delta_vs_history	growth_comparison_history	ratio_comparison_history	status_comparison_history	growth_delta_vs_first_stage	ratio_delta_vs_first_stage	first_stage_comparison	call_1pct	historical_call_1pct	call_comparison_history_1pct	call_comparison_first_stage_1pct	call_5pct	historical_call_5pct	call_comparison_history_5pct	call_comparison_first_stage_5pct	call_10pct	historical_call_10pct	call_comparison_history_10pct	call_comparison_first_stage_10pct	call_15pct	historical_call_15pct	call_comparison_history_15pct	call_comparison_first_stage_15pct
historical_executed_model	WT	not_applicable	wild type control	not_applicable	1.4650760568106092	optimal	1.4650760568106092	not_applicable	1.4650760568106092	not_applicable	not_recorded	0.0	not_applicable	passed	not_applicable	historical_comparison_unavailable	not_applicable	not_applicable	not_applicable	not_applicable	not_applicable	not_applicable	not_applicable	not_applicable	not_applicable	not_applicable	not_applicable	not_applicable	not_applicable	not_applicable	not_applicable	not_applicable	not_applicable	not_applicable	not_applicable
historical_executed_model	YALI1B19079g	not_verified	methionine adenosyltransferase	model/GPR assignment only	0.0	optimal	0.0	0.0	0.0	0.0	optimal	0.0	0.0	passed	passed	passed	not_applicable	not_applicable	not_applicable	True	True	passed	not_applicable	True	True	passed	not_applicable	True	True	passed	not_applicable	True	True	passed	not_applicable
historical_executed_model	YALI1B20289g	not_verified	saccharopine dehydrogenase (lysine-forming)	model/GPR assignment only	0.08967109688914747	optimal	0.08967109688914747	0.061205762303123405	0.08967109688914747	0.061205762303123405	optimal	0.0	0.0	passed	passed	passed	not_applicable	not_applicable	not_applicable	False	False	passed	not_applicable	False	False	passed	not_applicable	True	True	passed	not_applicable	True	True	passed	not_applicable
historical_executed_model	YALI1E15659g	not_verified	methionine synthase	model/GPR assignment only	0.14989878416810526	optimal	0.14989878416810526	0.10231467743348885	0.14989878416810523	0.10231467743348883	optimal	2.7755575615628914e-17	1.3877787807814457e-17	passed	passed	passed	not_applicable	not_applicable	not_applicable	False	False	passed	not_applicable	False	False	passed	not_applicable	False	False	passed	not_applicable	True	True	passed	not_applicable
historical_executed_model	YALI1A15879g	not_verified	histidine-biosynthesis trifunctional enzyme activities	model/GPR assignment only	0.15942540041944286	optimal	0.15942540041944286	0.10881714957959472	0.15942540041944286	0.10881714957959472	optimal	0.0	0.0	passed	passed	passed	not_applicable	not_applicable	not_applicable	False	False	passed	not_applicable	False	False	passed	not_applicable	False	False	passed	not_applicable	True	True	passed	not_applicable
historical_executed_model	YALI1F12842g	not_verified	pyruvate kinase	model/GPR assignment only	1.404633496572133	optimal	1.404633496572133	0.9587444215216674	1.4046334965721354	0.958744421521669	optimal	-2.4424906541753444e-15	-1.6653345369377348e-15	passed	passed	passed	not_applicable	not_applicable	not_applicable	False	False	passed	not_applicable	False	False	passed	not_applicable	False	False	passed	not_applicable	False	False	passed	not_applicable
historical_executed_model	YALI1B09025g	not_verified	ribose-5-phosphate isomerase	model/GPR assignment only	1.4650760568106052	optimal	1.4650760568106052	0.9999999999999972	1.465076056810599	0.999999999999993	optimal	6.217248937900877e-15	4.218847493575595e-15	passed	passed	passed	not_applicable	not_applicable	not_applicable	False	False	passed	not_applicable	False	False	passed	not_applicable	False	False	passed	not_applicable	False	False	passed	not_applicable
canonical_model	WT	not_applicable	wild type control	not_applicable	1.4650760568106092	optimal	1.4650760568106092	not_applicable	1.4650760568106092	not_applicable	not_recorded	0.0	not_applicable	passed	not_applicable	historical_comparison_unavailable	0.0	not_applicable	passed	not_applicable	not_applicable	not_applicable	not_applicable	not_applicable	not_applicable	not_applicable	not_applicable	not_applicable	not_applicable	not_applicable	not_applicable	not_applicable	not_applicable	not_applicable	not_applicable
canonical_model	YALI1B19079g	not_verified	methionine adenosyltransferase	model/GPR assignment only	0.0	optimal	0.0	0.0	0.0	0.0	optimal	0.0	0.0	passed	passed	passed	0.0	0.0	passed	True	True	passed	passed	True	True	passed	passed	True	True	passed	passed	True	True	passed	passed
canonical_model	YALI1B20289g	not_verified	saccharopine dehydrogenase (lysine-forming)	model/GPR assignment only	0.08967109688914747	optimal	0.08967109688914747	0.061205762303123405	0.08967109688914747	0.061205762303123405	optimal	0.0	0.0	passed	passed	passed	0.0	0.0	passed	False	False	passed	passed	False	False	passed	passed	True	True	passed	passed	True	True	passed	passed
canonical_model	YALI1E15659g	not_verified	methionine synthase	model/GPR assignment only	0.14989878416810526	optimal	0.14989878416810526	0.10231467743348885	0.14989878416810523	0.10231467743348883	optimal	2.7755575615628914e-17	1.3877787807814457e-17	passed	passed	passed	0.0	0.0	passed	False	False	passed	passed	False	False	passed	passed	False	False	passed	passed	True	True	passed	passed
canonical_model	YALI1A15879g	not_verified	histidine-biosynthesis trifunctional enzyme activities	model/GPR assignment only	0.15942540041944286	optimal	0.15942540041944286	0.10881714957959472	0.15942540041944286	0.10881714957959472	optimal	0.0	0.0	passed	passed	passed	0.0	0.0	passed	False	False	passed	passed	False	False	passed	passed	False	False	passed	passed	True	True	passed	passed
canonical_model	YALI1F12842g	not_verified	pyruvate kinase	model/GPR assignment only	1.404633496572133	optimal	1.404633496572133	0.9587444215216674	1.4046334965721354	0.958744421521669	optimal	-2.4424906541753444e-15	-1.6653345369377348e-15	passed	passed	passed	0.0	0.0	passed	False	False	passed	passed	False	False	passed	passed	False	False	passed	passed	False	False	passed	passed
canonical_model	YALI1B09025g	not_verified	ribose-5-phosphate isomerase	model/GPR assignment only	1.4650760568106052	optimal	1.4650760568106052	0.9999999999999972	1.465076056810599	0.999999999999993	optimal	6.217248937900877e-15	4.218847493575595e-15	passed	passed	passed	0.0	0.0	passed	False	False	passed	passed	False	False	passed	passed	False	False	passed	passed	False	False	passed	passed
