external_gene_id	iyali26_gene_id	source_gene_id	source_row	experimental_label	current_saved_ko_wt_ratio_raw	current_saved_classification_10pct	scenario	external_raw_growth	external_wt	external_ratio	external_at_10pct	iyali26_at_10pct
YALI0A00264g	YALI1A00309g	YALI1_A00309g	2	essential	0.0	TP	native	1.1537351153250919	1.1537351153250899	1.0000000000000018	FN	TP
YALI0A02310g	YALI1A02775g	YALI1_A02775g	11	essential	1.0	FN	native	0.0	1.1537351153250899	0.0	TP	FN
YALI0A02541g	YALI1A03069g	YALI1_A03069g	12	essential	0.9999999999999977	FN	native	1.1537351153250865	1.1537351153250899	0.9999999999999971	FN	FN
YALI0A02915g	YALI1A03322g	YALI1_A03322g	16	essential	1.0000000000000016	FN	native	0.556532481500221	1.1537351153250899	0.48237457117130905	FN	FN
YALI0A09042g	YALI1A08781g	YALI1_A08781g	851	essential	0.9999999999999986	FN	native	1.1537351153250919	1.1537351153250899	1.0000000000000018	FN	FN
YALI0A09427g	YALI1A09121g	YALI1_A09121g	32	essential	0.9999999999999986	FN	native	1.1537351153250919	1.1537351153250899	1.0000000000000018	FN	FN
YALI0A09900g	YALI1A09766g	YALI1_A09766g	34	essential	1.0000000000000004	FN	native	1.1537351153250919	1.1537351153250899	1.0000000000000018	FN	FN
YALI0A10032g	YALI1A09911g	YALI1_A09911g	35	essential	1.0000000000000004	FN	native	1.1537351153250874	1.1537351153250899	0.9999999999999979	FN	FN
YALI0A10076g	YALI1A09939g	YALI1_A09939g	36	essential	0.0	TP	native	0.0	1.1537351153250899	0.0	TP	TP
YALI0A10310g	YALI1A10254g	YALI1_A10254g	854	essential	1.0000000000000004	FN	native	1.1537351153250874	1.1537351153250899	0.9999999999999979	FN	FN
YALI0A10659g	YALI1A10708g	YALI1_A10708g	856	essential	1.0000000000000004	FN	native	1.1537351153250899	1.1537351153250899	1.0	FN	FN
YALI0A11143g	YALI1A11258g	YALI1_A11258g	41	essential	1.0000000000000004	FN	native	1.1537351153250919	1.1537351153250899	1.0000000000000018	FN	FN
YALI0A12045g	YALI1A12284g	YALI1_A12284g	671	essential	1.0000000000000004	FN	native	1.1537351153250845	1.1537351153250899	0.9999999999999953	FN	FN
YALI0A13387g	YALI1A13454g	YALI1_A13454g	45	essential	1.0000000000000004	FN	native	1.1537351153250919	1.1537351153250899	1.0000000000000018	FN	FN
YALI0A14784g	YALI1A14721g	YALI1_A14721g	46	essential	1.0000000000000004	FN	native	1.153735115325086	1.1537351153250899	0.9999999999999968	FN	FN
YALI0A15950g	YALI1A15879g	YALI1_A15879g	51	essential	0.08516849581212876	TP	native	0.0	1.1537351153250899	0.0	TP	TP
YALI0A19206g	YALI1A20176g	YALI1_A20176g	677	essential	0.999999999999999	FN	native	1.1536547985485872	1.1537351153250899	0.9999303854277851	FN	FN
YALI0A20108g	YALI1A21156g	YALI1_A21156g	1446	essential	1.0000000000000009	FN	native	1.1537351153250845	1.1537351153250899	0.9999999999999953	FN	FN
YALI0B00572g	YALI1B00578g	YALI1_B00578g	65	essential	0.9999999999999883	FN	native	1.1537351153250839	1.1537351153250899	0.9999999999999948	FN	FN
YALI0B00792g	YALI1B00908g	YALI1_B00908g	66	essential	0.9999999999999999	FN	native	1.153735115325087	1.1537351153250899	0.9999999999999974	FN	FN
YALI0B00704g	YALI1B01136g	YALI1_B01136g	1406	essential	1.0000000000000016	FN	native	0.7286036024777124	1.1537351153250899	0.6315172285212213	FN	FN
YALI0B01364g	YALI1B02345g	YALI1_B02345g	71	essential	0.0	TP	native	0.0	1.1537351153250899	0.0	TP	TP
YALI0B01540g	YALI1B02487g	YALI1_B02487g	681	essential	0.9999999999999964	FN	native	0.5565324815002209	1.1537351153250899	0.482374571171309	FN	FN
YALI0B01826g	YALI1B02806g	YALI1_B02806g	72	essential	0.9999999999999882	FN	native	1.1537351153250868	1.1537351153250899	0.9999999999999973	FN	FN
YALI0B02376g	YALI1B03719g	YALI1_B03719g	682	essential	1.0000000000000127	FN	native	1.153735115325087	1.1537351153250899	0.9999999999999974	FN	FN
YALI0B02728g	YALI1B04138g	YALI1_B04138g	891	essential	0.9999999999999882	FN	native	1.1537351153250863	1.1537351153250899	0.9999999999999969	FN	FN
YALI0B02948g	YALI1B04433g	YALI1_B04433g	893	essential	0.9999999999999882	FN	native	1.0895321388778088	1.1537351153250899	0.9443520652232289	FN	FN
YALI0B03630g	YALI1B05072g	YALI1_B05072g	683	essential	0.9999999999999882	FN	native	1.1537351153250865	1.1537351153250899	0.9999999999999971	FN	FN
YALI0B03982g	YALI1B05364g	YALI1_B05364g	81	essential	0.9999999999999977	FN	native	1.1537351153250857	1.1537351153250899	0.9999999999999963	FN	FN
YALI0B04180g	YALI1B05571g	YALI1_B05571g	82	essential	0.0	TP	native	1.1537351153250857	1.1537351153250899	0.9999999999999963	FN	TP
YALI0B04312g	YALI1B05798g	YALI1_B05798g	1544	essential	0.9999999999999982	FN	native	0.0	1.1537351153250899	0.0	TP	FN
YALI0B05126G	YALI1B07094g	YALI1_B07094g	86	essential	0.0	TP	native	0.0	1.1537351153250899	0.0	TP	TP
YALI0B05368g	YALI1B07366g	YALI1_B07366g	687	essential	0.0	TP	native	0.0	1.1537351153250899	0.0	TP	TP
YALI0B05918g	YALI1B07957g	YALI1_B07957g	899	essential	0.9999999999999882	FN	native	1.1537351153250857	1.1537351153250899	0.9999999999999963	FN	FN
YALI0B06831g	YALI1B08885g	YALI1_B08885g	93	essential	0.9999999999999895	FN	native	1.1537351153250865	1.1537351153250899	0.9999999999999971	FN	FN
YALI0B06941g	YALI1B09025g	YALI1_B09025g	95	essential	0.9999999999999895	FN	native	1.1537351153250863	1.1537351153250899	0.9999999999999969	FN	FN
YALI0B07447g	YALI1B09592g	YALI1_B09592g	903	essential	0.0	TP	native	0.0	1.1537351153250899	0.0	TP	TP
YALI0B08536g	YALI1B11532g	YALI1_B11532g	97	essential	0.9999999999999841	FN	native	1.151415538534027	1.1537351153250899	0.9979895066378306	FN	FN
YALI0B11330g	YALI1B15015g	YALI1_B15015g	917	essential	0.9999999999999883	FN	native	1.1537351153250859	1.1537351153250899	0.9999999999999966	FN	FN
YALI0B14399g	YALI1B18955g	YALI1_B18955g	126	essential	0.0	TP	native	0.0	1.1537351153250899	0.0	TP	TP
YALI0B14509g	YALI1B19079g	YALI1_B19079g	127	essential	0.0	TP	native	0.0	1.1537351153250899	0.0	TP	TP
YALI0B15059g	YALI1B19844g	YALI1_B19844g	132	essential	0.0	TP	native	0.0	1.1537351153250899	0.0	TP	TP
YALI0B15304g	YALI1B20153g	YALI1_B20153g	136	essential	0.020804215452188645	TP	native	0.0	1.1537351153250899	0.0	TP	TP
YALI0B15444g	YALI1B20289g	YALI1_B20289g	1388	essential	0.04790423872092689	TP	native	0.0	1.1537351153250899	0.0	TP	TP
YALI0B15598g	YALI1B20462g	YALI1_B20462g	140	essential	0.9999999999999741	FN	native	0.0	1.1537351153250899	0.0	TP	FN
YALI0B16038g	YALI1B21004g	YALI1_B21004g	146	essential	0.0	TP	native	0.0	1.1537351153250899	0.0	TP	TP
YALI0B16104g	YALI1B21070g	YALI1_B21070g	147	essential	0.0	TP	native	0.0	1.1537351153250899	0.0	TP	TP
YALI0B16126g	YALI1B21088g	YALI1_B21088g	148	essential	0.9999999999999882	FN	native	1.1537351153250872	1.1537351153250899	0.9999999999999977	FN	FN
YALI0B16324g	YALI1B21313g	YALI1_B21313g	930	essential	0.9999999999999926	FN	native	1.153735115325087	1.1537351153250899	0.9999999999999974	FN	FN
YALI0B16390g	YALI1B21356g	YALI1_B21356g	931	essential	0.9999999999999882	FN	native	1.1537351153250872	1.1537351153250899	0.9999999999999977	FN	FN
YALI0B17402g	YALI1B22614g	YALI1_B22614g	161	essential	0.020804215451704706	TP	native	0.0	1.1537351153250899	0.0	TP	TP
YALI0B17644g	YALI1B22820g	YALI1_B22820g	702	essential	0.0	TP	native	0.0	1.1537351153250899	0.0	TP	TP
YALI0B17666g	YALI1B22853g	YALI1_B22853g	934	essential	0.11002421982935918	FN	native	0.0	1.1537351153250899	0.0	TP	FN
YALI0B17688g	YALI1B22883g	YALI1_B22883g	935	essential	0.9999999999999882	FN	native	1.153735115325087	1.1537351153250899	0.9999999999999974	FN	FN
YALI0B18348g	YALI1B23834g	YALI1_B23834g	703	essential	0.0	TP	native	0.0	1.1537351153250899	0.0	TP	TP
YALI0B19382g	YALI1B25427g	YALI1_B25427g	169	essential	0.0	TP	native	0.0	1.1537351153250899	0.0	TP	TP
YALI0B20196g	YALI1B26350g	YALI1_B26350g	171	essential	0.9999999999999881	FN	native	1.1537351153250843	1.1537351153250899	0.9999999999999952	FN	FN
YALI0B20372g	YALI1B26679g	YALI1_B26679g	173	essential	0.9999999999999926	FN	native	1.1537351153250843	1.1537351153250899	0.9999999999999952	FN	FN
YALI0B20438g	YALI1B26749g	YALI1_B26749g	174	essential	1.0000000000000107	FN	native	1.1497884237022415	1.1537351153250899	0.996579204732157	FN	FN
YALI0B21428g	YALI1B27874g	YALI1_B27874g	181	essential	0.0	TP	native	0.0	1.1537351153250899	0.0	TP	TP
YALI0B22066g	YALI1B28659g	YALI1_B28659g	182	essential	1.0000000000000406	FN	native	1.1537351153250839	1.1537351153250899	0.9999999999999948	FN	FN
YALI0B23188g	YALI1B30090g	YALI1_B30090g	188	essential	0.020804215451913136	TP	native	0.0	1.1537351153250899	0.0	TP	TP
YALI0B23298g	YALI1B30181g	YALI1_B30181g	956	essential	0.0	TP	native	0.0	1.1537351153250899	0.0	TP	TP
YALI0C01716g	YALI1C02391g	YALI1_C02391g	709	essential	1.0000000000000022	FN	native	1.153735115325086	1.1537351153250899	0.9999999999999968	FN	FN
YALI0C03179g	YALI1C04265g	YALI1_C04265g	968	essential	1.000000000000034	FN	native	1.153735115325086	1.1537351153250899	0.9999999999999968	FN	FN
YALI0C05170g	YALI1C06626g	YALI1_C06626g	977	essential	0.08516849581212876	TP	native	0.0	1.1537351153250899	0.0	TP	TP
YALI0C05951g	YALI1C07638g	YALI1_C07638g	981	essential	0.9999999999999873	FN	native	0.0	1.1537351153250899	0.0	TP	FN
YALI0C06083g	YALI1C07816g	YALI1_C07816g	192	essential	0.9999999999999883	FN	native	1.153735115325083	1.1537351153250899	0.999999999999994	FN	FN
YALI0C06369g	YALI1C08262g	YALI1_C08262g	193	essential	0.9999999999999885	FN	native	0.5172149128828192	1.1537351153250899	0.44829606554627804	FN	FN
YALI0C06490g	YALI1C08702g	YALI1_C08702g	195	essential	0.9999999999999882	FN	native	0.0	1.1537351153250899	0.0	TP	FN
YALI0C06776g	YALI1C09033g	YALI1_C09033g	985	essential	0.9697545335909505	FN	native	1.1042623500248252	1.1537351153250899	0.9571194768685491	FN	FN
YALI0C06996g	YALI1C09380g	YALI1_C09380g	196	essential	0.9999999999999873	FN	native	1.153735115325086	1.1537351153250899	0.9999999999999968	FN	FN
YALI0C07128g	YALI1C09467g	YALI1_C09467g	197	essential	0.08516849581212876	TP	native	0.0	1.1537351153250899	0.0	TP	TP
YALI0C10901g	YALI1C15297g	YALI1_C15297g	1003	essential	0.0	TP	native	0.0	1.1537351153250899	0.0	TP	TP
YALI0C11407g	YALI1C15991g	YALI1_C15991g	1004	essential	0.9999999999999853	FN	native	0.0	1.1537351153250899	0.0	TP	FN
YALI0C11880g	YALI1C16621g	YALI1_C16621g	1006	essential	0.9138898891378853	FN	native	1.128489102097001	1.1537351153250899	0.9781180160916093	FN	FN
YALI0C12771g	YALI1C17947g	YALI1_C17947g	1009	essential	0.0	TP	native	0.0	1.1537351153250899	0.0	TP	TP
YALI0C15224g	YALI1C21487g	YALI1_C21487g	1018	essential	0.0	TP	native	1.1537351153250854	1.1537351153250899	0.9999999999999961	FN	TP
YALI0C17831g	YALI1C25029g	YALI1_C25029g	1026	essential	0.9999999999999998	FN	native	1.1537351153250832	1.1537351153250899	0.9999999999999942	FN	FN
YALI0C18535g	YALI1C25782g	YALI1_C25782g	1030	essential	0.9999999999999998	FN	native	1.153735115325083	1.1537351153250899	0.999999999999994	FN	FN
YALI0C18755g	YALI1C26017g	YALI1_C26017g	1032	essential	0.999999999999968	FN	native	1.1537351153250832	1.1537351153250899	0.9999999999999942	FN	FN
YALI0C19965g	YALI1C27933g	YALI1_C27933g	1555	essential	1.0000000000000029	FN	native	1.1537351153250832	1.1537351153250899	0.9999999999999942	FN	FN
YALI0C21626g	YALI1C29920g	YALI1_C29920g	1601	essential	0.999999999999983	FN	native	1.1537351153250832	1.1537351153250899	0.9999999999999942	FN	FN
YALI0C23364g	YALI1C32184g	YALI1_C32184g	1053	essential	0.9999999999999795	FN	native	0.0	1.1537351153250899	0.0	TP	FN
YALI0C23408g	YALI1C32276g	YALI1_C32276g	1054	essential	0.15656236468011034	FN	native	0.0	1.1537351153250899	0.0	TP	FN
YALI0C23969g	YALI1C33005g	YALI1_C33005g	1055	essential	0.999999999999968	FN	native	0.0	1.1537351153250899	0.0	TP	FN
YALI0D00737g	YALI1D00766g	YALI1_D00766g	1061	essential	0.9999999999999795	FN	native	1.153735115325084	1.1537351153250899	0.999999999999995	FN	FN
YALI0D01089g	YALI1D01188g	YALI1_D01188g	722	essential	0.14577805578112596	FN	native	0.0	1.1537351153250899	0.0	TP	FN
YALI0D03069g	YALI1D03865g	YALI1_D03865g	221	essential	1.0000000000000344	FN	native	0.0	1.1537351153250899	0.0	TP	FN
YALI0D03135g	YALI1D03952g	YALI1_D03952g	222	essential	0.15656236468011034	FN	native	0.0	1.1537351153250899	0.0	TP	FN
YALI0D03179g	YALI1D04055g	YALI1_D04055g	723	essential	0.9999999999999928	FN	native	1.1537351153250888	1.1537351153250899	0.999999999999999	FN	FN
YALI0D03619g	YALI1D04566g	YALI1_D04566g	225	essential	1.0000000000000204	FN	native	1.1537351153250837	1.1537351153250899	0.9999999999999946	FN	FN
YALI0D04422g	YALI1D05474g	YALI1_D05474g	1073	essential	0.0	TP	native	0.0	1.1537351153250899	0.0	TP	TP
YALI0D05467g	YALI1D07089g	YALI1_D07089g	235	essential	1.0000000000000246	FN	native	1.153735115325084	1.1537351153250899	0.999999999999995	FN	FN
YALI0D05621g	YALI1D07232g	YALI1_D07232g	236	essential	0.0	TP	native	1.1537351153250859	1.1537351153250899	0.9999999999999966	FN	TP
YALI0D06281g	YALI1D08050g	YALI1_D08050g	239	essential	0.0	TP	native	0.0	1.1537351153250899	0.0	TP	TP
YALI0D06303g	YALI1D08082g	YALI1_D08082g	240	essential	1.0000000000000073	FN	native	1.1537351153250868	1.1537351153250899	0.9999999999999973	FN	FN
YALI0D06501g	YALI1D08339g	YALI1_D08339g	725	essential	1.000000000000003	FN	native	1.1537351153250868	1.1537351153250899	0.9999999999999973	FN	FN
YALI0D08514g	YALI1D10930g	YALI1_D10930g	253	essential	0.0	TP	native	0.0	1.1537351153250899	0.0	TP	TP
YALI0D08558g	YALI1D11015g	YALI1_D11015g	1088	essential	1.000000000000003	FN	native	1.153735115325085	1.1537351153250899	0.9999999999999958	FN	FN
YALI0D09361g	YALI1D11984g	YALI1_D11984g	257	essential	0.9999999999999842	FN	native	1.1537351153250837	1.1537351153250899	0.9999999999999946	FN	FN
YALI0D09867g	YALI1D12493g	YALI1_D12493g	730	essential	0.9985539228140429	FN	native	1.1537351153250877	1.1537351153250899	0.9999999999999981	FN	FN
YALI0D11374g	YALI1D14260g	YALI1_D14260g	733	essential	0.9999999999999869	FN	native	1.1264510890679822	1.1537351153250899	0.9763515681418609	FN	FN
YALI0D11704g	YALI1D14532g	YALI1_D14532g	1101	essential	0.14577805578112596	FN	native	0.0	1.1537351153250899	0.0	TP	FN
YALI0D13112g	YALI1D16290g	YALI1_D16290g	276	essential	0.0	TP	native	0.0	1.1537351153250899	0.0	TP	TP
YALI0D13596g	YALI1D16809g	YALI1_D16809g	1111	essential	0.14577805578112596	FN	native	0.0	1.1537351153250899	0.0	TP	FN
YALI0D14762g	YALI1D17983g	YALI1_D17983g	284	essential	1.0000000000000249	FN	native	1.1537351153250863	1.1537351153250899	0.9999999999999969	FN	FN
YALI0D14850g	YALI1D18037g	YALI1_D18037g	1605	essential	1.0000000000000249	FN	native	1.1537351153250812	1.1537351153250899	0.9999999999999925	FN	FN
YALI0D14894g	YALI1D18130g	YALI1_D18130g	1115	essential	0.11002421982935918	FN	native	0.0	1.1537351153250899	0.0	TP	FN
YALI0D15268g	YALI1D18577g	YALI1_D18577g	1116	essential	0.0	TP	native	1.1537351153250865	1.1537351153250899	0.9999999999999971	FN	TP
YALI0D15620g	YALI1D19110g	YALI1_D19110g	287	essential	1.000000000000018	FN	native	1.1537351153250865	1.1537351153250899	0.9999999999999971	FN	FN
YALI0D16357g	YALI1D20222g	YALI1_D20222g	289	essential	0.9705218581245321	FN	native	0.9884835601330708	1.1537351153250899	0.8567682018194828	FN	FN
YALI0D16643g	YALI1D20473g	YALI1_D20473g	1120	essential	0.0	TP	native	1.1537351153250863	1.1537351153250899	0.9999999999999969	FN	TP
YALI0D16753g	YALI1D20676g	YALI1_D20676g	1515	essential	1.0000000000000198	FN	native	1.1422558670587344	1.1537351153250899	0.9900503606816882	FN	FN
YALI0D19206g	YALI1D24361g	YALI1_D24361g	1127	essential	0.0	TP	native	0.0	1.1537351153250899	0.0	TP	TP
YALI0D19426g	YALI1D24649g	YALI1_D24649g	293	essential	1.0000000000000089	FN	native	1.1537351153250863	1.1537351153250899	0.9999999999999969	FN	FN
YALI0D20152g	YALI1D25450g	YALI1_D25450g	744	essential	0.0	TP	native	0.0	1.1537351153250899	0.0	TP	TP
YALI0D20768g	YALI1D26360g	YALI1_D26360g	298	essential	1.0000000000000089	FN	native	1.153240335024151	1.1537351153250899	0.9995711491360826	FN	FN
YALI0D21530g	YALI1D27148g	YALI1_D27148g	300	essential	0.0	TP	native	0.0	1.1537351153250899	0.0	TP	TP
YALI0D21604g	YALI1D27274g	YALI1_D27274g	301	essential	1.0000000000000224	FN	native	1.1537351153250852	1.1537351153250899	0.999999999999996	FN	FN
YALI0D22891g	YALI1D29481g	YALI1_D29481g	1526	essential	0.04790423872092689	TP	native	0.0	1.1537351153250899	0.0	TP	TP
YALI0D23397g	YALI1D30256g	YALI1_D30256g	306	essential	0.9999999999999701	FN	native	1.126451089067984	1.1537351153250899	0.9763515681418624	FN	FN
YALI0D23639g	YALI1D30570g	YALI1_D30570g	310	essential	1.0000000000000224	FN	native	1.1537351153250865	1.1537351153250899	0.9999999999999971	FN	FN
YALI0D24629g	YALI1D32594g	YALI1_D32594g	753	essential	1.0000000000000067	FN	native	1.1537351153250852	1.1537351153250899	0.999999999999996	FN	FN
YALI0D25234g	YALI1D33465g	YALI1_D33465g	1492	essential	1.0000000000000124	FN	native	1.153735115325091	1.1537351153250899	1.0000000000000009	FN	FN
YALI0D25476g	YALI1D33780g	YALI1_D33780g	1147	essential	1.0000000000000013	FN	native	1.1537351153250848	1.1537351153250899	0.9999999999999956	FN	FN
YALI0D25564g	YALI1D33889g	YALI1_D33889g	754	essential	1.0000000000000013	FN	native	1.1537351153250872	1.1537351153250899	0.9999999999999977	FN	FN
YALI0D25938g	YALI1D34288g	YALI1_D34288g	1150	essential	1.000000000000019	FN	native	1.1537351153250823	1.1537351153250899	0.9999999999999934	FN	FN
YALI0D26367g	YALI1D34865g	YALI1_D34865g	319	essential	0.11002421982935918	FN	native	0.0	1.1537351153250899	0.0	TP	FN
YALI0E00770g	YALI1E01159g	YALI1_E01159g	1157	essential	1.0000000000000124	FN	native	1.1537351153250899	1.1537351153250899	1.0	FN	FN
YALI0E01254g	YALI1E01793g	YALI1_E01793g	333	essential	0.08516849581212876	TP	native	0.0	1.1537351153250899	0.0	TP	TP
YALI0E02288g	YALI1E02885g	YALI1_E02885g	1554	essential	0.9999999999999883	FN	native	1.1537351153250877	1.1537351153250899	0.9999999999999981	FN	FN
YALI0E02728g	YALI1E03387g	YALI1_E03387g	1452	essential	0.04790423872092689	TP	native	0.0	1.1537351153250899	0.0	TP	TP
YALI0E03146g	YALI1E03762g	YALI1_E03762g	340	essential	0.0	TP	native	0.0	1.1537351153250899	0.0	TP	TP
YALI0E04939g	YALI1E05833g	YALI1_E05833g	347	essential	1.0000000000000155	FN	native	1.1537351153250868	1.1537351153250899	0.9999999999999973	FN	FN
YALI0E05005g	YALI1E05907g	YALI1_E05907g	349	essential	0.0	TP	native	1.1537351153250834	1.1537351153250899	0.9999999999999944	FN	TP
YALI0E05027g	YALI1E05929g	YALI1_E05929g	350	essential	1.0000000000000067	FN	native	1.1537351153250877	1.1537351153250899	0.9999999999999981	FN	FN
YALI0E05049g	YALI1E05963g	YALI1_E05963g	1177	essential	0.08516849581212876	TP	native	0.0	1.1537351153250899	0.0	TP	TP
YALI0E05137g	YALI1E06015g	YALI1_E06015g	351	essential	1.0000000000000064	FN	native	1.153735115325087	1.1537351153250899	0.9999999999999974	FN	FN
YALI0E05753g	YALI1E06759g	YALI1_E06759g	353	essential	0.0	TP	native	0.0	1.1537351153250899	0.0	TP	TP
YALI0E06061g	YALI1E07347g	YALI1_E07347g	1178	essential	0.0	TP	native	0.0	1.1537351153250899	0.0	TP	TP
YALI0E06193g	YALI1E07506g	YALI1_E07506g	765	essential	0.0	TP	native	0.0	1.1537351153250899	0.0	TP	TP
YALI0E06479g	YALI1E07744g	YALI1_E07744g	358	essential	1.0000000000000022	FN	native	0.0	1.1537351153250899	0.0	TP	FN
YALI0E07073g	YALI1E08382g	YALI1_E08382g	768	essential	0.9985539228140285	FN	native	1.1537351153250843	1.1537351153250899	0.9999999999999952	FN	FN
YALI0E09276g	YALI1E11415g	YALI1_E11415g	366	essential	0.999999999999988	FN	native	1.1537351153250848	1.1537351153250899	0.9999999999999956	FN	FN
YALI0E10144g	YALI1E12730g	YALI1_E12730g	773	essential	1.0000000000000089	FN	native	0.5565324815002228	1.1537351153250899	0.4823745711713106	FN	FN
YALI0E12441g	YALI1E15432g	YALI1_E15432g	776	essential	0.0	TP	native	0.0	1.1537351153250899	0.0	TP	TP
YALI0E12628g	YALI1E15606g	YALI1_E15606g	1497	essential	1.0000000000000067	FN	native	0.5565324815002198	1.1537351153250899	0.482374571171308	FN	FN
YALI0E12683g	YALI1E15659g	YALI1_E15659g	384	essential	0.08007917143739848	TP	native	0.0	1.1537351153250899	0.0	TP	TP
YALI0E13662g	YALI1E16694g	YALI1_E16694g	389	essential	1.0000000000000167	FN	native	1.1537351153250868	1.1537351153250899	0.9999999999999973	FN	FN
YALI0E14102g	YALI1E17162g	YALI1_E17162g	392	essential	0.9999999999999929	FN	native	1.1537351153250897	1.1537351153250899	0.9999999999999998	FN	FN
YALI0E14443g	YALI1E17431g	YALI1_E17431g	1202	essential	0.0	TP	native	0.0	1.1537351153250899	0.0	TP	TP
YALI0E14597g	YALI1E17574g	YALI1_E17574g	395	essential	0.0	TP	native	1.153735115325087	1.1537351153250899	0.9999999999999974	FN	TP
YALI0E15730g	YALI1E18961g	YALI1_E18961g	402	essential	0.0	TP	native	0.0	1.1537351153250899	0.0	TP	TP
YALI0E16434g	YALI1E19647g	YALI1_E19647g	1461	essential	1.0000000000000204	FN	native	1.1537351153250786	1.1537351153250899	0.9999999999999902	FN	FN
YALI0E16709g	YALI1E19902g	YALI1_E19902g	1205	essential	0.9999999999999724	FN	native	0.5565324815002218	1.1537351153250899	0.4823745711713098	FN	FN
YALI0E16929g	YALI1E20192g	YALI1_E20192g	407	essential	0.9999999999999724	FN	native	1.1532403350241498	1.1537351153250899	0.9995711491360817	FN	FN
YALI0E17347g	YALI1E20626g	YALI1_E20626g	411	essential	0.9999999999999724	FN	native	1.1537351153250879	1.1537351153250899	0.9999999999999982	FN	FN
YALI0E17479g	YALI1E20751g	YALI1_E20751g	413	essential	0.17643268944050078	FN	native	0.0	1.1537351153250899	0.0	TP	FN
YALI0E17919g	YALI1E21230g	YALI1_E21230g	415	essential	0.9999999999999724	FN	native	1.1537351153250892	1.1537351153250899	0.9999999999999994	FN	FN
YALI0E17963g	YALI1E21312g	YALI1_E21312g	416	essential	0.9999999999999893	FN	native	1.1537351153250905	1.1537351153250899	1.0000000000000007	FN	FN
YALI0E17985g	YALI1E21345g	YALI1_E21345g	1207	essential	0.0	TP	native	1.1537351153250892	1.1537351153250899	0.9999999999999994	FN	TP
YALI0E18942g	YALI1E22718g	YALI1_E22718g	1210	essential	0.9999999999999724	FN	native	1.1537351153250786	1.1537351153250899	0.9999999999999902	FN	FN
YALI0E18964g	YALI1E22736g	YALI1_E22736g	1211	essential	0.9999999999999724	FN	native	0.0	1.1537351153250899	0.0	TP	FN
YALI0E21021g	YALI1E25018g	YALI1_E25018g	432	essential	1.0000000000000366	FN	native	0.0	1.1537351153250899	0.0	TP	FN
YALI0E21351g	YALI1E25443g	YALI1_E25443g	436	essential	0.9999999999999893	FN	native	1.1537351153250945	1.1537351153250899	1.000000000000004	FN	FN
YALI0E22649g	YALI1E26811g	YALI1_E26811g	1221	essential	0.9999999999999893	FN	native	1.126253921953455	1.1537351153250899	0.9761806735301705	FN	FN
YALI0E22979g	YALI1E27144g	YALI1_E27144g	444	essential	0.0	TP	native	1.1537351153250848	1.1537351153250899	0.9999999999999956	FN	TP
YALI0E24497g	YALI1E29179g	YALI1_E29179g	787	essential	1.0000000000000064	FN	native	1.153735115325084	1.1537351153250899	0.999999999999995	FN	FN
YALI0E24607g	YALI1E29319g	YALI1_E29319g	1226	essential	0.0	TP	native	1.153735115325084	1.1537351153250899	0.999999999999995	FN	TP
YALI0E26004g	YALI1E30886g	YALI1_E30886g	1230	essential	0.9705218581245464	FN	native	0.9884835601330725	1.1537351153250899	0.8567682018194842	FN	FN
YALI0E27005g	YALI1E31947g	YALI1_E31947g	792	essential	1.0000000000000366	FN	native	1.115731760764971	1.1537351153250899	0.9670605895102616	FN	FN
YALI0E28153g	YALI1E33150g	YALI1_E33150g	1236	essential	0.999999999999982	FN	native	1.1537351153250908	1.1537351153250899	1.0000000000000007	FN	FN
YALI0E28468g	YALI1E33633g	YALI1_E33633g	796	essential	0.0	TP	native	1.1537351153250908	1.1537351153250899	1.0000000000000007	FN	TP
YALI0E28963g	YALI1E34269g	YALI1_E34269g	1238	essential	0.039900776310720754	TP	native	0.0	1.1537351153250899	0.0	TP	TP
YALI0E29139g	YALI1E34408g	YALI1_E34408g	479	essential	0.999999999999982	FN	native	1.153735115325082	1.1537351153250899	0.9999999999999932	FN	FN
YALI0E29579g	YALI1E35005g	YALI1_E35005g	483	essential	0.0	TP	native	0.0	1.1537351153250899	0.0	TP	TP
YALI0E29667g	YALI1E35082g	YALI1_E35082g	1245	essential	1.0000000000000064	FN	native	1.1264510890679862	1.1537351153250899	0.9763515681418643	FN	FN
YALI0E30129g	YALI1E35520g	YALI1_E35520g	485	essential	1.0000000000000366	FN	native	1.1537351153250879	1.1537351153250899	0.9999999999999982	FN	FN
YALI0E30481g	YALI1E35815g	YALI1_E35815g	487	essential	1.0000000000000067	FN	native	1.1536547985485839	1.1537351153250899	0.9999303854277822	FN	FN
YALI0E31797g	YALI1E37764g	YALI1_E37764g	1247	essential	1.0000000000000113	FN	native	1.153735115325086	1.1537351153250899	0.9999999999999968	FN	FN
YALI0E33033g	YALI1E39221g	YALI1_E39221g	504	essential	0.02080421545170529	TP	native	0.0	1.1537351153250899	0.0	TP	TP
YALI0E33517g	YALI1E39693g	YALI1_E39693g	1252	essential	0.9999999999999701	FN	native	1.153240335024151	1.1537351153250899	0.9995711491360826	FN	FN
YALI0E33957g	YALI1E40305g	YALI1_E40305g	507	essential	0.08516849581212876	TP	native	0.0	1.1537351153250899	0.0	TP	TP
YALI0E34037g	YALI1E40361g	YALI1_E40361g	1256	essential	1.0000000000000249	FN	native	0.5565324815002242	1.1537351153250899	0.4823745711713118	FN	FN
YALI0F00506g	YALI1F00821g	YALI1_F00821g	513	essential	0.9999999999999913	FN	native	0.0	1.1537351153250899	0.0	TP	FN
YALI0F00924g	YALI1F01456g	YALI1_F01456g	1260	essential	0.9999999999999968	FN	native	1.1537351153250868	1.1537351153250899	0.9999999999999973	FN	FN
YALI0F01771g	YALI1F02758g	YALI1_F02758g	1577	essential	0.9999999999999968	FN	native	0.5565324815002227	1.1537351153250899	0.4823745711713105	FN	FN
YALI0F02299g	YALI1F03527g	YALI1_F03527g	516	essential	1.0000000000000064	FN	native	1.1537351153250872	1.1537351153250899	0.9999999999999977	FN	FN
YALI0F02497g	YALI1F03803g	YALI1_F03803g	521	essential	1.0000000000000064	FN	native	0.0	1.1537351153250899	0.0	TP	FN
YALI0F02629g	YALI1F03908g	YALI1_F03908g	523	essential	1.0000000000000269	FN	native	1.1537351153250839	1.1537351153250899	0.9999999999999948	FN	FN
YALI0F03567g	YALI1F05089g	YALI1_F05089g	1537	essential	0.9999999999999892	FN	native	0.5565324815002216	1.1537351153250899	0.48237457117130955	FN	FN
YALI0F04015g	YALI1F06018g	YALI1_F06018g	801	essential	0.0	TP	native	0.0	1.1537351153250899	0.0	TP	TP
YALI0F05192g	YALI1F07827g	YALI1_F07827g	1278	essential	0.08516849581212876	TP	native	0.0	1.1537351153250899	0.0	TP	TP
YALI0F05214g	YALI1F07847g	YALI1_F07847g	536	essential	0.9999999999999892	FN	native	0.9924760764279678	1.1537351153250899	0.8602287156253505	FN	FN
YALI0F05610g	YALI1F08349g	YALI1_F08349g	805	essential	1.0000000000000064	FN	native	1.1537351153250874	1.1537351153250899	0.9999999999999979	FN	FN
YALI0F06468g	YALI1F09598g	YALI1_F09598g	554	essential	0.9817132964321588	FN	native	1.1497884237022402	1.1537351153250899	0.9965792047321559	FN	FN
YALI0F07711g	YALI1F11049g	YALI1_F11049g	559	essential	0.8643869231239302	FN	native	1.1410809127987793	1.1537351153250899	0.9890319689864472	FN	FN
YALI0F08613g	YALI1F12013g	YALI1_F12013g	567	essential	0.9999999999999876	FN	native	0.5565324815002262	1.1537351153250899	0.4823745711713135	FN	FN
YALI0F08701g	YALI1F12138g	YALI1_F12138g	1292	essential	0.0	TP	native	1.1537351153250832	1.1537351153250899	0.9999999999999942	FN	TP
YALI0F09185g	YALI1F12842g	YALI1_F12842g	572	essential	1.0000000000000064	FN	native	1.0648664314269127	1.1537351153250899	0.9229730613918807	FN	FN
YALI0F09449g	YALI1F13039g	YALI1_F13039g	808	essential	0.9999999999999883	FN	native	1.1537351153250865	1.1537351153250899	0.9999999999999971	FN	FN
YALI0F11231g	YALI1F14882g	YALI1_F14882g	576	essential	1.0000000000000115	FN	native	1.1537351153250828	1.1537351153250899	0.9999999999999939	FN	FN
YALI0F11297g	YALI1F14958g	YALI1_F14958g	577	essential	0.0	TP	native	0.0	1.1537351153250899	0.0	TP	TP
YALI0F11759g	YALI1F15517g	YALI1_F15517g	580	essential	0.0	TP	native	0.0	1.1537351153250899	0.0	TP	TP
YALI0F12639g	YALI1F16984g	YALI1_F16984g	809	essential	0.17643268944050078	FN	native	0.0	1.1537351153250899	0.0	TP	FN
YALI0F12749g	YALI1F17082g	YALI1_F17082g	584	essential	1.0000000000000144	FN	native	1.1537351153250865	1.1537351153250899	0.9999999999999971	FN	FN
YALI0F13453g	YALI1F17962g	YALI1_F17962g	811	essential	0.19187452903441157	FN	native	0.0	1.1537351153250899	0.0	TP	FN
YALI0F13541g	YALI1F18105g	YALI1_F18105g	813	essential	1.0000000000000115	FN	native	1.1537351153250832	1.1537351153250899	0.9999999999999942	FN	FN
YALI0F15345g	YALI1F20637g	YALI1_F20637g	591	essential	1.0000000000000115	FN	native	1.1537351153250825	1.1537351153250899	0.9999999999999937	FN	FN
YALI0F15587g	YALI1F20914g	YALI1_F20914g	594	essential	1.0000000000000004	FN	native	1.1537351153250832	1.1537351153250899	0.9999999999999942	FN	FN
YALI0F16291g	YALI1F21769g	YALI1_F21769g	598	essential	0.0	TP	native	1.1537351153250872	1.1537351153250899	0.9999999999999977	FN	TP
YALI0F16819g	YALI1F22436g	YALI1_F22436g	599	essential	1.0000000000000107	FN	native	1.060809381777457	1.1537351153250899	0.9194566132959826	FN	FN
YALI0F18216g	YALI1F24171g	YALI1_F24171g	1325	essential	0.9999999999999926	FN	native	1.1537351153250868	1.1537351153250899	0.9999999999999973	FN	FN
YALI0F19448g	YALI1F25908g	YALI1_F25908g	822	essential	1.0000000000000107	FN	native	1.1537351153250817	1.1537351153250899	0.9999999999999929	FN	FN
YALI0F19470g	YALI1F25924g	YALI1_F25924g	1331	essential	0.9999999999999926	FN	native	1.1537351153250868	1.1537351153250899	0.9999999999999973	FN	FN
YALI0F20218g	YALI1F26873g	YALI1_F26873g	610	essential	0.0	TP	native	1.1537351153250817	1.1537351153250899	0.9999999999999929	FN	TP
YALI0F20328g	YALI1F27002g	YALI1_F27002g	825	essential	0.0	TP	native	0.0	1.1537351153250899	0.0	TP	TP
YALI0F20702g	YALI1F27556g	YALI1_F27556g	616	essential	1.0000000000000286	FN	native	1.1157317607649762	1.1537351153250899	0.967060589510266	FN	FN
YALI0F20790g	YALI1F27686g	YALI1_F27686g	618	essential	1.0000000000000286	FN	native	1.1537351153250843	1.1537351153250899	0.9999999999999952	FN	FN
YALI0F20900g	YALI1F27761g	YALI1_F27761g	619	essential	1.0000000000000064	FN	native	1.1537351153250872	1.1537351153250899	0.9999999999999977	FN	FN
YALI0F21010g	YALI1F27904g	YALI1_F27904g	620	essential	0.020804215450586545	TP	native	0.0	1.1537351153250899	0.0	TP	TP
YALI0F23221g	YALI1F30459g	YALI1_F30459g	829	essential	0.19187452903441157	FN	native	0.0	1.1537351153250899	0.0	TP	FN
YALI0F23727g	YALI1F31135g	YALI1_F31135g	830	essential	1.0000000000000064	FN	native	1.1537351153250857	1.1537351153250899	0.9999999999999963	FN	FN
YALI0F23837g	YALI1F31283g	YALI1_F31283g	634	essential	1.0000000000000113	FN	native	1.1537351153250872	1.1537351153250899	0.9999999999999977	FN	FN
YALI0F26433g	YALI1F33819g	YALI1_F33819g	832	essential	1.0000000000000022	FN	native	1.1537351153250792	1.1537351153250899	0.9999999999999908	FN	FN
YALI0F26609g	YALI1F34051g	YALI1_F34051g	1356	essential	1.0000000000000093	FN	native	1.1537351153250877	1.1537351153250899	0.9999999999999981	FN	FN
YALI0F27665g	YALI1F35109g	YALI1_F35109g	1422	essential	0.9877362862917849	FN	native	1.1423087507993648	1.1537351153250899	0.9900961976679495	FN	FN
YALI0F29843g	YALI1F37354g	YALI1_F37354g	1366	essential	0.0	TP	native	1.1537351153250834	1.1537351153250899	0.9999999999999944	FN	TP
YALI0F30019g	YALI1F37559g	YALI1_F37559g	657	essential	0.020804215451703526	TP	native	0.0	1.1537351153250899	0.0	TP	TP
YALI0F30481g	YALI1F38116g	YALI1_F38116g	658	essential	0.986390078715598	FN	native	1.151415538534029	1.1537351153250899	0.9979895066378323	FN	FN
YALI0F30679g	YALI1F38317g	YALI1_F38317g	1371	essential	1.0000000000000062	FN	native	1.1537351153250865	1.1537351153250899	0.9999999999999971	FN	FN
YALI0F31273g	YALI1F38986g	YALI1_F38986g	659	essential	0.9999999999999827	FN	native	1.153735115325083	1.1537351153250899	0.999999999999994	FN	FN
YALI0F31735g	YALI1F39330g	YALI1_F39330g	662	essential	1.0000000000000164	FN	native	1.153735115325083	1.1537351153250899	0.999999999999994	FN	FN
YALI0F31999g	YALI1F39620g	YALI1_F39620g	1466	essential	1.0000000000000022	FN	native	1.153735115325083	1.1537351153250899	0.999999999999994	FN	FN
YALI0A00264g	YALI1A00309g	YALI1_A00309g	2	essential	0.0	TP	mapped28_po1f	1.2171871273706663	1.2171871273706656	1.0000000000000004	FN	TP
YALI0A02310g	YALI1A02775g	YALI1_A02775g	11	essential	1.0	FN	mapped28_po1f	0.0	1.2171871273706656	0.0	TP	FN
YALI0A02541g	YALI1A03069g	YALI1_A03069g	12	essential	0.9999999999999977	FN	mapped28_po1f	1.2171871273706714	1.2171871273706656	1.0000000000000047	FN	FN
YALI0A02915g	YALI1A03322g	YALI1_A03322g	16	essential	1.0000000000000016	FN	mapped28_po1f	0.5976970712083551	1.2171871273706656	0.4910478083180883	FN	FN
YALI0A09042g	YALI1A08781g	YALI1_A08781g	851	essential	0.9999999999999986	FN	mapped28_po1f	1.2171871273706714	1.2171871273706656	1.0000000000000047	FN	FN
YALI0A09427g	YALI1A09121g	YALI1_A09121g	32	essential	0.9999999999999986	FN	mapped28_po1f	1.2171871273706687	1.2171871273706656	1.0000000000000027	FN	FN
YALI0A09900g	YALI1A09766g	YALI1_A09766g	34	essential	1.0000000000000004	FN	mapped28_po1f	1.2171871273706714	1.2171871273706656	1.0000000000000047	FN	FN
YALI0A10032g	YALI1A09911g	YALI1_A09911g	35	essential	1.0000000000000004	FN	mapped28_po1f	1.2171871273706714	1.2171871273706656	1.0000000000000047	FN	FN
YALI0A10076g	YALI1A09939g	YALI1_A09939g	36	essential	0.0	TP	mapped28_po1f	0.0	1.2171871273706656	0.0	TP	TP
YALI0A10310g	YALI1A10254g	YALI1_A10254g	854	essential	1.0000000000000004	FN	mapped28_po1f	1.2171871273706714	1.2171871273706656	1.0000000000000047	FN	FN
YALI0A10659g	YALI1A10708g	YALI1_A10708g	856	essential	1.0000000000000004	FN	mapped28_po1f	1.2171871273706663	1.2171871273706656	1.0000000000000004	FN	FN
YALI0A11143g	YALI1A11258g	YALI1_A11258g	41	essential	1.0000000000000004	FN	mapped28_po1f	1.2171871273706687	1.2171871273706656	1.0000000000000027	FN	FN
YALI0A12045g	YALI1A12284g	YALI1_A12284g	671	essential	1.0000000000000004	FN	mapped28_po1f	1.2171871273706663	1.2171871273706656	1.0000000000000004	FN	FN
YALI0A13387g	YALI1A13454g	YALI1_A13454g	45	essential	1.0000000000000004	FN	mapped28_po1f	1.2171871273706663	1.2171871273706656	1.0000000000000004	FN	FN
YALI0A14784g	YALI1A14721g	YALI1_A14721g	46	essential	1.0000000000000004	FN	mapped28_po1f	1.2171871273706696	1.2171871273706656	1.0000000000000033	FN	FN
YALI0A15950g	YALI1A15879g	YALI1_A15879g	51	essential	0.08516849581212876	TP	mapped28_po1f	0.15942514004171557	1.2171871273706656	0.13097833230137867	FN	TP
YALI0A19206g	YALI1A20176g	YALI1_A20176g	677	essential	0.999999999999999	FN	mapped28_po1f	1.217101352473224	1.2171871273706656	0.9999295302295654	FN	FN
YALI0A20108g	YALI1A21156g	YALI1_A21156g	1446	essential	1.0000000000000009	FN	mapped28_po1f	1.217187127370674	1.2171871273706656	1.0000000000000069	FN	FN
YALI0B00572g	YALI1B00578g	YALI1_B00578g	65	essential	0.9999999999999883	FN	mapped28_po1f	1.2171871273706696	1.2171871273706656	1.0000000000000033	FN	FN
YALI0B00792g	YALI1B00908g	YALI1_B00908g	66	essential	0.9999999999999999	FN	mapped28_po1f	1.21718712737067	1.2171871273706656	1.0000000000000036	FN	FN
YALI0B00704g	YALI1B01136g	YALI1_B01136g	1406	essential	1.0000000000000016	FN	mapped28_po1f	0.8291966571231166	1.2171871273706656	0.6812400809022066	FN	FN
YALI0B01364g	YALI1B02345g	YALI1_B02345g	71	essential	0.0	TP	mapped28_po1f	0.0	1.2171871273706656	0.0	TP	TP
YALI0B01540g	YALI1B02487g	YALI1_B02487g	681	essential	0.9999999999999964	FN	mapped28_po1f	0.5976970712083578	1.2171871273706656	0.4910478083180905	FN	FN
YALI0B01826g	YALI1B02806g	YALI1_B02806g	72	essential	0.9999999999999882	FN	mapped28_po1f	1.217187127370669	1.2171871273706656	1.0000000000000027	FN	FN
YALI0B02376g	YALI1B03719g	YALI1_B03719g	682	essential	1.0000000000000127	FN	mapped28_po1f	1.2171871273706647	1.2171871273706656	0.9999999999999992	FN	FN
YALI0B02728g	YALI1B04138g	YALI1_B04138g	891	essential	0.9999999999999882	FN	mapped28_po1f	1.2171871273706667	1.2171871273706656	1.0000000000000009	FN	FN
YALI0B02948g	YALI1B04433g	YALI1_B04433g	893	essential	0.9999999999999882	FN	mapped28_po1f	1.1508463494958128	1.2171871273706656	0.9454966484749471	FN	FN
YALI0B03630g	YALI1B05072g	YALI1_B05072g	683	essential	0.9999999999999882	FN	mapped28_po1f	1.2171871273706691	1.2171871273706656	1.0000000000000029	FN	FN
YALI0B03982g	YALI1B05364g	YALI1_B05364g	81	essential	0.9999999999999977	FN	mapped28_po1f	1.217187127370672	1.2171871273706656	1.0000000000000053	FN	FN
YALI0B04180g	YALI1B05571g	YALI1_B05571g	82	essential	0.0	TP	mapped28_po1f	1.2171871273706678	1.2171871273706656	1.0000000000000018	FN	TP
YALI0B04312g	YALI1B05798g	YALI1_B05798g	1544	essential	0.9999999999999982	FN	mapped28_po1f	1.2171871273706696	1.2171871273706656	1.0000000000000033	FN	FN
YALI0B05126G	YALI1B07094g	YALI1_B07094g	86	essential	0.0	TP	mapped28_po1f	0.0	1.2171871273706656	0.0	TP	TP
YALI0B05368g	YALI1B07366g	YALI1_B07366g	687	essential	0.0	TP	mapped28_po1f	0.0	1.2171871273706656	0.0	TP	TP
YALI0B05918g	YALI1B07957g	YALI1_B07957g	899	essential	0.9999999999999882	FN	mapped28_po1f	1.2171871273706691	1.2171871273706656	1.0000000000000029	FN	FN
YALI0B06831g	YALI1B08885g	YALI1_B08885g	93	essential	0.9999999999999895	FN	mapped28_po1f	1.2171871273706696	1.2171871273706656	1.0000000000000033	FN	FN
YALI0B06941g	YALI1B09025g	YALI1_B09025g	95	essential	0.9999999999999895	FN	mapped28_po1f	1.2171871273706678	1.2171871273706656	1.0000000000000018	FN	FN
YALI0B07447g	YALI1B09592g	YALI1_B09592g	903	essential	0.0	TP	mapped28_po1f	0.0	1.2171871273706656	0.0	TP	TP
YALI0B08536g	YALI1B11532g	YALI1_B11532g	97	essential	0.9999999999999841	FN	mapped28_po1f	1.2147099771917205	1.2171871273706656	0.9979648567395745	FN	FN
YALI0B11330g	YALI1B15015g	YALI1_B15015g	917	essential	0.9999999999999883	FN	mapped28_po1f	1.217187127370669	1.2171871273706656	1.0000000000000027	FN	FN
YALI0B14399g	YALI1B18955g	YALI1_B18955g	126	essential	0.0	TP	mapped28_po1f	0.0	1.2171871273706656	0.0	TP	TP
YALI0B14509g	YALI1B19079g	YALI1_B19079g	127	essential	0.0	TP	mapped28_po1f	0.0	1.2171871273706656	0.0	TP	TP
YALI0B15059g	YALI1B19844g	YALI1_B19844g	132	essential	0.0	TP	mapped28_po1f	0.0	1.2171871273706656	0.0	TP	TP
YALI0B15304g	YALI1B20153g	YALI1_B20153g	136	essential	0.020804215452188645	TP	mapped28_po1f	0.03894299257163569	1.2171871273706656	0.03199425272904363	TP	TP
YALI0B15444g	YALI1B20289g	YALI1_B20289g	1388	essential	0.04790423872092689	TP	mapped28_po1f	0.08967113112659321	1.2171871273706656	0.07367078496820643	TP	TP
YALI0B15598g	YALI1B20462g	YALI1_B20462g	140	essential	0.9999999999999741	FN	mapped28_po1f	0.0	1.2171871273706656	0.0	TP	FN
YALI0B16038g	YALI1B21004g	YALI1_B21004g	146	essential	0.0	TP	mapped28_po1f	0.0	1.2171871273706656	0.0	TP	TP
YALI0B16104g	YALI1B21070g	YALI1_B21070g	147	essential	0.0	TP	mapped28_po1f	0.0	1.2171871273706656	0.0	TP	TP
YALI0B16126g	YALI1B21088g	YALI1_B21088g	148	essential	0.9999999999999882	FN	mapped28_po1f	1.2171871273706676	1.2171871273706656	1.0000000000000016	FN	FN
YALI0B16324g	YALI1B21313g	YALI1_B21313g	930	essential	0.9999999999999926	FN	mapped28_po1f	1.2171871273706683	1.2171871273706656	1.0000000000000022	FN	FN
YALI0B16390g	YALI1B21356g	YALI1_B21356g	931	essential	0.9999999999999882	FN	mapped28_po1f	1.217187127370667	1.2171871273706656	1.000000000000001	FN	FN
YALI0B17402g	YALI1B22614g	YALI1_B22614g	161	essential	0.020804215451704706	TP	mapped28_po1f	0.03894299257163532	1.2171871273706656	0.03199425272904332	TP	TP
YALI0B17644g	YALI1B22820g	YALI1_B22820g	702	essential	0.0	TP	mapped28_po1f	0.0	1.2171871273706656	0.0	TP	TP
YALI0B17666g	YALI1B22853g	YALI1_B22853g	934	essential	0.11002421982935918	FN	mapped28_po1f	0.20595240191510886	1.2171871273706656	0.16920356556842794	FN	FN
YALI0B17688g	YALI1B22883g	YALI1_B22883g	935	essential	0.9999999999999882	FN	mapped28_po1f	1.217187127370667	1.2171871273706656	1.000000000000001	FN	FN
YALI0B18348g	YALI1B23834g	YALI1_B23834g	703	essential	0.0	TP	mapped28_po1f	0.0	1.2171871273706656	0.0	TP	TP
YALI0B19382g	YALI1B25427g	YALI1_B25427g	169	essential	0.0	TP	mapped28_po1f	0.0	1.2171871273706656	0.0	TP	TP
YALI0B20196g	YALI1B26350g	YALI1_B26350g	171	essential	0.9999999999999881	FN	mapped28_po1f	1.2171871273706674	1.2171871273706656	1.0000000000000016	FN	FN
YALI0B20372g	YALI1B26679g	YALI1_B26679g	173	essential	0.9999999999999926	FN	mapped28_po1f	1.2171871273706674	1.2171871273706656	1.0000000000000016	FN	FN
YALI0B20438g	YALI1B26749g	YALI1_B26749g	174	essential	1.0000000000000107	FN	mapped28_po1f	1.2131073844497735	1.2171871273706656	0.9966482204509466	FN	FN
YALI0B21428g	YALI1B27874g	YALI1_B27874g	181	essential	0.0	TP	mapped28_po1f	0.0	1.2171871273706656	0.0	TP	TP
YALI0B22066g	YALI1B28659g	YALI1_B28659g	182	essential	1.0000000000000406	FN	mapped28_po1f	1.2171871273706663	1.2171871273706656	1.0000000000000004	FN	FN
YALI0B23188g	YALI1B30090g	YALI1_B30090g	188	essential	0.020804215451913136	TP	mapped28_po1f	0.038942992571636	1.2171871273706656	0.03199425272904388	TP	TP
YALI0B23298g	YALI1B30181g	YALI1_B30181g	956	essential	0.0	TP	mapped28_po1f	0.0	1.2171871273706656	0.0	TP	TP
YALI0C01716g	YALI1C02391g	YALI1_C02391g	709	essential	1.0000000000000022	FN	mapped28_po1f	1.2171871273706707	1.2171871273706656	1.0000000000000042	FN	FN
YALI0C03179g	YALI1C04265g	YALI1_C04265g	968	essential	1.000000000000034	FN	mapped28_po1f	1.2171871273706687	1.2171871273706656	1.0000000000000027	FN	FN
YALI0C05170g	YALI1C06626g	YALI1_C06626g	977	essential	0.08516849581212876	TP	mapped28_po1f	0.15942514004171557	1.2171871273706656	0.13097833230137867	FN	TP
YALI0C05951g	YALI1C07638g	YALI1_C07638g	981	essential	0.9999999999999873	FN	mapped28_po1f	0.0	1.2171871273706656	0.0	TP	FN
YALI0C06083g	YALI1C07816g	YALI1_C07816g	192	essential	0.9999999999999883	FN	mapped28_po1f	1.2171871273706687	1.2171871273706656	1.0000000000000027	FN	FN
YALI0C06369g	YALI1C08262g	YALI1_C08262g	193	essential	0.9999999999999885	FN	mapped28_po1f	0.59262666655069	1.2171871273706656	0.48688213441006883	FN	FN
YALI0C06490g	YALI1C08702g	YALI1_C08702g	195	essential	0.9999999999999882	FN	mapped28_po1f	0.0	1.2171871273706656	0.0	TP	FN
YALI0C06776g	YALI1C09033g	YALI1_C09033g	985	essential	0.9697545335909505	FN	mapped28_po1f	1.16630662027477	1.2171871273706656	0.9581982868929889	FN	FN
YALI0C06996g	YALI1C09380g	YALI1_C09380g	196	essential	0.9999999999999873	FN	mapped28_po1f	1.2171871273706691	1.2171871273706656	1.0000000000000029	FN	FN
YALI0C07128g	YALI1C09467g	YALI1_C09467g	197	essential	0.08516849581212876	TP	mapped28_po1f	0.15942514004171557	1.2171871273706656	0.13097833230137867	FN	TP
YALI0C10901g	YALI1C15297g	YALI1_C15297g	1003	essential	0.0	TP	mapped28_po1f	0.0	1.2171871273706656	0.0	TP	TP
YALI0C11407g	YALI1C15991g	YALI1_C15991g	1004	essential	0.9999999999999853	FN	mapped28_po1f	0.0	1.2171871273706656	0.0	TP	FN
YALI0C11880g	YALI1C16621g	YALI1_C16621g	1006	essential	0.9138898891378853	FN	mapped28_po1f	1.1934173417462435	1.2171871273706656	0.9804715437011161	FN	FN
YALI0C12771g	YALI1C17947g	YALI1_C17947g	1009	essential	0.0	TP	mapped28_po1f	0.0	1.2171871273706656	0.0	TP	TP
YALI0C15224g	YALI1C21487g	YALI1_C21487g	1018	essential	0.0	TP	mapped28_po1f	1.2171871273706691	1.2171871273706656	1.0000000000000029	FN	TP
YALI0C17831g	YALI1C25029g	YALI1_C25029g	1026	essential	0.9999999999999998	FN	mapped28_po1f	1.2171871273706691	1.2171871273706656	1.0000000000000029	FN	FN
YALI0C18535g	YALI1C25782g	YALI1_C25782g	1030	essential	0.9999999999999998	FN	mapped28_po1f	1.21718712737067	1.2171871273706656	1.0000000000000036	FN	FN
YALI0C18755g	YALI1C26017g	YALI1_C26017g	1032	essential	0.999999999999968	FN	mapped28_po1f	1.2171871273706676	1.2171871273706656	1.0000000000000016	FN	FN
YALI0C19965g	YALI1C27933g	YALI1_C27933g	1555	essential	1.0000000000000029	FN	mapped28_po1f	1.2171871273706678	1.2171871273706656	1.0000000000000018	FN	FN
YALI0C21626g	YALI1C29920g	YALI1_C29920g	1601	essential	0.999999999999983	FN	mapped28_po1f	1.2171871273706687	1.2171871273706656	1.0000000000000027	FN	FN
YALI0C23364g	YALI1C32184g	YALI1_C32184g	1053	essential	0.9999999999999795	FN	mapped28_po1f	0.0	1.2171871273706656	0.0	TP	FN
YALI0C23408g	YALI1C32276g	YALI1_C32276g	1054	essential	0.15656236468011034	FN	mapped28_po1f	0.2930665581350319	1.2171871273706656	0.24077362596506116	FN	FN
YALI0C23969g	YALI1C33005g	YALI1_C33005g	1055	essential	0.999999999999968	FN	mapped28_po1f	0.20595240191510886	1.2171871273706656	0.16920356556842794	FN	FN
YALI0D00737g	YALI1D00766g	YALI1_D00766g	1061	essential	0.9999999999999795	FN	mapped28_po1f	1.2171871273706696	1.2171871273706656	1.0000000000000033	FN	FN
YALI0D01089g	YALI1D01188g	YALI1_D01188g	722	essential	0.14577805578112596	FN	mapped28_po1f	0.34418592222508154	1.2171871273706656	0.28277157594377667	FN	FN
YALI0D03069g	YALI1D03865g	YALI1_D03865g	221	essential	1.0000000000000344	FN	mapped28_po1f	0.038942992571636026	1.2171871273706656	0.0319942527290439	TP	FN
YALI0D03135g	YALI1D03952g	YALI1_D03952g	222	essential	0.15656236468011034	FN	mapped28_po1f	0.2930665581350319	1.2171871273706656	0.24077362596506116	FN	FN
YALI0D03179g	YALI1D04055g	YALI1_D04055g	723	essential	0.9999999999999928	FN	mapped28_po1f	1.2171871273706685	1.2171871273706656	1.0000000000000024	FN	FN
YALI0D03619g	YALI1D04566g	YALI1_D04566g	225	essential	1.0000000000000204	FN	mapped28_po1f	1.217187127370668	1.2171871273706656	1.000000000000002	FN	FN
YALI0D04422g	YALI1D05474g	YALI1_D05474g	1073	essential	0.0	TP	mapped28_po1f	0.0	1.2171871273706656	0.0	TP	TP
YALI0D05467g	YALI1D07089g	YALI1_D07089g	235	essential	1.0000000000000246	FN	mapped28_po1f	1.217187127370668	1.2171871273706656	1.000000000000002	FN	FN
YALI0D05621g	YALI1D07232g	YALI1_D07232g	236	essential	0.0	TP	mapped28_po1f	0.0	1.2171871273706656	0.0	TP	TP
YALI0D06281g	YALI1D08050g	YALI1_D08050g	239	essential	0.0	TP	mapped28_po1f	0.0	1.2171871273706656	0.0	TP	TP
YALI0D06303g	YALI1D08082g	YALI1_D08082g	240	essential	1.0000000000000073	FN	mapped28_po1f	1.217187127370671	1.2171871273706656	1.0000000000000044	FN	FN
YALI0D06501g	YALI1D08339g	YALI1_D08339g	725	essential	1.000000000000003	FN	mapped28_po1f	1.2171871273706687	1.2171871273706656	1.0000000000000027	FN	FN
YALI0D08514g	YALI1D10930g	YALI1_D10930g	253	essential	0.0	TP	mapped28_po1f	0.0	1.2171871273706656	0.0	TP	TP
YALI0D08558g	YALI1D11015g	YALI1_D11015g	1088	essential	1.000000000000003	FN	mapped28_po1f	1.2171871273706687	1.2171871273706656	1.0000000000000027	FN	FN
YALI0D09361g	YALI1D11984g	YALI1_D11984g	257	essential	0.9999999999999842	FN	mapped28_po1f	1.217187127370681	1.2171871273706656	1.0000000000000127	FN	FN
YALI0D09867g	YALI1D12493g	YALI1_D12493g	730	essential	0.9985539228140429	FN	mapped28_po1f	1.2171871273706671	1.2171871273706656	1.0000000000000013	FN	FN
YALI0D11374g	YALI1D14260g	YALI1_D14260g	733	essential	0.9999999999999869	FN	mapped28_po1f	1.1876130166138519	1.2171871273706656	0.9757029054187429	FN	FN
YALI0D11704g	YALI1D14532g	YALI1_D14532g	1101	essential	0.14577805578112596	FN	mapped28_po1f	0.34418592222508154	1.2171871273706656	0.28277157594377667	FN	FN
YALI0D13112g	YALI1D16290g	YALI1_D16290g	276	essential	0.0	TP	mapped28_po1f	0.0	1.2171871273706656	0.0	TP	TP
YALI0D13596g	YALI1D16809g	YALI1_D16809g	1111	essential	0.14577805578112596	FN	mapped28_po1f	0.34418592222508154	1.2171871273706656	0.28277157594377667	FN	FN
YALI0D14762g	YALI1D17983g	YALI1_D17983g	284	essential	1.0000000000000249	FN	mapped28_po1f	1.21718712737067	1.2171871273706656	1.0000000000000036	FN	FN
YALI0D14850g	YALI1D18037g	YALI1_D18037g	1605	essential	1.0000000000000249	FN	mapped28_po1f	1.21718712737067	1.2171871273706656	1.0000000000000036	FN	FN
YALI0D14894g	YALI1D18130g	YALI1_D18130g	1115	essential	0.11002421982935918	FN	mapped28_po1f	0.20595240191510886	1.2171871273706656	0.16920356556842794	FN	FN
YALI0D15268g	YALI1D18577g	YALI1_D18577g	1116	essential	0.0	TP	mapped28_po1f	1.21718712737067	1.2171871273706656	1.0000000000000036	FN	TP
YALI0D15620g	YALI1D19110g	YALI1_D19110g	287	essential	1.000000000000018	FN	mapped28_po1f	1.21718712737067	1.2171871273706656	1.0000000000000036	FN	FN
YALI0D16357g	YALI1D20222g	YALI1_D20222g	289	essential	0.9705218581245321	FN	mapped28_po1f	1.055730260252425	1.2171871273706656	0.8673524690759626	FN	FN
YALI0D16643g	YALI1D20473g	YALI1_D20473g	1120	essential	0.0	TP	mapped28_po1f	1.21718712737067	1.2171871273706656	1.0000000000000036	FN	TP
YALI0D16753g	YALI1D20676g	YALI1_D20676g	1515	essential	1.0000000000000198	FN	mapped28_po1f	1.205027581199707	1.2171871273706656	0.990010125889825	FN	FN
YALI0D19206g	YALI1D24361g	YALI1_D24361g	1127	essential	0.0	TP	mapped28_po1f	0.0	1.2171871273706656	0.0	TP	TP
YALI0D19426g	YALI1D24649g	YALI1_D24649g	293	essential	1.0000000000000089	FN	mapped28_po1f	1.21718712737067	1.2171871273706656	1.0000000000000036	FN	FN
YALI0D20152g	YALI1D25450g	YALI1_D25450g	744	essential	0.0	TP	mapped28_po1f	0.0	1.2171871273706656	0.0	TP	TP
YALI0D20768g	YALI1D26360g	YALI1_D26360g	298	essential	1.0000000000000089	FN	mapped28_po1f	1.216654275980053	1.2171871273706656	0.9995622272215746	FN	FN
YALI0D21530g	YALI1D27148g	YALI1_D27148g	300	essential	0.0	TP	mapped28_po1f	0.0	1.2171871273706656	0.0	TP	TP
YALI0D21604g	YALI1D27274g	YALI1_D27274g	301	essential	1.0000000000000224	FN	mapped28_po1f	1.2171871273706671	1.2171871273706656	1.0000000000000013	FN	FN
YALI0D22891g	YALI1D29481g	YALI1_D29481g	1526	essential	0.04790423872092689	TP	mapped28_po1f	0.08967113112659321	1.2171871273706656	0.07367078496820643	TP	TP
YALI0D23397g	YALI1D30256g	YALI1_D30256g	306	essential	0.9999999999999701	FN	mapped28_po1f	1.187613016613851	1.2171871273706656	0.9757029054187422	FN	FN
YALI0D23639g	YALI1D30570g	YALI1_D30570g	310	essential	1.0000000000000224	FN	mapped28_po1f	1.2171871273706696	1.2171871273706656	1.0000000000000033	FN	FN
YALI0D24629g	YALI1D32594g	YALI1_D32594g	753	essential	1.0000000000000067	FN	mapped28_po1f	1.2171871273706687	1.2171871273706656	1.0000000000000027	FN	FN
YALI0D25234g	YALI1D33465g	YALI1_D33465g	1492	essential	1.0000000000000124	FN	mapped28_po1f	1.217187127370667	1.2171871273706656	1.000000000000001	FN	FN
YALI0D25476g	YALI1D33780g	YALI1_D33780g	1147	essential	1.0000000000000013	FN	mapped28_po1f	1.2171871273706687	1.2171871273706656	1.0000000000000027	FN	FN
YALI0D25564g	YALI1D33889g	YALI1_D33889g	754	essential	1.0000000000000013	FN	mapped28_po1f	1.2171871273706634	1.2171871273706656	0.9999999999999982	FN	FN
YALI0D25938g	YALI1D34288g	YALI1_D34288g	1150	essential	1.000000000000019	FN	mapped28_po1f	1.2171871273706705	1.2171871273706656	1.000000000000004	FN	FN
YALI0D26367g	YALI1D34865g	YALI1_D34865g	319	essential	0.11002421982935918	FN	mapped28_po1f	0.20595240191510886	1.2171871273706656	0.16920356556842794	FN	FN
YALI0E00770g	YALI1E01159g	YALI1_E01159g	1157	essential	1.0000000000000124	FN	mapped28_po1f	1.2171871273706687	1.2171871273706656	1.0000000000000027	FN	FN
YALI0E01254g	YALI1E01793g	YALI1_E01793g	333	essential	0.08516849581212876	TP	mapped28_po1f	0.15942514004171557	1.2171871273706656	0.13097833230137867	FN	TP
YALI0E02288g	YALI1E02885g	YALI1_E02885g	1554	essential	0.9999999999999883	FN	mapped28_po1f	1.217187127370665	1.2171871273706656	0.9999999999999994	FN	FN
YALI0E02728g	YALI1E03387g	YALI1_E03387g	1452	essential	0.04790423872092689	TP	mapped28_po1f	0.08967113112659321	1.2171871273706656	0.07367078496820643	TP	TP
YALI0E03146g	YALI1E03762g	YALI1_E03762g	340	essential	0.0	TP	mapped28_po1f	0.0	1.2171871273706656	0.0	TP	TP
YALI0E04939g	YALI1E05833g	YALI1_E05833g	347	essential	1.0000000000000155	FN	mapped28_po1f	1.2171871273706638	1.2171871273706656	0.9999999999999986	FN	FN
YALI0E05005g	YALI1E05907g	YALI1_E05907g	349	essential	0.0	TP	mapped28_po1f	1.2171871273706711	1.2171871273706656	1.0000000000000047	FN	TP
YALI0E05027g	YALI1E05929g	YALI1_E05929g	350	essential	1.0000000000000067	FN	mapped28_po1f	1.2171871273706656	1.2171871273706656	1.0	FN	FN
YALI0E05049g	YALI1E05963g	YALI1_E05963g	1177	essential	0.08516849581212876	TP	mapped28_po1f	0.15942514004171557	1.2171871273706656	0.13097833230137867	FN	TP
YALI0E05137g	YALI1E06015g	YALI1_E06015g	351	essential	1.0000000000000064	FN	mapped28_po1f	1.2171871273706691	1.2171871273706656	1.0000000000000029	FN	FN
YALI0E05753g	YALI1E06759g	YALI1_E06759g	353	essential	0.0	TP	mapped28_po1f	0.0	1.2171871273706656	0.0	TP	TP
YALI0E06061g	YALI1E07347g	YALI1_E07347g	1178	essential	0.0	TP	mapped28_po1f	0.0	1.2171871273706656	0.0	TP	TP
YALI0E06193g	YALI1E07506g	YALI1_E07506g	765	essential	0.0	TP	mapped28_po1f	0.0	1.2171871273706656	0.0	TP	TP
YALI0E06479g	YALI1E07744g	YALI1_E07744g	358	essential	1.0000000000000022	FN	mapped28_po1f	0.3302626496377738	1.2171871273706656	0.2713326835383136	FN	FN
YALI0E07073g	YALI1E08382g	YALI1_E08382g	768	essential	0.9985539228140285	FN	mapped28_po1f	1.2171871273706671	1.2171871273706656	1.0000000000000013	FN	FN
YALI0E09276g	YALI1E11415g	YALI1_E11415g	366	essential	0.999999999999988	FN	mapped28_po1f	1.2171871273706705	1.2171871273706656	1.000000000000004	FN	FN
YALI0E10144g	YALI1E12730g	YALI1_E12730g	773	essential	1.0000000000000089	FN	mapped28_po1f	0.5976970712083562	1.2171871273706656	0.4910478083180892	FN	FN
YALI0E12441g	YALI1E15432g	YALI1_E15432g	776	essential	0.0	TP	mapped28_po1f	0.0	1.2171871273706656	0.0	TP	TP
YALI0E12628g	YALI1E15606g	YALI1_E15606g	1497	essential	1.0000000000000067	FN	mapped28_po1f	0.597697071208356	1.2171871273706656	0.49104780831808903	FN	FN
YALI0E12683g	YALI1E15659g	YALI1_E15659g	384	essential	0.08007917143739848	TP	mapped28_po1f	0.0	1.2171871273706656	0.0	TP	TP
YALI0E13662g	YALI1E16694g	YALI1_E16694g	389	essential	1.0000000000000167	FN	mapped28_po1f	1.2171871273706656	1.2171871273706656	1.0	FN	FN
YALI0E14102g	YALI1E17162g	YALI1_E17162g	392	essential	0.9999999999999929	FN	mapped28_po1f	1.2171871273706656	1.2171871273706656	1.0	FN	FN
YALI0E14443g	YALI1E17431g	YALI1_E17431g	1202	essential	0.0	TP	mapped28_po1f	0.0	1.2171871273706656	0.0	TP	TP
YALI0E14597g	YALI1E17574g	YALI1_E17574g	395	essential	0.0	TP	mapped28_po1f	1.2171871273706683	1.2171871273706656	1.0000000000000022	FN	TP
YALI0E15730g	YALI1E18961g	YALI1_E18961g	402	essential	0.0	TP	mapped28_po1f	0.0	1.2171871273706656	0.0	TP	TP
YALI0E16434g	YALI1E19647g	YALI1_E19647g	1461	essential	1.0000000000000204	FN	mapped28_po1f	1.2171871273706656	1.2171871273706656	1.0	FN	FN
YALI0E16709g	YALI1E19902g	YALI1_E19902g	1205	essential	0.9999999999999724	FN	mapped28_po1f	0.5976970712083585	1.2171871273706656	0.49104780831809103	FN	FN
YALI0E16929g	YALI1E20192g	YALI1_E20192g	407	essential	0.9999999999999724	FN	mapped28_po1f	1.2166542759800585	1.2171871273706656	0.9995622272215792	FN	FN
YALI0E17347g	YALI1E20626g	YALI1_E20626g	411	essential	0.9999999999999724	FN	mapped28_po1f	1.2171871273706687	1.2171871273706656	1.0000000000000027	FN	FN
YALI0E17479g	YALI1E20751g	YALI1_E20751g	413	essential	0.17643268944050078	FN	mapped28_po1f	0.3302626496377738	1.2171871273706656	0.2713326835383136	FN	FN
YALI0E17919g	YALI1E21230g	YALI1_E21230g	415	essential	0.9999999999999724	FN	mapped28_po1f	1.2171871273706683	1.2171871273706656	1.0000000000000022	FN	FN
YALI0E17963g	YALI1E21312g	YALI1_E21312g	416	essential	0.9999999999999893	FN	mapped28_po1f	1.2171871273706656	1.2171871273706656	1.0	FN	FN
YALI0E17985g	YALI1E21345g	YALI1_E21345g	1207	essential	0.0	TP	mapped28_po1f	1.2171871273706656	1.2171871273706656	1.0	FN	TP
YALI0E18942g	YALI1E22718g	YALI1_E22718g	1210	essential	0.9999999999999724	FN	mapped28_po1f	1.2171871273706683	1.2171871273706656	1.0000000000000022	FN	FN
YALI0E18964g	YALI1E22736g	YALI1_E22736g	1211	essential	0.9999999999999724	FN	mapped28_po1f	0.0	1.2171871273706656	0.0	TP	FN
YALI0E21021g	YALI1E25018g	YALI1_E25018g	432	essential	1.0000000000000366	FN	mapped28_po1f	0.0	1.2171871273706656	0.0	TP	FN
YALI0E21351g	YALI1E25443g	YALI1_E25443g	436	essential	0.9999999999999893	FN	mapped28_po1f	1.2171871273706691	1.2171871273706656	1.0000000000000029	FN	FN
YALI0E22649g	YALI1E26811g	YALI1_E26811g	1221	essential	0.9999999999999893	FN	mapped28_po1f	1.1912748203653065	1.2171871273706656	0.9787113202048611	FN	FN
YALI0E22979g	YALI1E27144g	YALI1_E27144g	444	essential	0.0	TP	mapped28_po1f	1.2171871273706691	1.2171871273706656	1.0000000000000029	FN	TP
YALI0E24497g	YALI1E29179g	YALI1_E29179g	787	essential	1.0000000000000064	FN	mapped28_po1f	1.2171871273706687	1.2171871273706656	1.0000000000000027	FN	FN
YALI0E24607g	YALI1E29319g	YALI1_E29319g	1226	essential	0.0	TP	mapped28_po1f	1.2171871273706727	1.2171871273706656	1.0000000000000058	FN	TP
YALI0E26004g	YALI1E30886g	YALI1_E30886g	1230	essential	0.9705218581245464	FN	mapped28_po1f	1.0557302602524314	1.2171871273706656	0.8673524690759679	FN	FN
YALI0E27005g	YALI1E31947g	YALI1_E31947g	792	essential	1.0000000000000366	FN	mapped28_po1f	1.1773793352680526	1.2171871273706656	0.9672952570665082	FN	FN
YALI0E28153g	YALI1E33150g	YALI1_E33150g	1236	essential	0.999999999999982	FN	mapped28_po1f	1.2171871273706678	1.2171871273706656	1.0000000000000018	FN	FN
YALI0E28468g	YALI1E33633g	YALI1_E33633g	796	essential	0.0	TP	mapped28_po1f	1.2171871273706691	1.2171871273706656	1.0000000000000029	FN	TP
YALI0E28963g	YALI1E34269g	YALI1_E34269g	1238	essential	0.039900776310720754	TP	mapped28_po1f	0.07468969296442644	1.2171871273706656	0.061362539321105934	TP	TP
YALI0E29139g	YALI1E34408g	YALI1_E34408g	479	essential	0.999999999999982	FN	mapped28_po1f	1.217187127370669	1.2171871273706656	1.0000000000000027	FN	FN
YALI0E29579g	YALI1E35005g	YALI1_E35005g	483	essential	0.0	TP	mapped28_po1f	0.0	1.2171871273706656	0.0	TP	TP
YALI0E29667g	YALI1E35082g	YALI1_E35082g	1245	essential	1.0000000000000064	FN	mapped28_po1f	1.1876130166138485	1.2171871273706656	0.9757029054187402	FN	FN
YALI0E30129g	YALI1E35520g	YALI1_E35520g	485	essential	1.0000000000000366	FN	mapped28_po1f	1.2171871273706711	1.2171871273706656	1.0000000000000047	FN	FN
YALI0E30481g	YALI1E35815g	YALI1_E35815g	487	essential	1.0000000000000067	FN	mapped28_po1f	1.2171013524732202	1.2171871273706656	0.9999295302295624	FN	FN
YALI0E31797g	YALI1E37764g	YALI1_E37764g	1247	essential	1.0000000000000113	FN	mapped28_po1f	1.217187127370671	1.2171871273706656	1.0000000000000044	FN	FN
YALI0E33033g	YALI1E39221g	YALI1_E39221g	504	essential	0.02080421545170529	TP	mapped28_po1f	0.038942992571635984	1.2171871273706656	0.03199425272904387	TP	TP
YALI0E33517g	YALI1E39693g	YALI1_E39693g	1252	essential	0.9999999999999701	FN	mapped28_po1f	1.2166542759800585	1.2171871273706656	0.9995622272215792	FN	FN
YALI0E33957g	YALI1E40305g	YALI1_E40305g	507	essential	0.08516849581212876	TP	mapped28_po1f	0.15942514004171557	1.2171871273706656	0.13097833230137867	FN	TP
YALI0E34037g	YALI1E40361g	YALI1_E40361g	1256	essential	1.0000000000000249	FN	mapped28_po1f	0.5976970712083578	1.2171871273706656	0.4910478083180905	FN	FN
YALI0F00506g	YALI1F00821g	YALI1_F00821g	513	essential	0.9999999999999913	FN	mapped28_po1f	0.0	1.2171871273706656	0.0	TP	FN
YALI0F00924g	YALI1F01456g	YALI1_F01456g	1260	essential	0.9999999999999968	FN	mapped28_po1f	1.2171871273706711	1.2171871273706656	1.0000000000000047	FN	FN
YALI0F01771g	YALI1F02758g	YALI1_F02758g	1577	essential	0.9999999999999968	FN	mapped28_po1f	0.5976970712083566	1.2171871273706656	0.4910478083180895	FN	FN
YALI0F02299g	YALI1F03527g	YALI1_F03527g	516	essential	1.0000000000000064	FN	mapped28_po1f	1.2171871273706685	1.2171871273706656	1.0000000000000024	FN	FN
YALI0F02497g	YALI1F03803g	YALI1_F03803g	521	essential	1.0000000000000064	FN	mapped28_po1f	0.08967113112659321	1.2171871273706656	0.07367078496820643	TP	FN
YALI0F02629g	YALI1F03908g	YALI1_F03908g	523	essential	1.0000000000000269	FN	mapped28_po1f	1.217187127370668	1.2171871273706656	1.000000000000002	FN	FN
YALI0F03567g	YALI1F05089g	YALI1_F05089g	1537	essential	0.9999999999999892	FN	mapped28_po1f	0.5976970712083556	1.2171871273706656	0.4910478083180887	FN	FN
YALI0F04015g	YALI1F06018g	YALI1_F06018g	801	essential	0.0	TP	mapped28_po1f	0.0	1.2171871273706656	0.0	TP	TP
YALI0F05192g	YALI1F07827g	YALI1_F07827g	1278	essential	0.08516849581212876	TP	mapped28_po1f	0.15942514004171557	1.2171871273706656	0.13097833230137867	FN	TP
YALI0F05214g	YALI1F07847g	YALI1_F07847g	536	essential	0.9999999999999892	FN	mapped28_po1f	1.0600484623143518	1.2171871273706656	0.8709001586339806	FN	FN
YALI0F05610g	YALI1F08349g	YALI1_F08349g	805	essential	1.0000000000000064	FN	mapped28_po1f	1.2171871273706674	1.2171871273706656	1.0000000000000016	FN	FN
YALI0F06468g	YALI1F09598g	YALI1_F09598g	554	essential	0.9817132964321588	FN	mapped28_po1f	1.2131073844497766	1.2171871273706656	0.9966482204509491	FN	FN
YALI0F07711g	YALI1F11049g	YALI1_F11049g	559	essential	0.8643869231239302	FN	mapped28_po1f	1.2039713173079267	1.2171871273706656	0.989142335007036	FN	FN
YALI0F08613g	YALI1F12013g	YALI1_F12013g	567	essential	0.9999999999999876	FN	mapped28_po1f	0.5976970712083571	1.2171871273706656	0.49104780831809	FN	FN
YALI0F08701g	YALI1F12138g	YALI1_F12138g	1292	essential	0.0	TP	mapped28_po1f	1.2171871273706696	1.2171871273706656	1.0000000000000033	FN	TP
YALI0F09185g	YALI1F12842g	YALI1_F12842g	572	essential	1.0000000000000064	FN	mapped28_po1f	1.1278333820122148	1.2171871273706656	0.926589968502649	FN	FN
YALI0F09449g	YALI1F13039g	YALI1_F13039g	808	essential	0.9999999999999883	FN	mapped28_po1f	1.2171871273706705	1.2171871273706656	1.000000000000004	FN	FN
YALI0F11231g	YALI1F14882g	YALI1_F14882g	576	essential	1.0000000000000115	FN	mapped28_po1f	1.2171871273706696	1.2171871273706656	1.0000000000000033	FN	FN
YALI0F11297g	YALI1F14958g	YALI1_F14958g	577	essential	0.0	TP	mapped28_po1f	0.0	1.2171871273706656	0.0	TP	TP
YALI0F11759g	YALI1F15517g	YALI1_F15517g	580	essential	0.0	TP	mapped28_po1f	0.0	1.2171871273706656	0.0	TP	TP
YALI0F12639g	YALI1F16984g	YALI1_F16984g	809	essential	0.17643268944050078	FN	mapped28_po1f	0.33026264963777424	1.2171871273706656	0.27133268353831397	FN	FN
YALI0F12749g	YALI1F17082g	YALI1_F17082g	584	essential	1.0000000000000144	FN	mapped28_po1f	1.217187127370667	1.2171871273706656	1.000000000000001	FN	FN
YALI0F13453g	YALI1F17962g	YALI1_F17962g	811	essential	0.19187452903441157	FN	mapped28_po1f	0.35916605498721166	1.2171871273706656	0.2950787491181182	FN	FN
YALI0F13541g	YALI1F18105g	YALI1_F18105g	813	essential	1.0000000000000115	FN	mapped28_po1f	1.2171871273706685	1.2171871273706656	1.0000000000000024	FN	FN
YALI0F15345g	YALI1F20637g	YALI1_F20637g	591	essential	1.0000000000000115	FN	mapped28_po1f	1.2171871273706696	1.2171871273706656	1.0000000000000033	FN	FN
YALI0F15587g	YALI1F20914g	YALI1_F20914g	594	essential	1.0000000000000004	FN	mapped28_po1f	1.2171871273706671	1.2171871273706656	1.0000000000000013	FN	FN
YALI0F16291g	YALI1F21769g	YALI1_F21769g	598	essential	0.0	TP	mapped28_po1f	1.2171871273706643	1.2171871273706656	0.9999999999999989	FN	TP
YALI0F16819g	YALI1F22436g	YALI1_F22436g	599	essential	1.0000000000000107	FN	mapped28_po1f	1.1251525419751103	1.2171871273706656	0.924387480506497	FN	FN
YALI0F18216g	YALI1F24171g	YALI1_F24171g	1325	essential	0.9999999999999926	FN	mapped28_po1f	1.2171871273706703	1.2171871273706656	1.0000000000000038	FN	FN
YALI0F19448g	YALI1F25908g	YALI1_F25908g	822	essential	1.0000000000000107	FN	mapped28_po1f	1.2171871273706703	1.2171871273706656	1.0000000000000038	FN	FN
YALI0F19470g	YALI1F25924g	YALI1_F25924g	1331	essential	0.9999999999999926	FN	mapped28_po1f	1.2171871273706758	1.2171871273706656	1.0000000000000084	FN	FN
YALI0F20218g	YALI1F26873g	YALI1_F26873g	610	essential	0.0	TP	mapped28_po1f	1.2171871273706656	1.2171871273706656	1.0	FN	TP
YALI0F20328g	YALI1F27002g	YALI1_F27002g	825	essential	0.0	TP	mapped28_po1f	0.0	1.2171871273706656	0.0	TP	TP
YALI0F20702g	YALI1F27556g	YALI1_F27556g	616	essential	1.0000000000000286	FN	mapped28_po1f	1.1773793352680526	1.2171871273706656	0.9672952570665082	FN	FN
YALI0F20790g	YALI1F27686g	YALI1_F27686g	618	essential	1.0000000000000286	FN	mapped28_po1f	1.2171871273706678	1.2171871273706656	1.0000000000000018	FN	FN
YALI0F20900g	YALI1F27761g	YALI1_F27761g	619	essential	1.0000000000000064	FN	mapped28_po1f	1.2171871273706696	1.2171871273706656	1.0000000000000033	FN	FN
YALI0F21010g	YALI1F27904g	YALI1_F27904g	620	essential	0.020804215450586545	TP	mapped28_po1f	0.03894299257163543	1.2171871273706656	0.03199425272904341	TP	TP
YALI0F23221g	YALI1F30459g	YALI1_F30459g	829	essential	0.19187452903441157	FN	mapped28_po1f	0.35916605498721166	1.2171871273706656	0.2950787491181182	FN	FN
YALI0F23727g	YALI1F31135g	YALI1_F31135g	830	essential	1.0000000000000064	FN	mapped28_po1f	1.2171871273706656	1.2171871273706656	1.0	FN	FN
YALI0F23837g	YALI1F31283g	YALI1_F31283g	634	essential	1.0000000000000113	FN	mapped28_po1f	1.2171871273706734	1.2171871273706656	1.0000000000000064	FN	FN
YALI0F26433g	YALI1F33819g	YALI1_F33819g	832	essential	1.0000000000000022	FN	mapped28_po1f	1.2171871273706734	1.2171871273706656	1.0000000000000064	FN	FN
YALI0F26609g	YALI1F34051g	YALI1_F34051g	1356	essential	1.0000000000000093	FN	mapped28_po1f	1.2171871273706734	1.2171871273706656	1.0000000000000064	FN	FN
YALI0F27665g	YALI1F35109g	YALI1_F35109g	1422	essential	0.9877362862917849	FN	mapped28_po1f	1.207513609320596	1.2171871273706656	0.9920525629687146	FN	FN
YALI0F29843g	YALI1F37354g	YALI1_F37354g	1366	essential	0.0	TP	mapped28_po1f	1.2171871273706656	1.2171871273706656	1.0	FN	TP
YALI0F30019g	YALI1F37559g	YALI1_F37559g	657	essential	0.020804215451703526	TP	mapped28_po1f	0.03894299257163573	1.2171871273706656	0.03199425272904366	TP	TP
YALI0F30481g	YALI1F38116g	YALI1_F38116g	658	essential	0.986390078715598	FN	mapped28_po1f	1.214709977191717	1.2171871273706656	0.9979648567395716	FN	FN
YALI0F30679g	YALI1F38317g	YALI1_F38317g	1371	essential	1.0000000000000062	FN	mapped28_po1f	1.2171871273706734	1.2171871273706656	1.0000000000000064	FN	FN
YALI0F31273g	YALI1F38986g	YALI1_F38986g	659	essential	0.9999999999999827	FN	mapped28_po1f	1.2171871273706734	1.2171871273706656	1.0000000000000064	FN	FN
YALI0F31735g	YALI1F39330g	YALI1_F39330g	662	essential	1.0000000000000164	FN	mapped28_po1f	1.2171871273706762	1.2171871273706656	1.0000000000000087	FN	FN
YALI0F31999g	YALI1F39620g	YALI1_F39620g	1466	essential	1.0000000000000022	FN	mapped28_po1f	1.2171871273706762	1.2171871273706656	1.0000000000000087	FN	FN
