conflict_id	topic	record_ids_a	claim_a	evidence_a	record_ids_b	claim_b	evidence_b	condition_match	resolution_status	notes
CON-001	chain_length	CLM-QC-005;CLM-QC-010A	Current R763/R407-R385 chemistry represents a native hexaprenyl/CoQ6 route.	SRC-LOCAL-001;SRC-LOCAL-002	CLM-QC-001;CLM-QC-003;CLM-QC-011	Q9 is the principal detected product in tested Yarrowia isolates and the retained Yl COQ1 core produces CoQ9 in a heterologous host.	SRC-QC-001;SRC-QC-002;SRC-QC-003	product-level comparison; target W29/PO1f/CLIB89 confirmation absent	model_claim_strongly_challenged	Strong chain-length conflict; target-strain whole-cell confirmation, exact CoQ9 intermediates, redox endpoint, and compartments remain unresolved.
CON-002	COQ1_annotation	CLM-QC-012	KEGG calls Gene 2909963 a putative hexaprenyl pyrophosphate synthase.	SRC-DB-001	CLM-QC-003	The retained Yarrowia COQ1 catalytic core changes heterologous yeast product from CoQ6 to CoQ9.	SRC-QC-003	same coding sequence identity; heterologous host	functional_evidence_preferred	Database label is not independent experimental evidence and is materially challenged.
CON-003	biosynthetic_localization	CLM-QC-013	R39 is cytosolic and R808 returns a hydrophobic intermediate to mitochondria.	SRC-LOCAL-001	CLM-QC-006B;CLM-QC-007;CLM-QC-008	Comparator yeast places Coq2 and head-group modification at the inner mitochondrial membrane/matrix side; the bounded search found no direct native Yarrowia transporter or localization evidence.	SRC-QC-007;SRC-QC-008	species mismatch	unresolved_yarrowia_specific	Comparator evidence raises a plausibility concern but cannot establish Yarrowia localization or transporter absence.
CON-004	pool_demand	CLM-DM-009	FBA can recycle Q/QH2 with zero biosynthetic flux.	SRC-LOCAL-001	CLM-DM-001;CLM-DM-002	A physical Q9 pool exists and PO1f fitness effects at COQ1/2 candidate loci are consistent with pathway relevance.	SRC-QC-001;SRC-QC-002;SRC-QD-002;SRC-QD-005	mechanistic statements address different levels	reconciled_by_missing_pool_dilution	Zero modeled net demand is not evidence of biological zero requirement; locus fitness does not quantify or prove a demand coefficient.
CON-005	complex_I_occupancy	DAT-Q-003	Purified complex I contains 0.2-0.4 mol Q9/mol complex I.	SRC-QC-002	DAT-Q-004	Another purified preparation contains 1.9 Q9/mol complex I.	SRC-QD-002	different strains/purification constructs and detergents	preparation_dependent_not_pool_coefficient	The values cannot define a fixed holoenzyme or biomass coefficient.
CON-006	quantitative_coefficient	CLM-DM-006B;DAT-Q-001;DAT-Q-002	Kogan 0.026 percent or patent oil 0.2-0.3 percent could supply a biomass coefficient.	SRC-QD-001;SRC-QC-004	CLM-DM-006B	Denominator, condition, recovery, or gDCW mapping is absent.	SRC-QD-001;SRC-QC-004	unmatched	coefficient_not_defensible	Conditional conversions are retained only as explicitly assumption-bound scenario values.
CON-007	synthome_gpr	CLM-GR-010	A CoQ synthome can create pathway-level interdependence.	SRC-GR-006;SRC-GR-008;SRC-QC-008	CLM-GR-003;CLM-GR-004;CLM-GR-005;CLM-GR-006;CLM-GR-007;CLM-GR-011	Each individual chemical reaction has a step-specific direct catalyst and can show different complex subsets or chemical bypass.	SRC-GR-001;SRC-GR-002;SRC-GR-003;SRC-GR-004;SRC-GR-005;SRC-GR-009;SRC-GR-010	conserved systems; not native Yarrowia	direct_catalyst_interpretation_rejected_flux_dependency_unresolved	Pathway interdependence and step-specific catalysis can coexist; neither alone establishes or excludes identical native Yarrowia reaction-flux dependencies.
CON-008	pathway_screen_heterogeneity	CLM-DM-003	Candidate COQ loci might be expected to show similar pathway-related fitness phenotypes.	SRC-QD-003;SRC-QD-005	CLM-DM-002;CLM-DM-003	COQ1/2 candidates enter multi-screen consensus while the COQ3 candidate is nonessential in both CRISPR platforms.	SRC-QD-003;SRC-QD-004;SRC-QD-005	PO1f glucose/SD-Leu screens; gene identities provisional	heterogeneity_observed_not_a_gpr_test	COQ1/2 are not members of the repeated seven-gene AND, and organism-level essentiality does not map one-to-one to reaction GPRs; this pattern neither validates nor refutes that AND.
CON-009	model_replication	CLM-GR-012	Four Yarrowia GEM generations agree on the same seven-gene rule.	SRC-LOCAL-002	CLM-GR-012	The exact rule is inherited through a documented model lineage.	SRC-LOCAL-002;SRC-PR-001;SRC-PR-002	same provenance chain	circularity_resolved	Counts as one copied modeling assertion, not four biological replications.
