scenario	carrier	status	maximum	verdict
REF	zero	optimal	0.0	feasible
REF	ATP	optimal	0.0	within_tolerance
REF	GTP	optimal	0.0	within_tolerance
REF	UTP	optimal	0.0	within_tolerance
REF	CTP	optimal	0.0	within_tolerance
V_ONLY	zero	optimal	0.0	feasible
V_ONLY	ATP	optimal	0.0	within_tolerance
V_ONLY	GTP	optimal	0.0	within_tolerance
V_ONLY	UTP	optimal	0.0	within_tolerance
V_ONLY	CTP	optimal	0.0	within_tolerance
C_ONLY	zero	optimal	0.0	feasible
C_ONLY	ATP	optimal	0.0	within_tolerance
C_ONLY	GTP	optimal	0.0	within_tolerance
C_ONLY	UTP	optimal	0.0	within_tolerance
C_ONLY	CTP	optimal	0.0	within_tolerance
