alpha_mmol_per_gDW	time_hours	biomass_gDW_L
0.0	0.0	0.05
0.0	0.1	0.050584950714171316
0.0	0.2	0.05117674477510282
0.0	0.30000000000000004	0.051775462243206005
0.0	0.4	0.05238118411552027
0.0	0.5	0.05299399233667053
0.0	0.6	0.05361396980995302
0.0	0.7	0.05424120040855084
0.0	0.7999999999999999	0.054875768986880666
0.0	0.8999999999999999	0.055517761392072186
0.0	0.9999999999999999	0.056167264475581895
0.0	1.0999999999999999	0.05682436610494271
0.0	1.2	0.05748915517565108
0.0	1.3	0.05816172162319313
0.0	1.4000000000000001	0.058842156435211526
0.0	1.5000000000000002	0.05953055166381467
0.0	1.6000000000000003	0.060227000438029886
0.0	1.7000000000000004	0.06093159697640232
0.0	1.8000000000000005	0.061644436599741226
0.0	1.9000000000000006	0.06236561574401536
0.0	2.0000000000000004	0.06309523197339928
0.0	2.1000000000000005	0.06383338399347217
0.0	2.2000000000000006	0.06458017166457124
0.0	2.3000000000000007	0.06533569601530118
0.0	2.400000000000001	0.06610005925620178
0.0	2.500000000000001	0.06687336479357542
0.0	2.600000000000001	0.06765571724347623
0.0	2.700000000000001	0.06844722244586311
0.0	2.800000000000001	0.06924798747891812
0.0	2.9000000000000012	0.07005812067353251
0.0	3.0000000000000013	0.07087773162796217
0.0	3.1000000000000014	0.07170693122265455
0.0	3.2000000000000015	0.07254583163524905
0.0	3.3000000000000016	0.07339454635575288
0.0	3.4000000000000017	0.07425319020189443
0.0	3.5000000000000018	0.07512187933465636
0.0	3.600000000000002	0.07600073127399033
0.0	3.700000000000002	0.07688986491471558
0.0	3.800000000000002	0.07778940054260355
0.0	3.900000000000002	0.07869945985065065
0.0	4.000000000000002	0.07962016595554135
0.0	4.100000000000001	0.080551643414304
0.0	4.200000000000001	0.0814940182411614
0.0	4.300000000000001	0.08244741792457855
0.0	4.4	0.0834119714445098
0.0	4.5	0.08438780928984788
0.0	4.6	0.08537506347607686
0.0	4.699999999999999	0.08637386756313191
0.0	4.799999999999999	0.08738435667346776
0.0	4.899999999999999	0.08840666751033868
0.0	4.999999999999998	0.08944093837629226
0.0	5.099999999999998	0.09048730919187956
0.0	5.1999999999999975	0.09154592151458417
0.0	5.299999999999997	0.09261691855797272
0.0	5.399999999999997	0.09370044521106936
0.0	5.4999999999999964	0.09479664805795707
0.0	5.599999999999996	0.09590567539760804
0.0	5.699999999999996	0.0970276772639463
0.0	5.799999999999995	0.09816280544614489
0.0	5.899999999999995	0.09931121350916054
0.0	5.999999999999995	0.1004730568145086
0.0	6.099999999999994	0.10164849254128104
0.0	6.199999999999994	0.10283767970741024
0.0	6.299999999999994	0.10404077919118165
0.0	6.399999999999993	0.1052579537529981
0.0	6.499999999999993	0.10648936805739864
0.0	6.5999999999999925	0.10773518869533519
0.0	6.699999999999992	0.10899558420670954
0.0	6.799999999999992	0.11027072510317423
0.0	6.8999999999999915	0.11156078389120004
0.0	6.999999999999991	0.11286593509541343
0.0	7.099999999999991	0.11418635528220694
0.0	7.19999999999999	0.11552222308362586
0.0	7.29999999999999	0.11687371922153436
0.0	7.39999999999999	0.11824102653206425
0.0	7.499999999999989	0.11962432999034986
0.0	7.599999999999989	0.12102381673555226
0.0	7.699999999999989	0.12243967609617626
0.0	7.799999999999988	0.12387209961568352
0.0	7.899999999999988	0.1253212810784054
0.0	7.999999999999988	0.12678741653575895
0.0	8.099999999999987	0.12827070433276952
0.0	8.199999999999987	0.12977134513490374
0.0	8.299999999999986	0.13128954195521642
0.0	8.399999999999986	0.132825500181815
0.0	8.499999999999986	0.13437942760564528
0.0	8.599999999999985	0.13595153444860236
0.0	8.699999999999985	0.1375420333919703
0.0	8.799999999999985	0.13915113960519446
0.0	8.899999999999984	0.14077907077499066
0.0	8.999999999999984	0.14242604713479476
0.0	9.099999999999984	0.14409229149455666
0.0	9.199999999999983	0.1457780292708831
0.0	9.299999999999983	0.1474834885175329
0.0	9.399999999999983	0.14920889995626907
0.0	9.499999999999982	0.1509544970080718
0.0	9.599999999999982	0.15272051582471666
0.0	9.699999999999982	0.15450719532072224
0.0	9.799999999999981	0.1563147772056715
0.0	9.89999999999998	0.15814350601691124
0.0	9.99999999999998	0.1599936291526342
0.0	10.09999999999998	0.1618653969053481
0.0	10.19999999999998	0.16375906249573624
0.0	10.29999999999998	0.16567488210691436
0.0	10.399999999999979	0.16761311491908812
0.0	10.499999999999979	0.16957402314461612
0.0	10.599999999999978	0.17155787206348305
0.0	10.699999999999978	0.17356493005918797
0.0	10.799999999999978	0.1755954686550523
0.0	10.899999999999977	0.1776497625509527
0.0	10.999999999999977	0.17972808966048356
0.0	11.099999999999977	0.18183073114855447
0.0	11.199999999999976	0.18395797146942724
0.0	11.299999999999976	0.1861100984051982
0.0	11.399999999999975	0.1882874031047305
0.0	11.499999999999975	0.19049018012304197
0.0	11.599999999999975	0.1927187274611539
0.0	11.699999999999974	0.19497334660640567
0.0	11.799999999999974	0.19725434257324143
0.0	11.899999999999974	0.19956202394447364
0.0	11.999999999999973	0.2018967029130295
0.0	12.099999999999973	0.2042586953241857
0.0	12.199999999999973	0.20664832071829736
0.0	12.299999999999972	0.20906590237402678
0.0	12.399999999999972	0.21151176735207794
0.0	12.499999999999972	0.21398624653944265
0.0	12.599999999999971	0.21648967469416436
0.0	12.69999999999997	0.2190223904906257
0.0	12.79999999999997	0.2215847365653657
0.0	12.89999999999997	0.22417705956343317
0.0	12.99999999999997	0.22679971018528228
0.0	13.09999999999997	0.22945304323421684
0.0	13.199999999999969	0.23213741766438956
0.0	13.299999999999969	0.23485319662936294
0.0	13.399999999999968	0.23760074753123817
0.0	13.499999999999968	0.24038044207035889
0.0	13.599999999999968	0.24319265629559633
0.0	13.699999999999967	0.2460377706552229
0.0	13.799999999999967	0.2489161700483807
0.0	13.899999999999967	0.25182824387715247
0.0	13.999999999999966	0.2547743860992414
0.0	14.099999999999966	0.2577549952812676
0.0	14.199999999999966	0.26077047465268766
0.0	14.299999999999965	0.2638212321603453
0.0	14.399999999999965	0.2669076805236603
0.0	14.499999999999964	0.2700302372904628
0.0	14.599999999999964	0.27318932489348097
0.0	14.699999999999964	0.27638537070748936
0.0	14.799999999999963	0.27961880710712633
0.0	14.899999999999963	0.2828900715253872
0.0	14.999999999999963	0.2861996065128022
0.0	15.099999999999962	0.28954785979730646
0.0	15.199999999999962	0.29293528434481064
0.0	15.299999999999962	0.2963623384204801
0.0	15.399999999999961	0.2998294856507309
0.0	15.499999999999961	0.3033371950859512
0.0	15.59999999999996	0.3068859412639562
0.0	15.69999999999996	0.31047620427418593
0.0	15.79999999999996	0.3141084698226536
0.0	15.89999999999996	0.317783229297654
0.0	15.99999999999996	0.3215009798362406
0.0	16.09999999999996	0.32526222439148034
0.0	16.19999999999996	0.3290674718004953
0.0	16.29999999999996	0.33291723685330027
0.0	16.399999999999963	0.33681204036244583
0.0	16.499999999999964	0.34075240923347605
0.0	16.599999999999966	0.3447388765362104
0.0	16.699999999999967	0.34877198157685985
0.0	16.79999999999997	0.3528522699709864
0.0	16.89999999999997	0.3569802937173164
0.0	16.99999999999997	0.361156611272417
0.0	17.099999999999973	0.36538178762624685
0.0	17.199999999999974	0.36965639437859016
0.0	17.299999999999976	0.37398100981638516
0.0	17.399999999999977	0.37835621899195726
0.0	17.49999999999998	0.3827826138021673
0.0	17.59999999999998	0.38726079306848615
0.0	17.69999999999998	0.39179136261800535
0.0	17.799999999999983	0.3963749353653964
0.0	17.899999999999984	0.40101213139582836
0.0	17.999999999999986	0.4057035780488554
0.0	18.099999999999987	0.41044991000328607
0.0	18.19999999999999	0.41525176936304553
0.0	18.29999999999999	0.42010980574404183
0.0	18.39999999999999	0.4250246763620488
0.0	18.499999999999993	0.4299970461216171
0.0	18.599999999999994	0.435027587706025
0.0	18.699999999999996	0.4401169816682823
0.0	18.799999999999997	0.44526591652319797
0.0	18.9	0.4504750888405258
0.0	19.0	0.4557452033391988
0.0	19.1	0.46107697298266714
0.0	19.200000000000003	0.4664711190753503
0.0	19.300000000000004	0.4719283713602187
0.0	19.400000000000006	0.477449468117516
0.0	19.500000000000007	0.4830351562646371
0.0	19.60000000000001	0.4886861914571742
0.0	19.70000000000001	0.49440333819114485
0.0	19.80000000000001	0.5001873699064167
0.0	19.900000000000013	0.5060390690913412
0.0	20.000000000000014	0.5119592273886125
0.0	20.100000000000016	0.5179486457023638
0.0	20.200000000000017	0.524008134306517
0.0	20.30000000000002	0.5301385129544005
0.0	20.40000000000002	0.5363406109896485
0.0	20.50000000000002	0.5426152674583979
0.0	20.600000000000023	0.548963331222799
0.0	20.700000000000024	0.5553856610758517
0.0	20.800000000000026	0.5618831258575883
0.0	20.900000000000027	0.5684566045726124
0.0	21.00000000000003	0.5751069865090154
0.0	21.10000000000003	0.5818351713586826
0.0	21.20000000000003	0.5886420693390075
0.0	21.300000000000033	0.5955286013160302
0.0	21.400000000000034	0.6024956989290153
0.0	21.500000000000036	0.6095443047164888
0.0	21.600000000000037	0.6166753722437481
0.0	21.70000000000004	0.6238898662318649
0.0	21.80000000000004	0.6311887626881965
0.0	21.90000000000004	0.6385730490384238
0.0	22.000000000000043	0.6460437242601355
0.0	22.100000000000044	0.6536017990179727
0.0	22.200000000000045	0.661248295800357
0.0	22.300000000000047	0.6689842490578167
0.0	22.40000000000005	0.6768107053429313
0.0	22.50000000000005	0.684728723451914
0.0	22.60000000000005	0.6927393745678503
0.0	22.700000000000053	0.7008437424056113
0.0	22.800000000000054	0.7090429233584645
0.0	22.900000000000055	0.7173380266463976
0.0	23.000000000000057	0.7257301744661786
0.0	23.10000000000006	0.7342205021431719
0.0	23.20000000000006	0.7428101582849294
0.0	23.30000000000006	0.7515003049365789
0.0	23.400000000000063	0.7602921177380312
0.0	23.500000000000064	0.7691867860830248
0.0	23.600000000000065	0.7781855132800329
0.0	23.700000000000067	0.7872895167150514
0.0	23.800000000000068	0.7965000280162926
0.0	23.90000000000007	0.8058182932208047
0.0	24.0	0.8152455729430345
0.0001	0.0	0.05
0.0001	0.1	0.050584950714171316
0.0001	0.2	0.05117674477510282
0.0001	0.30000000000000004	0.051775462243206005
0.0001	0.4	0.05238118411552027
0.0001	0.5	0.05299399233667053
0.0001	0.6	0.05361396980995302
0.0001	0.7	0.05424120040855084
0.0001	0.7999999999999999	0.054875768986880666
0.0001	0.8999999999999999	0.055517761392072186
0.0001	0.9999999999999999	0.056167264475581895
0.0001	1.0999999999999999	0.05682436610494271
0.0001	1.2	0.05748915517565108
0.0001	1.3	0.05816172162319313
0.0001	1.4000000000000001	0.058842156435211526
0.0001	1.5000000000000002	0.05953055166381467
0.0001	1.6000000000000003	0.060227000438029886
0.0001	1.7000000000000004	0.06093159697640232
0.0001	1.8000000000000005	0.061644436599741226
0.0001	1.9000000000000006	0.06236561574401536
0.0001	2.0000000000000004	0.06309523197339928
0.0001	2.1000000000000005	0.06383338399347217
0.0001	2.2000000000000006	0.06458017166457124
0.0001	2.3000000000000007	0.06533569601530118
0.0001	2.400000000000001	0.06610005925620178
0.0001	2.500000000000001	0.06687336479357542
0.0001	2.600000000000001	0.06765571724347623
0.0001	2.700000000000001	0.06844722244586311
0.0001	2.800000000000001	0.06924798747891812
0.0001	2.9000000000000012	0.07005812067353251
0.0001	3.0000000000000013	0.07087773162796217
0.0001	3.1000000000000014	0.07170693122265455
0.0001	3.2000000000000015	0.07254583163524905
0.0001	3.3000000000000016	0.07339454635575288
0.0001	3.4000000000000017	0.07425319020189443
0.0001	3.5000000000000018	0.07512187933465636
0.0001	3.600000000000002	0.07600073127399033
0.0001	3.700000000000002	0.07688986491471558
0.0001	3.800000000000002	0.07778940054260355
0.0001	3.900000000000002	0.07869945985065065
0.0001	4.000000000000002	0.07962016595554135
0.0001	4.100000000000001	0.080551643414304
0.0001	4.200000000000001	0.0814940182411614
0.0001	4.300000000000001	0.08244741792457855
0.0001	4.4	0.0834119714445098
0.0001	4.5	0.08438780928984788
0.0001	4.6	0.08537506347607686
0.0001	4.699999999999999	0.08637386756313191
0.0001	4.799999999999999	0.08738435667346776
0.0001	4.899999999999999	0.08840666751033868
0.0001	4.999999999999998	0.08944093837629226
0.0001	5.099999999999998	0.09048730919187956
0.0001	5.1999999999999975	0.09154592151458417
0.0001	5.299999999999997	0.09261691855797272
0.0001	5.399999999999997	0.09370044521106936
0.0001	5.4999999999999964	0.09479664805795707
0.0001	5.599999999999996	0.09590567539760804
0.0001	5.699999999999996	0.0970276772639463
0.0001	5.799999999999995	0.09816280544614489
0.0001	5.899999999999995	0.09931121350916054
0.0001	5.999999999999995	0.1004730568145086
0.0001	6.099999999999994	0.10164849254128104
0.0001	6.199999999999994	0.10283767970741024
0.0001	6.299999999999994	0.10404077919118165
0.0001	6.399999999999993	0.1052579537529981
0.0001	6.499999999999993	0.10648936805739864
0.0001	6.5999999999999925	0.10773518869533519
0.0001	6.699999999999992	0.10899558420670954
0.0001	6.799999999999992	0.11027072510317423
0.0001	6.8999999999999915	0.11156078389120004
0.0001	6.999999999999991	0.11286593509541343
0.0001	7.099999999999991	0.11418635528220694
0.0001	7.19999999999999	0.11552222308362586
0.0001	7.29999999999999	0.11687371922153436
0.0001	7.39999999999999	0.11824102653206425
0.0001	7.499999999999989	0.11962432999034986
0.0001	7.599999999999989	0.12102381673555226
0.0001	7.699999999999989	0.12243967609617626
0.0001	7.799999999999988	0.12387209961568352
0.0001	7.899999999999988	0.1253212810784054
0.0001	7.999999999999988	0.12678741653575895
0.0001	8.099999999999987	0.12827070433276952
0.0001	8.199999999999987	0.12977134513490374
0.0001	8.299999999999986	0.13128954195521642
0.0001	8.399999999999986	0.132825500181815
0.0001	8.499999999999986	0.13437942760564528
0.0001	8.599999999999985	0.13595153444860236
0.0001	8.699999999999985	0.1375420333919703
0.0001	8.799999999999985	0.13915113960519446
0.0001	8.899999999999984	0.14077907077499066
0.0001	8.999999999999984	0.14242604713479476
0.0001	9.099999999999984	0.14409229149455666
0.0001	9.199999999999983	0.1457780292708831
0.0001	9.299999999999983	0.1474834885175329
0.0001	9.399999999999983	0.14920889995626907
0.0001	9.499999999999982	0.1509544970080718
0.0001	9.599999999999982	0.15272051582471666
0.0001	9.699999999999982	0.15450719532072224
0.0001	9.799999999999981	0.1563147772056715
0.0001	9.89999999999998	0.15814350601691124
0.0001	9.99999999999998	0.1599936291526342
0.0001	10.09999999999998	0.1618653969053481
0.0001	10.19999999999998	0.16375906249573624
0.0001	10.29999999999998	0.16567488210691436
0.0001	10.399999999999979	0.16761311491908812
0.0001	10.499999999999979	0.16957402314461612
0.0001	10.599999999999978	0.17155787206348305
0.0001	10.699999999999978	0.17356493005918797
0.0001	10.799999999999978	0.1755954686550523
0.0001	10.899999999999977	0.1776497625509527
0.0001	10.999999999999977	0.17972808966048356
0.0001	11.099999999999977	0.18183073114855447
0.0001	11.199999999999976	0.18395797146942724
0.0001	11.299999999999976	0.1861100984051982
0.0001	11.399999999999975	0.1882874031047305
0.0001	11.499999999999975	0.19049018012304197
0.0001	11.599999999999975	0.1927187274611539
0.0001	11.699999999999974	0.19497334660640567
0.0001	11.799999999999974	0.19725434257324143
0.0001	11.899999999999974	0.19956202394447364
0.0001	11.999999999999973	0.2018967029130295
0.0001	12.099999999999973	0.2042586953241857
0.0001	12.199999999999973	0.20664832071829736
0.0001	12.299999999999972	0.20906590237402678
0.0001	12.399999999999972	0.21151176735207794
0.0001	12.499999999999972	0.21398624653944265
0.0001	12.599999999999971	0.21648967469416436
0.0001	12.69999999999997	0.2190223904906257
0.0001	12.79999999999997	0.2215847365653657
0.0001	12.89999999999997	0.22417705956343317
0.0001	12.99999999999997	0.22679971018528228
0.0001	13.09999999999997	0.22945304323421684
0.0001	13.199999999999969	0.23213741766438956
0.0001	13.299999999999969	0.23485319662936294
0.0001	13.399999999999968	0.23760074753123817
0.0001	13.499999999999968	0.24038044207035889
0.0001	13.599999999999968	0.24319265629559633
0.0001	13.699999999999967	0.2460377706552229
0.0001	13.799999999999967	0.2489161700483807
0.0001	13.899999999999967	0.25182824387715247
0.0001	13.999999999999966	0.2547743860992414
0.0001	14.099999999999966	0.2577549952812676
0.0001	14.199999999999966	0.26077047465268766
0.0001	14.299999999999965	0.2638212321603453
0.0001	14.399999999999965	0.2669076805236603
0.0001	14.499999999999964	0.2700302372904628
0.0001	14.599999999999964	0.27318932489348097
0.0001	14.699999999999964	0.27638537070748936
0.0001	14.799999999999963	0.27961880710712633
0.0001	14.899999999999963	0.2828900715253872
0.0001	14.999999999999963	0.2861996065128022
0.0001	15.099999999999962	0.28954785979730646
0.0001	15.199999999999962	0.29293528434481064
0.0001	15.299999999999962	0.2963623384204801
0.0001	15.399999999999961	0.2998294856507309
0.0001	15.499999999999961	0.3033371950859512
0.0001	15.59999999999996	0.3068859412639562
0.0001	15.69999999999996	0.31047620427418593
0.0001	15.79999999999996	0.3141084698226536
0.0001	15.89999999999996	0.317783229297654
0.0001	15.99999999999996	0.3215009798362406
0.0001	16.09999999999996	0.32526222439148034
0.0001	16.19999999999996	0.3290674718004953
0.0001	16.29999999999996	0.33291723685330027
0.0001	16.399999999999963	0.33681204036244583
0.0001	16.499999999999964	0.34075240923347605
0.0001	16.599999999999966	0.3447388765362104
0.0001	16.699999999999967	0.34877198157685985
0.0001	16.79999999999997	0.3528522699709864
0.0001	16.89999999999997	0.3569802937173164
0.0001	16.99999999999997	0.361156611272417
0.0001	17.099999999999973	0.36538178762624685
0.0001	17.199999999999974	0.36965639437859016
0.0001	17.299999999999976	0.37398100981638516
0.0001	17.399999999999977	0.37835621899195726
0.0001	17.49999999999998	0.3827826138021673
0.0001	17.59999999999998	0.38726079306848615
0.0001	17.69999999999998	0.39179136261800535
0.0001	17.799999999999983	0.3963749353653964
0.0001	17.899999999999984	0.40101213139582836
0.0001	17.999999999999986	0.4057035780488554
0.0001	18.099999999999987	0.41044991000328607
0.0001	18.19999999999999	0.41525176936304553
0.0001	18.29999999999999	0.42010980574404183
0.0001	18.39999999999999	0.4250246763620488
0.0001	18.499999999999993	0.4299970461216171
0.0001	18.599999999999994	0.435027587706025
0.0001	18.699999999999996	0.4401169816682823
0.0001	18.799999999999997	0.44526591652319797
0.0001	18.9	0.4504750888405258
0.0001	19.0	0.4557452033391988
0.0001	19.1	0.46107697298266714
0.0001	19.200000000000003	0.4664711190753503
0.0001	19.300000000000004	0.4719283713602187
0.0001	19.400000000000006	0.477449468117516
0.0001	19.500000000000007	0.4830351562646371
0.0001	19.60000000000001	0.4886861914571742
0.0001	19.70000000000001	0.49440333819114485
0.0001	19.80000000000001	0.5001873699064167
0.0001	19.900000000000013	0.5060390690913412
0.0001	20.000000000000014	0.5119592273886125
0.0001	20.100000000000016	0.5179486457023638
0.0001	20.200000000000017	0.524008134306517
0.0001	20.30000000000002	0.5301385129544005
0.0001	20.40000000000002	0.5363406109896485
0.0001	20.50000000000002	0.5426152674583979
0.0001	20.600000000000023	0.548963331222799
0.0001	20.700000000000024	0.5553856610758517
0.0001	20.800000000000026	0.5618831258575883
0.0001	20.900000000000027	0.5684566045726124
0.0001	21.00000000000003	0.5751069865090154
0.0001	21.10000000000003	0.5818351713586826
0.0001	21.20000000000003	0.5886420693390075
0.0001	21.300000000000033	0.5955286013160302
0.0001	21.400000000000034	0.6024956989290153
0.0001	21.500000000000036	0.6095443047164888
0.0001	21.600000000000037	0.6166753722437481
0.0001	21.70000000000004	0.6238898662318649
0.0001	21.80000000000004	0.6311887626881965
0.0001	21.90000000000004	0.6385730490384238
0.0001	22.000000000000043	0.6460437242601355
0.0001	22.100000000000044	0.6536017990179727
0.0001	22.200000000000045	0.661248295800357
0.0001	22.300000000000047	0.6689842490578167
0.0001	22.40000000000005	0.6768107053429313
0.0001	22.50000000000005	0.684728723451914
0.0001	22.60000000000005	0.6927393745678503
0.0001	22.700000000000053	0.7008437424056113
0.0001	22.800000000000054	0.7090429233584645
0.0001	22.900000000000055	0.7173380266463976
0.0001	23.000000000000057	0.7257301744661786
0.0001	23.10000000000006	0.7342205021431719
0.0001	23.20000000000006	0.7428101582849294
0.0001	23.30000000000006	0.7515003049365789
0.0001	23.400000000000063	0.7602921177380312
0.0001	23.500000000000064	0.7691867860830248
0.0001	23.600000000000065	0.7781855132800329
0.0001	23.700000000000067	0.7872895167150514
0.0001	23.800000000000068	0.7965000280162926
0.0001	23.90000000000007	0.8058182932208047
0.0001	24.0	0.8152455729430345
0.00031622776601683794	0.0	0.05
0.00031622776601683794	0.1	0.050584950714171316
0.00031622776601683794	0.2	0.05117674477510282
0.00031622776601683794	0.30000000000000004	0.051775462243206005
0.00031622776601683794	0.4	0.05238118411552027
0.00031622776601683794	0.5	0.05299399233667053
0.00031622776601683794	0.6	0.05361396980995302
0.00031622776601683794	0.7	0.05424120040855084
0.00031622776601683794	0.7999999999999999	0.054875768986880666
0.00031622776601683794	0.8999999999999999	0.055517761392072186
0.00031622776601683794	0.9999999999999999	0.056167264475581895
0.00031622776601683794	1.0999999999999999	0.05682436610494271
0.00031622776601683794	1.2	0.05748915517565108
0.00031622776601683794	1.3	0.05816172162319313
0.00031622776601683794	1.4000000000000001	0.058842156435211526
0.00031622776601683794	1.5000000000000002	0.05953055166381467
0.00031622776601683794	1.6000000000000003	0.060227000438029886
0.00031622776601683794	1.7000000000000004	0.06093159697640232
0.00031622776601683794	1.8000000000000005	0.061644436599741226
0.00031622776601683794	1.9000000000000006	0.06236561574401536
0.00031622776601683794	2.0000000000000004	0.06309523197339928
0.00031622776601683794	2.1000000000000005	0.06383338399347217
0.00031622776601683794	2.2000000000000006	0.06458017166457124
0.00031622776601683794	2.3000000000000007	0.06533569601530118
0.00031622776601683794	2.400000000000001	0.06610005925620178
0.00031622776601683794	2.500000000000001	0.06687336479357542
0.00031622776601683794	2.600000000000001	0.06765571724347623
0.00031622776601683794	2.700000000000001	0.06844722244586311
0.00031622776601683794	2.800000000000001	0.06924798747891812
0.00031622776601683794	2.9000000000000012	0.07005812067353251
0.00031622776601683794	3.0000000000000013	0.07087773162796217
0.00031622776601683794	3.1000000000000014	0.07170693122265455
0.00031622776601683794	3.2000000000000015	0.07254583163524905
0.00031622776601683794	3.3000000000000016	0.07339454635575288
0.00031622776601683794	3.4000000000000017	0.07425319020189443
0.00031622776601683794	3.5000000000000018	0.07512187933465636
0.00031622776601683794	3.600000000000002	0.07600073127399033
0.00031622776601683794	3.700000000000002	0.07688986491471558
0.00031622776601683794	3.800000000000002	0.07778940054260355
0.00031622776601683794	3.900000000000002	0.07869945985065065
0.00031622776601683794	4.000000000000002	0.07962016595554135
0.00031622776601683794	4.100000000000001	0.080551643414304
0.00031622776601683794	4.200000000000001	0.0814940182411614
0.00031622776601683794	4.300000000000001	0.08244741792457855
0.00031622776601683794	4.4	0.0834119714445098
0.00031622776601683794	4.5	0.08438780928984788
0.00031622776601683794	4.6	0.08537506347607686
0.00031622776601683794	4.699999999999999	0.08637386756313191
0.00031622776601683794	4.799999999999999	0.08738435667346776
0.00031622776601683794	4.899999999999999	0.08840666751033868
0.00031622776601683794	4.999999999999998	0.08944093837629226
0.00031622776601683794	5.099999999999998	0.09048730919187956
0.00031622776601683794	5.1999999999999975	0.09154592151458417
0.00031622776601683794	5.299999999999997	0.09261691855797272
0.00031622776601683794	5.399999999999997	0.09370044521106936
0.00031622776601683794	5.4999999999999964	0.09479664805795707
0.00031622776601683794	5.599999999999996	0.09590567539760804
0.00031622776601683794	5.699999999999996	0.0970276772639463
0.00031622776601683794	5.799999999999995	0.09816280544614489
0.00031622776601683794	5.899999999999995	0.09931121350916054
0.00031622776601683794	5.999999999999995	0.1004730568145086
0.00031622776601683794	6.099999999999994	0.10164849254128104
0.00031622776601683794	6.199999999999994	0.10283767970741024
0.00031622776601683794	6.299999999999994	0.10404077919118165
0.00031622776601683794	6.399999999999993	0.1052579537529981
0.00031622776601683794	6.499999999999993	0.10648936805739864
0.00031622776601683794	6.5999999999999925	0.10773518869533519
0.00031622776601683794	6.699999999999992	0.10899558420670954
0.00031622776601683794	6.799999999999992	0.11027072510317423
0.00031622776601683794	6.8999999999999915	0.11156078389120004
0.00031622776601683794	6.999999999999991	0.11286593509541343
0.00031622776601683794	7.099999999999991	0.11418635528220694
0.00031622776601683794	7.19999999999999	0.11552222308362586
0.00031622776601683794	7.29999999999999	0.11687371922153436
0.00031622776601683794	7.39999999999999	0.11824102653206425
0.00031622776601683794	7.499999999999989	0.11962432999034986
0.00031622776601683794	7.599999999999989	0.12102381673555226
0.00031622776601683794	7.699999999999989	0.12243967609617626
0.00031622776601683794	7.799999999999988	0.12387209961568352
0.00031622776601683794	7.899999999999988	0.1253212810784054
0.00031622776601683794	7.999999999999988	0.12678741653575895
0.00031622776601683794	8.099999999999987	0.12827070433276952
0.00031622776601683794	8.199999999999987	0.12977134513490374
0.00031622776601683794	8.299999999999986	0.13128954195521642
0.00031622776601683794	8.399999999999986	0.132825500181815
0.00031622776601683794	8.499999999999986	0.13437942760564528
0.00031622776601683794	8.599999999999985	0.13595153444860236
0.00031622776601683794	8.699999999999985	0.1375420333919703
0.00031622776601683794	8.799999999999985	0.13915113960519446
0.00031622776601683794	8.899999999999984	0.14077907077499066
0.00031622776601683794	8.999999999999984	0.14242604713479476
0.00031622776601683794	9.099999999999984	0.14409229149455666
0.00031622776601683794	9.199999999999983	0.1457780292708831
0.00031622776601683794	9.299999999999983	0.1474834885175329
0.00031622776601683794	9.399999999999983	0.14920889995626907
0.00031622776601683794	9.499999999999982	0.1509544970080718
0.00031622776601683794	9.599999999999982	0.15272051582471666
0.00031622776601683794	9.699999999999982	0.15450719532072224
0.00031622776601683794	9.799999999999981	0.1563147772056715
0.00031622776601683794	9.89999999999998	0.15814350601691124
0.00031622776601683794	9.99999999999998	0.1599936291526342
0.00031622776601683794	10.09999999999998	0.1618653969053481
0.00031622776601683794	10.19999999999998	0.16375906249573624
0.00031622776601683794	10.29999999999998	0.16567488210691436
0.00031622776601683794	10.399999999999979	0.16761311491908812
0.00031622776601683794	10.499999999999979	0.16957402314461612
0.00031622776601683794	10.599999999999978	0.17155787206348305
0.00031622776601683794	10.699999999999978	0.17356493005918797
0.00031622776601683794	10.799999999999978	0.1755954686550523
0.00031622776601683794	10.899999999999977	0.1776497625509527
0.00031622776601683794	10.999999999999977	0.17972808966048356
0.00031622776601683794	11.099999999999977	0.18183073114855447
0.00031622776601683794	11.199999999999976	0.18395797146942724
0.00031622776601683794	11.299999999999976	0.1861100984051982
0.00031622776601683794	11.399999999999975	0.1882874031047305
0.00031622776601683794	11.499999999999975	0.19049018012304197
0.00031622776601683794	11.599999999999975	0.1927187274611539
0.00031622776601683794	11.699999999999974	0.19497334660640567
0.00031622776601683794	11.799999999999974	0.19725434257324143
0.00031622776601683794	11.899999999999974	0.19956202394447364
0.00031622776601683794	11.999999999999973	0.2018967029130295
0.00031622776601683794	12.099999999999973	0.2042586953241857
0.00031622776601683794	12.199999999999973	0.20664832071829736
0.00031622776601683794	12.299999999999972	0.20906590237402678
0.00031622776601683794	12.399999999999972	0.21151176735207794
0.00031622776601683794	12.499999999999972	0.21398624653944265
0.00031622776601683794	12.599999999999971	0.21648967469416436
0.00031622776601683794	12.69999999999997	0.2190223904906257
0.00031622776601683794	12.79999999999997	0.2215847365653657
0.00031622776601683794	12.89999999999997	0.22417705956343317
0.00031622776601683794	12.99999999999997	0.22679971018528228
0.00031622776601683794	13.09999999999997	0.22945304323421684
0.00031622776601683794	13.199999999999969	0.23213741766438956
0.00031622776601683794	13.299999999999969	0.23485319662936294
0.00031622776601683794	13.399999999999968	0.23760074753123817
0.00031622776601683794	13.499999999999968	0.24038044207035889
0.00031622776601683794	13.599999999999968	0.24319265629559633
0.00031622776601683794	13.699999999999967	0.2460377706552229
0.00031622776601683794	13.799999999999967	0.2489161700483807
0.00031622776601683794	13.899999999999967	0.25182824387715247
0.00031622776601683794	13.999999999999966	0.2547743860992414
0.00031622776601683794	14.099999999999966	0.2577549952812676
0.00031622776601683794	14.199999999999966	0.26077047465268766
0.00031622776601683794	14.299999999999965	0.2638212321603453
0.00031622776601683794	14.399999999999965	0.2669076805236603
0.00031622776601683794	14.499999999999964	0.2700302372904628
0.00031622776601683794	14.599999999999964	0.27318932489348097
0.00031622776601683794	14.699999999999964	0.27638537070748936
0.00031622776601683794	14.799999999999963	0.27961880710712633
0.00031622776601683794	14.899999999999963	0.2828900715253872
0.00031622776601683794	14.999999999999963	0.2861996065128022
0.00031622776601683794	15.099999999999962	0.28954785979730646
0.00031622776601683794	15.199999999999962	0.29293528434481064
0.00031622776601683794	15.299999999999962	0.2963623384204801
0.00031622776601683794	15.399999999999961	0.2998294856507309
0.00031622776601683794	15.499999999999961	0.3033371950859512
0.00031622776601683794	15.59999999999996	0.3068859412639562
0.00031622776601683794	15.69999999999996	0.31047620427418593
0.00031622776601683794	15.79999999999996	0.3141084698226536
0.00031622776601683794	15.89999999999996	0.317783229297654
0.00031622776601683794	15.99999999999996	0.3215009798362406
0.00031622776601683794	16.09999999999996	0.32526222439148034
0.00031622776601683794	16.19999999999996	0.3290674718004953
0.00031622776601683794	16.29999999999996	0.33291723685330027
0.00031622776601683794	16.399999999999963	0.33681204036244583
0.00031622776601683794	16.499999999999964	0.34075240923347605
0.00031622776601683794	16.599999999999966	0.3447388765362104
0.00031622776601683794	16.699999999999967	0.34877198157685985
0.00031622776601683794	16.79999999999997	0.3528522699709864
0.00031622776601683794	16.89999999999997	0.3569802937173164
0.00031622776601683794	16.99999999999997	0.361156611272417
0.00031622776601683794	17.099999999999973	0.36538178762624685
0.00031622776601683794	17.199999999999974	0.36965639437859016
0.00031622776601683794	17.299999999999976	0.37398100981638516
0.00031622776601683794	17.399999999999977	0.37835621899195726
0.00031622776601683794	17.49999999999998	0.3827826138021673
0.00031622776601683794	17.59999999999998	0.38726079306848615
0.00031622776601683794	17.69999999999998	0.39179136261800535
0.00031622776601683794	17.799999999999983	0.3963749353653964
0.00031622776601683794	17.899999999999984	0.40101213139582836
0.00031622776601683794	17.999999999999986	0.4057035780488554
0.00031622776601683794	18.099999999999987	0.41044991000328607
0.00031622776601683794	18.19999999999999	0.41525176936304553
0.00031622776601683794	18.29999999999999	0.42010980574404183
0.00031622776601683794	18.39999999999999	0.4250246763620488
0.00031622776601683794	18.499999999999993	0.4299970461216171
0.00031622776601683794	18.599999999999994	0.435027587706025
0.00031622776601683794	18.699999999999996	0.4401169816682823
0.00031622776601683794	18.799999999999997	0.44526591652319797
0.00031622776601683794	18.9	0.4504750888405258
0.00031622776601683794	19.0	0.4557452033391988
0.00031622776601683794	19.1	0.46107697298266714
0.00031622776601683794	19.200000000000003	0.4664711190753503
0.00031622776601683794	19.300000000000004	0.4719283713602187
0.00031622776601683794	19.400000000000006	0.477449468117516
0.00031622776601683794	19.500000000000007	0.4830351562646371
0.00031622776601683794	19.60000000000001	0.4886861914571742
0.00031622776601683794	19.70000000000001	0.49440333819114485
0.00031622776601683794	19.80000000000001	0.5001873699064167
0.00031622776601683794	19.900000000000013	0.5060390690913412
0.00031622776601683794	20.000000000000014	0.5119592273886125
0.00031622776601683794	20.100000000000016	0.5179486457023638
0.00031622776601683794	20.200000000000017	0.524008134306517
0.00031622776601683794	20.30000000000002	0.5301385129544005
0.00031622776601683794	20.40000000000002	0.5363406109896485
0.00031622776601683794	20.50000000000002	0.5426152674583979
0.00031622776601683794	20.600000000000023	0.548963331222799
0.00031622776601683794	20.700000000000024	0.5553856610758517
0.00031622776601683794	20.800000000000026	0.5618831258575883
0.00031622776601683794	20.900000000000027	0.5684566045726124
0.00031622776601683794	21.00000000000003	0.5751069865090154
0.00031622776601683794	21.10000000000003	0.5818351713586826
0.00031622776601683794	21.20000000000003	0.5886420693390075
0.00031622776601683794	21.300000000000033	0.5955286013160302
0.00031622776601683794	21.400000000000034	0.6024956989290153
0.00031622776601683794	21.500000000000036	0.6095443047164888
0.00031622776601683794	21.600000000000037	0.6166753722437481
0.00031622776601683794	21.70000000000004	0.6238898662318649
0.00031622776601683794	21.80000000000004	0.6311887626881965
0.00031622776601683794	21.90000000000004	0.6385730490384238
0.00031622776601683794	22.000000000000043	0.6460437242601355
0.00031622776601683794	22.100000000000044	0.6536017990179727
0.00031622776601683794	22.200000000000045	0.661248295800357
0.00031622776601683794	22.300000000000047	0.6689842490578167
0.00031622776601683794	22.40000000000005	0.6768107053429313
0.00031622776601683794	22.50000000000005	0.684728723451914
0.00031622776601683794	22.60000000000005	0.6927393745678503
0.00031622776601683794	22.700000000000053	0.7008437424056113
0.00031622776601683794	22.800000000000054	0.7090429233584645
0.00031622776601683794	22.900000000000055	0.7173380266463976
0.00031622776601683794	23.000000000000057	0.7257301744661786
0.00031622776601683794	23.10000000000006	0.7342205021431719
0.00031622776601683794	23.20000000000006	0.7428101582849294
0.00031622776601683794	23.30000000000006	0.7515003049365789
0.00031622776601683794	23.400000000000063	0.7602921177380312
0.00031622776601683794	23.500000000000064	0.7691867860830248
0.00031622776601683794	23.600000000000065	0.7781855132800329
0.00031622776601683794	23.700000000000067	0.7872895167150514
0.00031622776601683794	23.800000000000068	0.7965000280162926
0.00031622776601683794	23.90000000000007	0.8058182932208047
0.00031622776601683794	24.0	0.8152455729430345
0.001	0.0	0.05
0.001	0.1	0.050584950714171316
0.001	0.2	0.051176744775102825
0.001	0.30000000000000004	0.05177546224320602
0.001	0.4	0.052381184115520285
0.001	0.5	0.05299399233667054
0.001	0.6	0.05361396980995303
0.001	0.7	0.05424120040855086
0.001	0.7999999999999999	0.05487576898688069
0.001	0.8999999999999999	0.05551776139207221
0.001	0.9999999999999999	0.056167264475581916
0.001	1.0999999999999999	0.05682436610494273
0.001	1.2	0.0574891551756511
0.001	1.3	0.05816172162319315
0.001	1.4000000000000001	0.058842156435211554
0.001	1.5000000000000002	0.0595305516638147
0.001	1.6000000000000003	0.060227000438029914
0.001	1.7000000000000004	0.060931596976402345
0.001	1.8000000000000005	0.061644436599741254
0.001	1.9000000000000006	0.0623656157440154
0.001	2.0000000000000004	0.06309523197339931
0.001	2.1000000000000005	0.0638333839934722
0.001	2.2000000000000006	0.06458017166457126
0.001	2.3000000000000007	0.0653356960153012
0.001	2.400000000000001	0.06610005925620181
0.001	2.500000000000001	0.06687336479357545
0.001	2.600000000000001	0.06765571724347626
0.001	2.700000000000001	0.06844722244586314
0.001	2.800000000000001	0.06924798747891815
0.001	2.9000000000000012	0.07005812067353254
0.001	3.0000000000000013	0.0708777316279622
0.001	3.1000000000000014	0.07170693122265458
0.001	3.2000000000000015	0.07254583163524908
0.001	3.3000000000000016	0.0733945463557529
0.001	3.4000000000000017	0.07425319020189446
0.001	3.5000000000000018	0.07512187933465639
0.001	3.600000000000002	0.07600073127399036
0.001	3.700000000000002	0.07688986491471562
0.001	3.800000000000002	0.07778940054260361
0.001	3.900000000000002	0.0786994598506507
0.001	4.000000000000002	0.0796201659555414
0.001	4.100000000000001	0.08055164341430406
0.001	4.200000000000001	0.08149401824116147
0.001	4.300000000000001	0.08244741792457862
0.001	4.4	0.08341197144450987
0.001	4.5	0.08438780928984795
0.001	4.6	0.08537506347607693
0.001	4.699999999999999	0.08637386756313198
0.001	4.799999999999999	0.08738435667346783
0.001	4.899999999999999	0.08840666751033875
0.001	4.999999999999998	0.08944093837629233
0.001	5.099999999999998	0.09048730919187963
0.001	5.1999999999999975	0.09154592151458424
0.001	5.299999999999997	0.09261691855797279
0.001	5.399999999999997	0.09370044521106945
0.001	5.4999999999999964	0.09479664805795715
0.001	5.599999999999996	0.09590567539760812
0.001	5.699999999999996	0.09702767726394639
0.001	5.799999999999995	0.09816280544614497
0.001	5.899999999999995	0.09931121350916063
0.001	5.999999999999995	0.1004730568145087
0.001	6.099999999999994	0.10164849254128114
0.001	6.199999999999994	0.10283767970741034
0.001	6.299999999999994	0.10404077919118175
0.001	6.399999999999993	0.10525795375299819
0.001	6.499999999999993	0.10648936805739874
0.001	6.5999999999999925	0.10773518869533528
0.001	6.699999999999992	0.10899558420670964
0.001	6.799999999999992	0.11027072510317433
0.001	6.8999999999999915	0.11156078389120014
0.001	6.999999999999991	0.11286593509541352
0.001	7.099999999999991	0.11418635528220704
0.001	7.19999999999999	0.11552222308362597
0.001	7.29999999999999	0.11687371922153447
0.001	7.39999999999999	0.11824102653206436
0.001	7.499999999999989	0.11962432999034997
0.001	7.599999999999989	0.12102381673555238
0.001	7.699999999999989	0.12243967609617637
0.001	7.799999999999988	0.12387209961568363
0.001	7.899999999999988	0.1253212810784055
0.001	7.999999999999988	0.12678741653575906
0.001	8.099999999999987	0.12827070433276963
0.001	8.199999999999987	0.12977134513490385
0.001	8.299999999999986	0.13128954195521653
0.001	8.399999999999986	0.1328255001818151
0.001	8.499999999999986	0.1343794276056454
0.001	8.599999999999985	0.1359515344486025
0.001	8.699999999999985	0.13754203339197044
0.001	8.799999999999985	0.1391511396051946
0.001	8.899999999999984	0.14077907077499083
0.001	8.999999999999984	0.14242604713479493
0.001	9.099999999999984	0.14409229149455685
0.001	9.199999999999983	0.1457780292708833
0.001	9.299999999999983	0.1474834885175331
0.001	9.399999999999983	0.14920889995626926
0.001	9.499999999999982	0.15095449700807198
0.001	9.599999999999982	0.15272051582471685
0.001	9.699999999999982	0.15450719532072243
0.001	9.799999999999981	0.15631477720567172
0.001	9.89999999999998	0.15814350601691146
0.001	9.99999999999998	0.15999362915263443
0.001	10.09999999999998	0.16186539690534832
0.001	10.19999999999998	0.16375906249573646
0.001	10.29999999999998	0.16567488210691458
0.001	10.399999999999979	0.16761311491908834
0.001	10.499999999999979	0.16957402314461634
0.001	10.599999999999978	0.17155787206348327
0.001	10.699999999999978	0.1735649300591882
0.001	10.799999999999978	0.17559546865505252
0.001	10.899999999999977	0.1776497625509529
0.001	10.999999999999977	0.17972808966048381
0.001	11.099999999999977	0.18183073114855475
0.001	11.199999999999976	0.18395797146942755
0.001	11.299999999999976	0.18611009840519852
0.001	11.399999999999975	0.1882874031047308
0.001	11.499999999999975	0.19049018012304228
0.001	11.599999999999975	0.1927187274611542
0.001	11.699999999999974	0.194973346606406
0.001	11.799999999999974	0.1972543425732418
0.001	11.899999999999974	0.199562023944474
0.001	11.999999999999973	0.20189670291302986
0.001	12.099999999999973	0.20425869532418608
0.001	12.199999999999973	0.20664832071829775
0.001	12.299999999999972	0.20906590237402717
0.001	12.399999999999972	0.21151176735207833
0.001	12.499999999999972	0.21398624653944304
0.001	12.599999999999971	0.21648967469416477
0.001	12.69999999999997	0.21902239049062613
0.001	12.79999999999997	0.22158473656536615
0.001	12.89999999999997	0.22417705956343362
0.001	12.99999999999997	0.22679971018528275
0.001	13.09999999999997	0.2294530432342173
0.001	13.199999999999969	0.23213741766439006
0.001	13.299999999999969	0.23485319662936346
0.001	13.399999999999968	0.23760074753123872
0.001	13.499999999999968	0.24038044207035944
0.001	13.599999999999968	0.24319265629559692
0.001	13.699999999999967	0.2460377706552235
0.001	13.799999999999967	0.24891617004838132
0.001	13.899999999999967	0.2518282438771531
0.001	13.999999999999966	0.2547743860992421
0.001	14.099999999999966	0.2577549952812683
0.001	14.199999999999966	0.2607704746526883
0.001	14.299999999999965	0.263821232160346
0.001	14.399999999999965	0.266907680523661
0.001	14.499999999999964	0.2700302372904635
0.001	14.599999999999964	0.27318932489348163
0.001	14.699999999999964	0.2763853707074901
0.001	14.799999999999963	0.2796188071071271
0.001	14.899999999999963	0.28289007152538803
0.001	14.999999999999963	0.286199606512803
0.001	15.099999999999962	0.2895478597973073
0.001	15.199999999999962	0.29293528434481153
0.001	15.299999999999962	0.29636233842048104
0.001	15.399999999999961	0.29982948565073186
0.001	15.499999999999961	0.30333719508595214
0.001	15.59999999999996	0.3068859412639572
0.001	15.69999999999996	0.31047620427418693
0.001	15.79999999999996	0.3141084698226546
0.001	15.89999999999996	0.317783229297655
0.001	15.99999999999996	0.3215009798362416
0.001	16.09999999999996	0.32526222439148134
0.001	16.19999999999996	0.3290674718004963
0.001	16.29999999999996	0.33291723685330127
0.001	16.399999999999963	0.3368120403624469
0.001	16.499999999999964	0.3407524092334771
0.001	16.599999999999966	0.3447388765362115
0.001	16.699999999999967	0.34877198157686096
0.001	16.79999999999997	0.35285226997098756
0.001	16.89999999999997	0.35698029371731754
0.001	16.99999999999997	0.36115661127241816
0.001	17.099999999999973	0.365381787626248
0.001	17.199999999999974	0.3696563943785913
0.001	17.299999999999976	0.3739810098163863
0.001	17.399999999999977	0.3783562189919584
0.001	17.49999999999998	0.38278261380216855
0.001	17.59999999999998	0.3872607930684874
0.001	17.69999999999998	0.3917913626180066
0.001	17.799999999999983	0.39637493536539775
0.001	17.899999999999984	0.4010121313958297
0.001	17.999999999999986	0.40570357804885676
0.001	18.099999999999987	0.4104499100032875
0.001	18.19999999999999	0.41525176936304703
0.001	18.29999999999999	0.4201098057440434
0.001	18.39999999999999	0.4250246763620504
0.001	18.499999999999993	0.42999704612161865
0.001	18.599999999999994	0.4350275877060266
0.001	18.699999999999996	0.44011698166828395
0.001	18.799999999999997	0.4452659165231997
0.001	18.9	0.4504750888405275
0.001	19.0	0.4557452033392006
0.001	19.1	0.4610769729826689
0.001	19.200000000000003	0.46647111907535216
0.001	19.300000000000004	0.4719283713602206
0.001	19.400000000000006	0.47744946811751793
0.001	19.500000000000007	0.48303515626463905
0.001	19.60000000000001	0.4886861914571761
0.001	19.70000000000001	0.49440333819114685
0.001	19.80000000000001	0.5001873699064188
0.001	19.900000000000013	0.5060390690913434
0.001	20.000000000000014	0.5119592273886149
0.001	20.100000000000016	0.5179486457023662
0.001	20.200000000000017	0.5240081343065195
0.001	20.30000000000002	0.5301385129544031
0.001	20.40000000000002	0.536340610989651
0.001	20.50000000000002	0.5426152674584005
0.001	20.600000000000023	0.5489633312228015
0.001	20.700000000000024	0.5553856610758543
0.001	20.800000000000026	0.5618831258575909
0.001	20.900000000000027	0.5684566045726152
0.001	21.00000000000003	0.5751069865090181
0.001	21.10000000000003	0.5818351713586855
0.001	21.20000000000003	0.5886420693390105
0.001	21.300000000000033	0.5955286013160332
0.001	21.400000000000034	0.6024956989290184
0.001	21.500000000000036	0.6095443047164919
0.001	21.600000000000037	0.6166753722437514
0.001	21.70000000000004	0.6238898662318683
0.001	21.80000000000004	0.6311887626881998
0.001	21.90000000000004	0.6385730490384273
0.001	22.000000000000043	0.6460437242601389
0.001	22.100000000000044	0.6536017990179762
0.001	22.200000000000045	0.6612482958003607
0.001	22.300000000000047	0.6689842490578204
0.001	22.40000000000005	0.6768107053429351
0.001	22.50000000000005	0.6847287234519179
0.001	22.60000000000005	0.6927393745678542
0.001	22.700000000000053	0.7008437424056153
0.001	22.800000000000054	0.7090429233584685
0.001	22.900000000000055	0.7173380266464016
0.001	23.000000000000057	0.7257301744661827
0.001	23.10000000000006	0.734220502143176
0.001	23.20000000000006	0.7428101582849335
0.001	23.30000000000006	0.751500304936583
0.001	23.400000000000063	0.7602921177380354
0.001	23.500000000000064	0.7691867860830292
0.001	23.600000000000065	0.7781855132800373
0.001	23.700000000000067	0.7872895167150559
0.001	23.800000000000068	0.7965000280162972
0.001	23.90000000000007	0.8058182932208092
0.001	24.0	0.8152455729430391
0.0031622776601683794	0.0	0.05
0.0031622776601683794	0.1	0.050584950714171316
0.0031622776601683794	0.2	0.05117674477510282
0.0031622776601683794	0.30000000000000004	0.051775462243206005
0.0031622776601683794	0.4	0.05238118411552027
0.0031622776601683794	0.5	0.05299399233667052
0.0031622776601683794	0.6	0.05361396980995301
0.0031622776601683794	0.7	0.054241200408550835
0.0031622776601683794	0.7999999999999999	0.05487576898688066
0.0031622776601683794	0.8999999999999999	0.05551776139207218
0.0031622776601683794	0.9999999999999999	0.05616726447558188
0.0031622776601683794	1.0999999999999999	0.056824366104942695
0.0031622776601683794	1.2	0.05748915517565106
0.0031622776601683794	1.3	0.058161721623193115
0.0031622776601683794	1.4000000000000001	0.05884215643521151
0.0031622776601683794	1.5000000000000002	0.05953055166381466
0.0031622776601683794	1.6000000000000003	0.06022700043802987
0.0031622776601683794	1.7000000000000004	0.060931596976402304
0.0031622776601683794	1.8000000000000005	0.061644436599741205
0.0031622776601683794	1.9000000000000006	0.06236561574401534
0.0031622776601683794	2.0000000000000004	0.06309523197339925
0.0031622776601683794	2.1000000000000005	0.06383338399347215
0.0031622776601683794	2.2000000000000006	0.06458017166457121
0.0031622776601683794	2.3000000000000007	0.06533569601530115
0.0031622776601683794	2.400000000000001	0.06610005925620176
0.0031622776601683794	2.500000000000001	0.06687336479357539
0.0031622776601683794	2.600000000000001	0.0676557172434762
0.0031622776601683794	2.700000000000001	0.06844722244586308
0.0031622776601683794	2.800000000000001	0.0692479874789181
0.0031622776601683794	2.9000000000000012	0.07005812067353248
0.0031622776601683794	3.0000000000000013	0.07087773162796214
0.0031622776601683794	3.1000000000000014	0.07170693122265452
0.0031622776601683794	3.2000000000000015	0.07254583163524903
0.0031622776601683794	3.3000000000000016	0.07339454635575283
0.0031622776601683794	3.4000000000000017	0.07425319020189437
0.0031622776601683794	3.5000000000000018	0.0751218793346563
0.0031622776601683794	3.600000000000002	0.07600073127399028
0.0031622776601683794	3.700000000000002	0.07688986491471553
0.0031622776601683794	3.800000000000002	0.0777894005426035
0.0031622776601683794	3.900000000000002	0.07869945985065059
0.0031622776601683794	4.000000000000002	0.07962016595554129
0.0031622776601683794	4.100000000000001	0.08055164341430394
0.0031622776601683794	4.200000000000001	0.08149401824116134
0.0031622776601683794	4.300000000000001	0.08244741792457849
0.0031622776601683794	4.4	0.08341197144450975
0.0031622776601683794	4.5	0.08438780928984782
0.0031622776601683794	4.6	0.0853750634760768
0.0031622776601683794	4.699999999999999	0.08637386756313185
0.0031622776601683794	4.799999999999999	0.08738435667346771
0.0031622776601683794	4.899999999999999	0.08840666751033863
0.0031622776601683794	4.999999999999998	0.08944093837629219
0.0031622776601683794	5.099999999999998	0.09048730919187949
0.0031622776601683794	5.1999999999999975	0.0915459215145841
0.0031622776601683794	5.299999999999997	0.09261691855797265
0.0031622776601683794	5.399999999999997	0.0937004452110693
0.0031622776601683794	5.4999999999999964	0.094796648057957
0.0031622776601683794	5.599999999999996	0.09590567539760797
0.0031622776601683794	5.699999999999996	0.09702767726394623
0.0031622776601683794	5.799999999999995	0.09816280544614482
0.0031622776601683794	5.899999999999995	0.09931121350916046
0.0031622776601683794	5.999999999999995	0.10047305681450852
0.0031622776601683794	6.099999999999994	0.10164849254128096
0.0031622776601683794	6.199999999999994	0.10283767970741016
0.0031622776601683794	6.299999999999994	0.10404077919118157
0.0031622776601683794	6.399999999999993	0.105257953752998
0.0031622776601683794	6.499999999999993	0.10648936805739855
0.0031622776601683794	6.5999999999999925	0.10773518869533509
0.0031622776601683794	6.699999999999992	0.10899558420670945
0.0031622776601683794	6.799999999999992	0.11027072510317414
0.0031622776601683794	6.8999999999999915	0.11156078389119994
0.0031622776601683794	6.999999999999991	0.11286593509541333
0.0031622776601683794	7.099999999999991	0.11418635528220683
0.0031622776601683794	7.19999999999999	0.11552222308362575
0.0031622776601683794	7.29999999999999	0.11687371922153425
0.0031622776601683794	7.39999999999999	0.11824102653206413
0.0031622776601683794	7.499999999999989	0.11962432999034973
0.0031622776601683794	7.599999999999989	0.12102381673555214
0.0031622776601683794	7.699999999999989	0.12243967609617613
0.0031622776601683794	7.799999999999988	0.12387209961568338
0.0031622776601683794	7.899999999999988	0.12532128107840526
0.0031622776601683794	7.999999999999988	0.1267874165357588
0.0031622776601683794	8.099999999999987	0.12827070433276938
0.0031622776601683794	8.199999999999987	0.1297713451349036
0.0031622776601683794	8.299999999999986	0.13128954195521628
0.0031622776601683794	8.399999999999986	0.13282550018181485
0.0031622776601683794	8.499999999999986	0.13437942760564514
0.0031622776601683794	8.599999999999985	0.13595153444860222
0.0031622776601683794	8.699999999999985	0.13754203339197013
0.0031622776601683794	8.799999999999985	0.1391511396051943
0.0031622776601683794	8.899999999999984	0.1407790707749905
0.0031622776601683794	8.999999999999984	0.1424260471347946
0.0031622776601683794	9.099999999999984	0.1440922914945565
0.0031622776601683794	9.199999999999983	0.14577802927088293
0.0031622776601683794	9.299999999999983	0.14748348851753273
0.0031622776601683794	9.399999999999983	0.14920889995626888
0.0031622776601683794	9.499999999999982	0.1509544970080716
0.0031622776601683794	9.599999999999982	0.15272051582471646
0.0031622776601683794	9.699999999999982	0.15450719532072205
0.0031622776601683794	9.799999999999981	0.1563147772056713
0.0031622776601683794	9.89999999999998	0.15814350601691105
0.0031622776601683794	9.99999999999998	0.159993629152634
0.0031622776601683794	10.09999999999998	0.16186539690534785
0.0031622776601683794	10.19999999999998	0.16375906249573596
0.0031622776601683794	10.29999999999998	0.16567488210691408
0.0031622776601683794	10.399999999999979	0.16761311491908784
0.0031622776601683794	10.499999999999979	0.1695740231446158
0.0031622776601683794	10.599999999999978	0.17155787206348272
0.0031622776601683794	10.699999999999978	0.17356493005918763
0.0031622776601683794	10.799999999999978	0.17559546865505196
0.0031622776601683794	10.899999999999977	0.17764976255095236
0.0031622776601683794	10.999999999999977	0.17972808966048323
0.0031622776601683794	11.099999999999977	0.18183073114855414
0.0031622776601683794	11.199999999999976	0.1839579714694269
0.0031622776601683794	11.299999999999976	0.18611009840519785
0.0031622776601683794	11.399999999999975	0.18828740310473013
0.0031622776601683794	11.499999999999975	0.1904901801230416
0.0031622776601683794	11.599999999999975	0.1927187274611535
0.0031622776601683794	11.699999999999974	0.19497334660640528
0.0031622776601683794	11.799999999999974	0.19725434257324104
0.0031622776601683794	11.899999999999974	0.19956202394447325
0.0031622776601683794	11.999999999999973	0.2018967029130291
0.0031622776601683794	12.099999999999973	0.2042586953241853
0.0031622776601683794	12.199999999999973	0.20664832071829697
0.0031622776601683794	12.299999999999972	0.2090659023740264
0.0031622776601683794	12.399999999999972	0.21151176735207752
0.0031622776601683794	12.499999999999972	0.2139862465394422
0.0031622776601683794	12.599999999999971	0.2164896746941639
0.0031622776601683794	12.69999999999997	0.21902239049062525
0.0031622776601683794	12.79999999999997	0.22158473656536523
0.0031622776601683794	12.89999999999997	0.2241770595634327
0.0031622776601683794	12.99999999999997	0.2267997101852818
0.0031622776601683794	13.09999999999997	0.22945304323421636
0.0031622776601683794	13.199999999999969	0.23213741766438908
0.0031622776601683794	13.299999999999969	0.23485319662936247
0.0031622776601683794	13.399999999999968	0.2376007475312377
0.0031622776601683794	13.499999999999968	0.2403804420703584
0.0031622776601683794	13.599999999999968	0.24319265629559586
0.0031622776601683794	13.699999999999967	0.24603777065522242
0.0031622776601683794	13.799999999999967	0.24891617004838024
0.0031622776601683794	13.899999999999967	0.251828243877152
0.0031622776601683794	13.999999999999966	0.25477438609924097
0.0031622776601683794	14.099999999999966	0.25775499528126716
0.0031622776601683794	14.199999999999966	0.26077047465268716
0.0031622776601683794	14.299999999999965	0.2638212321603448
0.0031622776601683794	14.399999999999965	0.2669076805236598
0.0031622776601683794	14.499999999999964	0.27003023729046227
0.0031622776601683794	14.599999999999964	0.27318932489348036
0.0031622776601683794	14.699999999999964	0.27638537070748875
0.0031622776601683794	14.799999999999963	0.2796188071071257
0.0031622776601683794	14.899999999999963	0.2828900715253866
0.0031622776601683794	14.999999999999963	0.2861996065128016
0.0031622776601683794	15.099999999999962	0.2895478597973058
0.0031622776601683794	15.199999999999962	0.29293528434481
0.0031622776601683794	15.299999999999962	0.29636233842047943
0.0031622776601683794	15.399999999999961	0.29982948565073025
0.0031622776601683794	15.499999999999961	0.30333719508595053
0.0031622776601683794	15.59999999999996	0.3068859412639555
0.0031622776601683794	15.69999999999996	0.31047620427418526
0.0031622776601683794	15.79999999999996	0.31410846982265295
0.0031622776601683794	15.89999999999996	0.31778322929765335
0.0031622776601683794	15.99999999999996	0.32150097983623993
0.0031622776601683794	16.09999999999996	0.32526222439147967
0.0031622776601683794	16.19999999999996	0.3290674718004946
0.0031622776601683794	16.29999999999996	0.3329172368532996
0.0031622776601683794	16.399999999999963	0.33681204036244516
0.0031622776601683794	16.499999999999964	0.3407524092334754
0.0031622776601683794	16.599999999999966	0.3447388765362097
0.0031622776601683794	16.699999999999967	0.3487719815768592
0.0031622776601683794	16.79999999999997	0.35285226997098573
0.0031622776601683794	16.89999999999997	0.35698029371731566
0.0031622776601683794	16.99999999999997	0.3611566112724162
0.0031622776601683794	17.099999999999973	0.36538178762624607
0.0031622776601683794	17.199999999999974	0.3696563943785893
0.0031622776601683794	17.299999999999976	0.3739810098163843
0.0031622776601683794	17.399999999999977	0.3783562189919564
0.0031622776601683794	17.49999999999998	0.38278261380216644
0.0031622776601683794	17.59999999999998	0.3872607930684852
0.0031622776601683794	17.69999999999998	0.3917913626180044
0.0031622776601683794	17.799999999999983	0.3963749353653955
0.0031622776601683794	17.899999999999984	0.4010121313958274
0.0031622776601683794	17.999999999999986	0.40570357804885443
0.0031622776601683794	18.099999999999987	0.4104499100032851
0.0031622776601683794	18.19999999999999	0.4152517693630446
0.0031622776601683794	18.29999999999999	0.4201098057440409
0.0031622776601683794	18.39999999999999	0.4250246763620479
0.0031622776601683794	18.499999999999993	0.4299970461216161
0.0031622776601683794	18.599999999999994	0.435027587706024
0.0031622776601683794	18.699999999999996	0.4401169816682813
0.0031622776601683794	18.799999999999997	0.44526591652319697
0.0031622776601683794	18.9	0.45047508884052473
0.0031622776601683794	19.0	0.45574520333919777
0.0031622776601683794	19.1	0.46107697298266603
0.0031622776601683794	19.200000000000003	0.4664711190753492
0.0031622776601683794	19.300000000000004	0.4719283713602176
0.0031622776601683794	19.400000000000006	0.4774494681175149
0.0031622776601683794	19.500000000000007	0.48303515626463595
0.0031622776601683794	19.60000000000001	0.48868619145717296
0.0031622776601683794	19.70000000000001	0.4944033381911436
0.0031622776601683794	19.80000000000001	0.5001873699064154
0.0031622776601683794	19.900000000000013	0.50603906909134
0.0031622776601683794	20.000000000000014	0.5119592273886113
0.0031622776601683794	20.100000000000016	0.5179486457023625
0.0031622776601683794	20.200000000000017	0.5240081343065158
0.0031622776601683794	20.30000000000002	0.5301385129543993
0.0031622776601683794	20.40000000000002	0.5363406109896471
0.0031622776601683794	20.50000000000002	0.5426152674583966
0.0031622776601683794	20.600000000000023	0.5489633312227976
0.0031622776601683794	20.700000000000024	0.5553856610758504
0.0031622776601683794	20.800000000000026	0.5618831258575869
0.0031622776601683794	20.900000000000027	0.568456604572611
0.0031622776601683794	21.00000000000003	0.575106986509014
0.0031622776601683794	21.10000000000003	0.5818351713586812
0.0031622776601683794	21.20000000000003	0.5886420693390062
0.0031622776601683794	21.300000000000033	0.5955286013160288
0.0031622776601683794	21.400000000000034	0.6024956989290139
0.0031622776601683794	21.500000000000036	0.6095443047164874
0.0031622776601683794	21.600000000000037	0.6166753722437467
0.0031622776601683794	21.70000000000004	0.6238898662318635
0.0031622776601683794	21.80000000000004	0.631188762688195
0.0031622776601683794	21.90000000000004	0.6385730490384224
0.0031622776601683794	22.000000000000043	0.6460437242601339
0.0031622776601683794	22.100000000000044	0.6536017990179711
0.0031622776601683794	22.200000000000045	0.6612482958003555
0.0031622776601683794	22.300000000000047	0.6689842490578152
0.0031622776601683794	22.40000000000005	0.6768107053429298
0.0031622776601683794	22.50000000000005	0.6847287234519125
0.0031622776601683794	22.60000000000005	0.6927393745678486
0.0031622776601683794	22.700000000000053	0.7008437424056096
0.0031622776601683794	22.800000000000054	0.7090429233584628
0.0031622776601683794	22.900000000000055	0.7173380266463957
0.0031622776601683794	23.000000000000057	0.7257301744661767
0.0031622776601683794	23.10000000000006	0.7342205021431699
0.0031622776601683794	23.20000000000006	0.7428101582849272
0.0031622776601683794	23.30000000000006	0.7515003049365767
0.0031622776601683794	23.400000000000063	0.760292117738029
0.0031622776601683794	23.500000000000064	0.7691867860830226
0.0031622776601683794	23.600000000000065	0.7781855132800306
0.0031622776601683794	23.700000000000067	0.7872895167150491
0.0031622776601683794	23.800000000000068	0.7965000280162903
0.0031622776601683794	23.90000000000007	0.8058182932208022
0.0031622776601683794	24.0	0.815245572943032
0.01	0.0	0.05
0.01	0.1	0.050584950714171316
0.01	0.2	0.05117674477510282
0.01	0.30000000000000004	0.051775462243206005
0.01	0.4	0.05238118411552027
0.01	0.5	0.05299399233667053
0.01	0.6	0.05361396980995302
0.01	0.7	0.05424120040855084
0.01	0.7999999999999999	0.054875768986880666
0.01	0.8999999999999999	0.055517761392072186
0.01	0.9999999999999999	0.056167264475581895
0.01	1.0999999999999999	0.05682436610494271
0.01	1.2	0.05748915517565108
0.01	1.3	0.05816172162319313
0.01	1.4000000000000001	0.058842156435211526
0.01	1.5000000000000002	0.05953055166381467
0.01	1.6000000000000003	0.060227000438029886
0.01	1.7000000000000004	0.06093159697640232
0.01	1.8000000000000005	0.061644436599741226
0.01	1.9000000000000006	0.06236561574401536
0.01	2.0000000000000004	0.06309523197339928
0.01	2.1000000000000005	0.06383338399347217
0.01	2.2000000000000006	0.06458017166457124
0.01	2.3000000000000007	0.06533569601530118
0.01	2.400000000000001	0.06610005925620178
0.01	2.500000000000001	0.06687336479357542
0.01	2.600000000000001	0.06765571724347623
0.01	2.700000000000001	0.06844722244586311
0.01	2.800000000000001	0.06924798747891812
0.01	2.9000000000000012	0.07005812067353251
0.01	3.0000000000000013	0.07087773162796217
0.01	3.1000000000000014	0.07170693122265455
0.01	3.2000000000000015	0.07254583163524905
0.01	3.3000000000000016	0.07339454635575288
0.01	3.4000000000000017	0.07425319020189443
0.01	3.5000000000000018	0.07512187933465636
0.01	3.600000000000002	0.07600073127399033
0.01	3.700000000000002	0.07688986491471558
0.01	3.800000000000002	0.07778940054260355
0.01	3.900000000000002	0.07869945985065065
0.01	4.000000000000002	0.07962016595554135
0.01	4.100000000000001	0.080551643414304
0.01	4.200000000000001	0.0814940182411614
0.01	4.300000000000001	0.08244741792457855
0.01	4.4	0.0834119714445098
0.01	4.5	0.08438780928984788
0.01	4.6	0.08537506347607686
0.01	4.699999999999999	0.08637386756313191
0.01	4.799999999999999	0.08738435667346776
0.01	4.899999999999999	0.08840666751033868
0.01	4.999999999999998	0.08944093837629226
0.01	5.099999999999998	0.09048730919187956
0.01	5.1999999999999975	0.09154592151458417
0.01	5.299999999999997	0.09261691855797272
0.01	5.399999999999997	0.09370044521106936
0.01	5.4999999999999964	0.09479664805795707
0.01	5.599999999999996	0.09590567539760804
0.01	5.699999999999996	0.0970276772639463
0.01	5.799999999999995	0.09816280544614489
0.01	5.899999999999995	0.09931121350916054
0.01	5.999999999999995	0.1004730568145086
0.01	6.099999999999994	0.10164849254128104
0.01	6.199999999999994	0.10283767970741024
0.01	6.299999999999994	0.10404077919118165
0.01	6.399999999999993	0.1052579537529981
0.01	6.499999999999993	0.10648936805739864
0.01	6.5999999999999925	0.10773518869533519
0.01	6.699999999999992	0.10899558420670954
0.01	6.799999999999992	0.11027072510317423
0.01	6.8999999999999915	0.11156078389120004
0.01	6.999999999999991	0.11286593509541343
0.01	7.099999999999991	0.11418635528220694
0.01	7.19999999999999	0.11552222308362586
0.01	7.29999999999999	0.11687371922153436
0.01	7.39999999999999	0.11824102653206425
0.01	7.499999999999989	0.11962432999034986
0.01	7.599999999999989	0.12102381673555226
0.01	7.699999999999989	0.12243967609617626
0.01	7.799999999999988	0.12387209961568352
0.01	7.899999999999988	0.1253212810784054
0.01	7.999999999999988	0.12678741653575895
0.01	8.099999999999987	0.12827070433276952
0.01	8.199999999999987	0.12977134513490374
0.01	8.299999999999986	0.13128954195521642
0.01	8.399999999999986	0.132825500181815
0.01	8.499999999999986	0.13437942760564528
0.01	8.599999999999985	0.13595153444860236
0.01	8.699999999999985	0.1375420333919703
0.01	8.799999999999985	0.13915113960519446
0.01	8.899999999999984	0.14077907077499066
0.01	8.999999999999984	0.14242604713479476
0.01	9.099999999999984	0.14409229149455666
0.01	9.199999999999983	0.1457780292708831
0.01	9.299999999999983	0.1474834885175329
0.01	9.399999999999983	0.14920889995626907
0.01	9.499999999999982	0.1509544970080718
0.01	9.599999999999982	0.15272051582471666
0.01	9.699999999999982	0.15450719532072224
0.01	9.799999999999981	0.1563147772056715
0.01	9.89999999999998	0.15814350601691124
0.01	9.99999999999998	0.1599936291526342
0.01	10.09999999999998	0.1618653969053481
0.01	10.19999999999998	0.16375906249573624
0.01	10.29999999999998	0.16567488210691436
0.01	10.399999999999979	0.16761311491908812
0.01	10.499999999999979	0.16957402314461612
0.01	10.599999999999978	0.17155787206348305
0.01	10.699999999999978	0.17356493005918797
0.01	10.799999999999978	0.1755954686550523
0.01	10.899999999999977	0.1776497625509527
0.01	10.999999999999977	0.17972808966048356
0.01	11.099999999999977	0.18183073114855447
0.01	11.199999999999976	0.18395797146942724
0.01	11.299999999999976	0.1861100984051982
0.01	11.399999999999975	0.1882874031047305
0.01	11.499999999999975	0.19049018012304197
0.01	11.599999999999975	0.1927187274611539
0.01	11.699999999999974	0.19497334660640567
0.01	11.799999999999974	0.19725434257324143
0.01	11.899999999999974	0.19956202394447364
0.01	11.999999999999973	0.2018967029130295
0.01	12.099999999999973	0.2042586953241857
0.01	12.199999999999973	0.20664832071829736
0.01	12.299999999999972	0.20906590237402678
0.01	12.399999999999972	0.21151176735207794
0.01	12.499999999999972	0.21398624653944265
0.01	12.599999999999971	0.21648967469416436
0.01	12.69999999999997	0.2190223904906257
0.01	12.79999999999997	0.2215847365653657
0.01	12.89999999999997	0.22417705956343317
0.01	12.99999999999997	0.22679971018528228
0.01	13.09999999999997	0.22945304323421684
0.01	13.199999999999969	0.23213741766438956
0.01	13.299999999999969	0.23485319662936294
0.01	13.399999999999968	0.23760074753123817
0.01	13.499999999999968	0.24038044207035889
0.01	13.599999999999968	0.24319265629559633
0.01	13.699999999999967	0.2460377706552229
0.01	13.799999999999967	0.2489161700483807
0.01	13.899999999999967	0.25182824387715247
0.01	13.999999999999966	0.2547743860992414
0.01	14.099999999999966	0.2577549952812676
0.01	14.199999999999966	0.26077047465268766
0.01	14.299999999999965	0.2638212321603453
0.01	14.399999999999965	0.2669076805236603
0.01	14.499999999999964	0.2700302372904628
0.01	14.599999999999964	0.27318932489348097
0.01	14.699999999999964	0.27638537070748936
0.01	14.799999999999963	0.27961880710712633
0.01	14.899999999999963	0.2828900715253872
0.01	14.999999999999963	0.2861996065128022
0.01	15.099999999999962	0.28954785979730646
0.01	15.199999999999962	0.29293528434481064
0.01	15.299999999999962	0.2963623384204801
0.01	15.399999999999961	0.2998294856507309
0.01	15.499999999999961	0.3033371950859512
0.01	15.59999999999996	0.3068859412639562
0.01	15.69999999999996	0.31047620427418593
0.01	15.79999999999996	0.3141084698226536
0.01	15.89999999999996	0.317783229297654
0.01	15.99999999999996	0.3215009798362406
0.01	16.09999999999996	0.32526222439148034
0.01	16.19999999999996	0.3290674718004953
0.01	16.29999999999996	0.33291723685330027
0.01	16.399999999999963	0.33681204036244583
0.01	16.499999999999964	0.34075240923347605
0.01	16.599999999999966	0.3447388765362104
0.01	16.699999999999967	0.34877198157685985
0.01	16.79999999999997	0.3528522699709864
0.01	16.89999999999997	0.3569802937173164
0.01	16.99999999999997	0.361156611272417
0.01	17.099999999999973	0.36538178762624685
0.01	17.199999999999974	0.36965639437859016
0.01	17.299999999999976	0.37398100981638516
0.01	17.399999999999977	0.37835621899195726
0.01	17.49999999999998	0.3827826138021673
0.01	17.59999999999998	0.38726079306848615
0.01	17.69999999999998	0.39179136261800535
0.01	17.799999999999983	0.3963749353653964
0.01	17.899999999999984	0.40101213139582836
0.01	17.999999999999986	0.4057035780488554
0.01	18.099999999999987	0.41044991000328607
0.01	18.19999999999999	0.41525176936304553
0.01	18.29999999999999	0.42010980574404183
0.01	18.39999999999999	0.4250246763620488
0.01	18.499999999999993	0.4299970461216171
0.01	18.599999999999994	0.435027587706025
0.01	18.699999999999996	0.4401169816682823
0.01	18.799999999999997	0.44526591652319797
0.01	18.9	0.4504750888405258
0.01	19.0	0.4557452033391988
0.01	19.1	0.46107697298266714
0.01	19.200000000000003	0.4664711190753503
0.01	19.300000000000004	0.4719283713602187
0.01	19.400000000000006	0.477449468117516
0.01	19.500000000000007	0.4830351562646371
0.01	19.60000000000001	0.4886861914571742
0.01	19.70000000000001	0.49440333819114485
0.01	19.80000000000001	0.5001873699064167
0.01	19.900000000000013	0.5060390690913412
0.01	20.000000000000014	0.5119592273886125
0.01	20.100000000000016	0.5179486457023638
0.01	20.200000000000017	0.524008134306517
0.01	20.30000000000002	0.5301385129544005
0.01	20.40000000000002	0.5363406109896485
0.01	20.50000000000002	0.5426152674583979
0.01	20.600000000000023	0.548963331222799
0.01	20.700000000000024	0.5553856610758517
0.01	20.800000000000026	0.5618831258575883
0.01	20.900000000000027	0.5684566045726124
0.01	21.00000000000003	0.5751069865090154
0.01	21.10000000000003	0.5818351713586826
0.01	21.20000000000003	0.5886420693390075
0.01	21.300000000000033	0.5955286013160302
0.01	21.400000000000034	0.6024956989290153
0.01	21.500000000000036	0.6095443047164888
0.01	21.600000000000037	0.6166753722437481
0.01	21.70000000000004	0.6238898662318649
0.01	21.80000000000004	0.6311887626881965
0.01	21.90000000000004	0.6385730490384238
0.01	22.000000000000043	0.6460437242601355
0.01	22.100000000000044	0.6536017990179727
0.01	22.200000000000045	0.661248295800357
0.01	22.300000000000047	0.6689842490578167
0.01	22.40000000000005	0.6768107053429313
0.01	22.50000000000005	0.684728723451914
0.01	22.60000000000005	0.6927393745678503
0.01	22.700000000000053	0.7008437424056113
0.01	22.800000000000054	0.7090429233584645
0.01	22.900000000000055	0.7173380266463976
0.01	23.000000000000057	0.7257301744661786
0.01	23.10000000000006	0.7342205021431719
0.01	23.20000000000006	0.7428101582849294
0.01	23.30000000000006	0.7515003049365789
0.01	23.400000000000063	0.7602921177380312
0.01	23.500000000000064	0.7691867860830248
0.01	23.600000000000065	0.7781855132800329
0.01	23.700000000000067	0.7872895167150514
0.01	23.800000000000068	0.7965000280162926
0.01	23.90000000000007	0.8058182932208047
0.01	24.0	0.8152455729430345
