class,mnxm,met_id,model_formula,metanetx_formula,metanetx_charge,H_diff,met_name
only_H,MNXM1371362,m1[C_cy],C3H6O3,C3H5O3,-1,1,(R)-lactate_C3H6O3
only_H,MNXM23,m4[C_cy],C3H4O3,C3H3O3,-1,1,pyruvate_C3H4O3
only_H,MNXM1371363,m7[C_cy],C3H6O3,C3H5O3,-1,1,(S)-lactate_C3H6O3
only_H,MNXM1102128,m11[C_cy],C9H14N2O12P2,C9H11N2O12P2,-3,3,UDP_C9H14N2O12P2
only_H,MNXM3,m16[C_vm],C10H16N5O13P3,C10H12N5O13P3,-4,4,ATP_C10H16N5O13P3
only_H,MNXM40333,m18[C_vm],C10H15N5O10P2,C10H12N5O10P2,-3,3,ADP_C10H15N5O10P2
only_H,MNXM741173,m29[C_mi],C5H9NO4,C5H8NO4,-1,1,L-glutamate_C5H9NO4
only_H,MNXM10,m30[C_mi],C21H29N7O14P2,C21H27N7O14P2,-2,2,NADH_C21H29N7O14P2
only_H,MNXM39,m34[C_cy],CH2O2,CHO2,-1,1,formate_CH2O2
only_H,MNXM9,m35[C_cy],H3O4P,HO4P,-2,2,phosphate_H3O4P
only_H,MNXM738702,m40[C_cy],C21H30N7O17P3,C21H26N7O17P3,-4,4,NADPH_C21H30N7O17P3
only_H,MNXM5,m41[C_cy],C21H29N7O17P3,C21H25N7O17P3,-3,4,NADP(+)_C21H28N7O17P3
only_H,MNXM159,m42[C_mi],C4H6O3,C4H5O3,-1,1,2-oxobutanoate_C4H6O3
only_H,MNXM728294,m48[C_mi],C10H14N5O7P,C10H12N5O7P,-2,2,AMP_C10H14N5O7P
only_H,MNXM1368744,m51[C_cy],C5H6O5,C5H4O5,-2,2,2-oxoglutarate_C5H6O5
only_H,MNXM1368894,m52[C_cy],C6H11NO4,C6H10NO4,-1,1,L-2-aminoadipate_C6H11NO4
only_H,MNXM959,m53[C_cy],C6H10O4,C6H9O4,-1,1,2-dehydropantoate_C6H10O4
only_H,MNXM593,m54[C_cy],C6H12O4,C6H11O4,-1,1,(R)-pantoate_C6H12O4
only_H,MNXM258,m55[C_mi],C4H9O7P,C4H7O7P,-2,2,D-erythrose 4-phosphate_C4H9O7P
only_H,MNXM73,m56[C_mi],C3H5O6P,C3H2O6P,-3,3,phosphoenolpyruvate_C3H5O6P
only_H,MNXM1363767,m60[C_mi],C15H22N6O5S,C15H23N6O5S,1,-1,S-adenosyl-L-methionine_C15H22N6O5S
only_H,MNXM732866,m67[C_cy],C5H8O3,C5H7O3,-1,1,3-methyl-2-oxobutanoate_C5H8O3
only_H,MNXM1104266,m68[C_cy],C23H38N7O17P3S,C23H34N7O17P3S,-4,4,acetyl-CoA_C23H38N7O17P3S
only_H,MNXM46,m77[C_mi],C4H4O5,C4H2O5,-2,2,oxaloacetate_C4H4O5
only_H,MNXM404,m81[C_cy],C6H10O3,C6H9O3,-1,1,4-methyl-2-oxopentanoate_C6H10O3
only_H,MNXM243,m87[C_cy],C10H12N5O6P,C10H11N5O6P,-1,1,"3',5'-cyclic AMP_C10H12N5O6P"
only_H,MNXM432,m89[C_cy],C10H14N5O6P,C10H12N5O6P,-2,2,dAMP_C10H14N5O6P
only_H,MNXM9932,m90[C_cy],C10H11N4O7P,C10H10N4O7P,-1,1,"3',5'-cyclic IMP_C10H11N4O7P"
only_H,MNXM1101868,m91[C_cy],C10H13N4O8P,C10H11N4O8P,-2,2,IMP_C10H13N4O8P
only_H,MNXM731192,m92[C_cy],C10H12N5O7P,C10H11N5O7P,-1,1,"3',5'-cyclic GMP_C10H12N5O7P"
only_H,MNXM1101285,m93[C_cy],C10H14N5O8P,C10H12N5O8P,-2,2,GMP_C10H14N5O8P
only_H,MNXM3162,m94[C_cy],C9H12N3O7P,C9H11N3O7P,-1,1,"3',5'-cyclic CMP_C9H12N3O7P"
only_H,MNXM1103302,m95[C_cy],C9H14N3O8P,C9H12N3O8P,-2,2,CMP_C9H14N3O8P
only_H,MNXM145,m96[C_cy],C5H11O8P,C5H9O8P,-2,2,D-ribulose 5-phosphate_C5H11O8P
only_H,MNXM736874,m98[C_cy],C7H10O6,C7H9O6,-1,1,3-dehydroquinate_C7H10O6
only_H,MNXM611,m99[C_cy],C7H8O5,C7H7O5,-1,1,3-dehydroshikimate_C7H8O5
only_H,MNXM733692,m105[C_er],C18H39NO2,C18H40NO2,1,-1,sphinganine_C18H39NO2
only_H,MNXM1108156,m113[C_cy],C7H7NO3,C7H6NO3,-1,1,3-hydroxyanthranilate_C7H7NO3
only_H,MNXM1103776,m117[C_pe],C35H60N7O18P3S,C35H56N7O18P3S,-4,4,3-oxotetradecanoyl-CoA_C35H60N7O18P3S
only_H,MNXM741109,m121[C_cy],C7H12O5,C7H10O5,-2,2,"(2R,3S)-3-isopropylmalate_C7H12O5"
only_H,MNXM90098,m124[C_mi],C20H23N7O6,C20H21N7O6,-2,2,"5,10-methylenetetrahydrofolate_C20H23N7O6"
only_H,MNXM337,m129[C_cy],C10H10O6,C10H8O6,-2,2,chorismate_C10H10O6
only_H,MNXM1458,m131[C_cy],C10H11NO5,C10H10NO5,-1,1,4-amino-4-deoxychorismate_C10H11NO5
only_H,MNXM421,m132[C_cy],C7H7NO2,C7H6NO2,-1,1,4-aminobenzoate_C7H7NO2
only_H,MNXM164,m138[C_mi],C7H6O3,C7H5O3,-1,1,4-hydroxybenzoate_C7H6O3
only_H,MNXM1104823,m149[C_cy],C9H13N2O9P,C9H11N2O9P,-2,2,UMP_C9H13N2O9P
only_H,MNXM1104774,m156[C_mi],C25H40N7O19P3S,C25H35N7O19P3S,-5,5,succinyl-CoA_C25H40N7O19P3S
only_H,MNXM734080,m169[C_cy],C6H13O10P,C6H10O10P,-3,3,6-phospho-D-gluconate_C6H13O10P
only_H,MNXM38670,m170[C_cy],C6H19O27P7,C6H6O27P7,-13,13,6-diphospho-1D-myo-inositol pentakisphosphate_C6H19O27P7
only_H,MNXM1104572,m181[C_pe],C39H68N7O18P3S,C39H64N7O18P3S,-4,4,3-oxooctadecanoyl-CoA_C39H68N7O18P3S
only_H,MNXM1106079,m185[C_pe],C47H84N7O18P3S,C47H80N7O18P3S,-4,4,3-oxohexacosanoyl-CoA_C47H84N7O18P3S
only_H,MNXM1104012,m186[C_pe],C45H82N7O17P3S,C45H78N7O17P3S,-4,4,tetracosanoyl-CoA_C45H82N7O17P3S
only_H,MNXM1103802,m189[C_cy],C25H40N7O18P3S,C25H36N7O18P3S,-4,4,acetoacetyl-CoA_C25H40N7O18P3S
only_H,MNXM1104685,m192[C_pe],C31H52N7O18P3S,C31H48N7O18P3S,-4,4,3-oxodecanoyl-CoA_C31H52N7O18P3S
only_H,MNXM1093479,m193[C_pe],C29H50N7O17P3S,C29H46N7O17P3S,-4,4,octanoyl-CoA_C29H50N7O17P3S
only_H,MNXM1092836,m195[C_pe],C31H54N7O17P3S,C31H50N7O17P3S,-4,4,decanoyl-CoA_C31H54N7O17P3S
only_H,MNXM1106093,m198[C_mi],C24H38N7O19P3S,C24H33N7O19P3S,-5,5,malonyl-CoA_C24H38N7O19P3S
only_H,MNXM26,m201[C_mi],C2H4O2,C2H3O2,-1,1,acetate_C2H4O2
only_H,MNXM11,m203[C_cy],H4O7P2,HO7P2,-3,3,diphosphate_H4O7P2
only_H,MNXM1370620,m211[C_mi],C7H11NO5,C7H9NO5,-2,2,N-acetyl-L-glutamate_C7H11NO5
only_H,MNXM270,m216[C_ex],C17H20N4O6,C17H19N4O6,-1,1,riboflavin_C17H20N4O6
only_H,MNXM1103553,m260[C_mi],C10H16N5O14P3,C10H12N5O14P3,-4,4,GTP_C10H16N5O14P3
only_H,MNXM1103285,m261[C_mi],C10H15N5O11P2,C10H12N5O11P2,-3,3,GDP_C10H15N5O11P2
only_H,MNXM737340,m264[C_cy],C4H4O4,C4H2O4,-2,2,fumarate_C4H4O4
only_H,MNXM1364497,m267[C_cy],C4H7NO4,C4H6NO4,-1,1,L-aspartate_C4H7NO4
only_H,MNXM1103086,m269[C_cy],C10H14N5O10PS,C10H12N5O10PS,-2,2,5'-adenylyl sulfate_C10H14N5O10PS
only_H,MNXM69,m271[C_cy],C2H2O3,C2HO3,-1,1,glyoxylate_C2H2O3
only_H,MNXM736082,m280[C_cy],C3H7NO,C3H8NO,1,-1,3-aminopropanal_C3H7NO
only_H,MNXM1369355,m282[C_cy],C9H16N5O13P3,C9H12N5O13P3,-4,4,"7,8-dihydroneopterin 3'-triphosphate_C9H16N5O13P3"
only_H,MNXM584,m284[C_cy],C4H8N4O4,C4H7N4O4,-1,1,allantoate_C4H8N4O4
only_H,MNXM1364111,m296[C_cy],C6H13O9P,C6H11O9P,-2,2,D-glucose 6-phosphate_C6H13O9P
only_H,MNXM2617,m298[C_cy],C5H12N4O,C5H13N4O,1,-1,4-guanidinobutanamide_C5H12N4O
only_H,MNXM422,m303[C_mi],C4H9NO,C4H10NO,1,-1,4-aminobutanal_C4H9NO
only_H,MNXM188,m305[C_cy],C7H7NO2,C7H6NO2,-1,1,anthranilate_C7H7NO2
only_H,MNXM739527,m310[C_cy],C6H14N4O2,C6H15N4O2,1,-1,L-arginine_C6H14N4O2
only_H,MNXM741174,m311[C_cy],C5H13N2O2,C5H12N2O2,0,1,ornithine_C5H13N2O2
only_H,MNXM1177,m327[C_cy],C4H8NO7P,C4H6NO7P,-2,2,4-phospho-L-aspartate_C4H8NO7P
only_H,MNXM304,m348[C_cy],C10H16N2O3S,C10H15N2O3S,-1,1,biotin_C10H16N2O3S
only_H,MNXM1555803,m351[C_cy],C29H48O,C29H46O,0,2,14-demethyllanosterol_C29H48O
only_H,MNXM1103718,m376[C_em],C9H16N3O14P3,C9H12N3O14P3,-4,4,CTP_C9H16N3O14P3
only_H,MNXM1103046,m407[C_cy],C14H26N4O11P2,C14H25N4O11P2,-1,1,CDP-choline_C14H26N4O11P2
only_H,MNXM737312,m408[C_cy],C10H10O6,C10H8O6,-2,2,prephenate_C10H10O6
only_H,MNXM1092518,m409[C_mi],C6H6O6,C6H3O6,-3,3,cis-aconitate_C6H6O6
only_H,MNXM89661,m410[C_mi],C6H8O7,C6H5O7,-3,3,isocitrate_C6H8O7
only_H,MNXM1363834,m411[C_lp],C15H25O7P2,C15H28O7P2,0,-3,farnesyl diphosphate_C15H25O7P2
only_H,MNXM83,m412[C_lp],C5H12O7P2,C5H9O7P2,-3,3,isopentenyl diphosphate_C5H12O7P2
only_H,MNXM1102545,m414[C_lp],C20H36O7P2,C20H33O7P2,-3,3,geranylgeranyl diphosphate_C20H36O7P2
only_H,MNXM1107752,m433[C_mi],C6H8O7,C6H5O7,-3,3,citrate_C6H8O7
only_H,MNXM351,m438[C_cy],C34H40N4O4,C34H38N4O4,-2,2,protoporphyrinogen_C34H40N4O4
only_H,MNXM1101474,m439[C_cy],C9H15N2O15P3,C9H11N2O15P3,-4,4,UTP_C9H15N2O15P3
only_H,MNXM266,m459[C_cy],C9H14N3O7P,C9H12N3O7P,-2,2,dCMP_C9H14N3O7P
only_H,MNXM234,m460[C_cy],C9H13N2O8P,C9H11N2O8P,-2,2,dUMP_C9H13N2O8P
only_H,MNXM360,m461[C_cy],C9H16N3O13P3,C9H12N3O13P3,-4,4,dCTP_C9H16N3O13P3
only_H,MNXM452,m462[C_cy],C9H15N2O14P3,C9H11N2O14P3,-4,4,dUTP_C9H15N2O14P3
only_H,MNXM736654,m465[C_cy],C10H14N5O7P,C10H12N5O7P,-2,2,dGMP_C10H14N5O7P
only_H,MNXM436,m466[C_cy],C10H15N5O10P2,C10H12N5O10P2,-3,3,dGDP_C10H15N5O10P2
only_H,MNXM124,m467[C_cy],C7H19N3,C7H22N3,3,-3,spermidine_C7H19N3
only_H,MNXM1364433,m484[C_cy],C9H14N5O7P,C9H12N5O7P,-2,2,"7,8-dihydroneopterin 3'-phosphate_C9H14N5O7P"
only_H,MNXM252,m485[C_cy],C5H6N2O4,C5H5N2O4,-1,1,(S)-dihydroorotate_C5H6N2O4
only_H,MNXM1202,m488[C_mi],C6H12O4,C6H11O4,-1,1,"(2R,3R)-2,3-dihydroxy-3-methylpentanoate_C6H12O4"
only_H,MNXM735139,m498[C_cy],C11H18N4O4,C11H19N4O4,1,-1,2-[3-carboxy-3-(methylammonio)propyl]-L-histidine_C11H18N4O4
only_H,MNXM1102191,m500[C_cy],C9H15N3O11P2,C9H12N3O11P2,-3,3,CDP_C9H15N3O11P2
only_H,MNXM257,m505[C_cy],C10H15N2O8P,C10H13N2O8P,-2,2,dTMP_C10H15N2O8P
only_H,MNXM152,m506[C_cy],C10H16N2O11P2,C10H13N2O11P2,-3,3,dTDP_C10H16N2O11P2
only_H,MNXM218,m508[C_cy],C2H7NO,C2H8NO,1,-1,ethanolamine_C2H7NO
only_H,MNXM1043,m516[C_pe],C10H20O2,C10H19O2,-1,1,decanoate_C10H20O2
only_H,MNXM750,m521[C_pe],C8H16O2,C8H15O2,-1,1,octanoate_C8H16O2
only_H,MNXM1364477,m524[C_mi],C34H34N4O4,C34H32N4O4,-2,2,protoporphyrin_C34H34N4O4
only_H,MNXM490899,m530[C_cy],C10H17N3O6S,C10H16N3O6S,-1,1,glutathione_C10H17N3O6S
only_H,MNXM741595,m531[C_cy],C11H17N3O7S,C11H16N3O7S,-1,1,S-formylglutathione_C11H17N3O7S
only_H,MNXM1372044,m536[C_cy],C3H5O6P,C3H7O6P,0,-2,glyceraldehyde 3-phosphate_C3H5O6P
only_H,MNXM1107192,m538[C_mi],C4H6O5,C4H4O5,-2,2,(S)-malate_C4H6O5
only_H,MNXM235,m540[C_cy],C5H4N2O4,C5H3N2O4,-1,1,orotate_C5H4N2O4
only_H,MNXM25,m541[C_cy],C4H6O4,C4H4O4,-2,2,succinate_C4H6O4
only_H,MNXM1104065,m550[C_cy],C6H14NO8P,C6H13NO8P,-1,1,alpha-D-glucosamine 6-phosphate_C6H14NO8P
only_H,MNXM1371191,m559[C_cy],C20H32N6O12S2,C20H30N6O12S2,-2,2,glutathione disulfide_C20H32N6O12S2
only_H,MNXM1105762,m566[C_mi],C27H35N9O15P2,C27H33N9O15P2,-2,2,FADH2_C27H35N9O15P2
only_H,MNXM286,m606[C_cy],C10H16N5O12P3,C10H12N5O12P3,-4,4,dATP_C10H16N5O12P3
only_H,MNXM735047,m607[C_cy],C10H15N5O9P2,C10H12N5O9P2,-3,3,dADP_C10H15N5O9P2
only_H,MNXM1132979,m608[C_mi],C49H58FeN4O5,C49H56FeN4O5,0,2,heme o_C49H58FeN4O5
only_H,MNXM1281,m614[C_cy],C6H11N3O,C6H12N3O,1,-1,L-histidinol_C6H11N3O
only_H,MNXM1482,m616[C_cy],C6H12N3O4P,C6H11N3O4P,-1,1,L-histidinol phosphate_C6H12N3O4P
only_H,MNXM1334,m631[C_cy],C4H10NO6P,C4H8NO6P,-2,2,O-phospho-L-homoserine_C4H10NO6P
only_H,MNXM1093274,m638[C_cy],C13H21N3O8S,C13H20N3O8S,-1,1,(R)-S-lactoylglutathione_C13H21N3O8S
only_H,MNXM1105057,m647[C_cy],C6H12O4,C6H11O4,-1,1,(R)-mevalonate_C6H12O4
only_H,MNXM1422,m652[C_cy],C6H11N2O6P,C6H9N2O6P,-2,2,D-erythro-1-(imidazol-4-yl)glycerol 3-phosphate_C6H11N2O6P
only_H,MNXM1455,m653[C_cy],C12H16NO9P,C12H13NO9P,-3,3,1-(2-carboxyphenylamino)-1-deoxy-D-ribulose 5-phosphate_C12H16NO9P
only_H,MNXM1103971,m661[C_nu],C6H15O15P3,C6H9O15P3,-6,6,"1D-myo-inositol 1,4,5-trisphosphate_C6H15O15P3"
only_H,MNXM61065,m669[C_er],C54H106NO18P,C54H105NO18P,-1,1,mannosylinositol phosphorylceramide C (C24)_C54H106NO18P
only_H,MNXM61055,m670[C_er],C56H110NO18P,C56H109NO18P,-1,1,mannosylinositol phosphorylceramide C (C26)_C56H110NO18P
only_H,MNXM531687,m671[C_er],C54H106NO19P,C54H105NO19P,-1,1,mannosylinositol phosphorylceramide D (C24)_C54H106NO19P
only_H,MNXM61054,m672[C_er],C56H110NO19P,C56H109NO19P,-1,1,mannosylinositol phosphorylceramide D (C26)_C56H110NO19P
only_H,MNXM57454,m675[C_er],C62H121NO24P2,C62H119NO24P2,-2,2,inositol phosphomannosylinositol phosphoceramide A (C26)_C62H121NO24P2
only_H,MNXM57463,m676[C_er],C60H117NO25P2,C60H115NO25P2,-2,2,inositol phosphomannosylinositol phosphoceramide B' (C24)_C60H117NO25P2
only_H,MNXM57453,m677[C_er],C62H121NO25P2,C62H119NO25P2,-2,2,inositol phosphomannosylinositol phosphoceramide B' (C26)_C62H121NO25P2
only_H,MNXM57470,m678[C_er],C60H117NO25P2,C60H115NO25P2,-2,2,inositol phosphomannosylinositol phosphoceramide B (C24)_C60H117NO25P2
only_H,MNXM57468,m680[C_er],C60H117NO26P2,C60H115NO26P2,-2,2,inositol phosphomannosylinositol phosphoceramide C (C24)_C60H117NO26P2
only_H,MNXM156797,m681[C_er],C62H121NO26P2,C62H119NO26P2,-2,2,inositol phosphomannosylinositol phosphoceramide C (C26)_C62H121NO26P2
only_H,MNXM57467,m682[C_er],C60H117NO27P2,C60H115NO27P2,-2,2,inositol phosphomannosylinositol phosphoceramide D (C24)_C60H117NO27P2
only_H,MNXM57457,m683[C_er],C62H121NO27P2,C62H119NO27P2,-2,2,inositol phosphomannosylinositol phosphoceramide D (C26)_C62H121NO27P2
only_H,MNXM1364686,m685[C_mi],C6H13O9P,C6H11O9P,-2,2,1D-myo-inositol 3-phosphate_C6H13O9P
only_H,MNXM1747,m750[C_mi],C5H6O4,C5H4O4,-2,2,itaconate_C5H6O4
only_H,MNXM1104182,m751[C_mi],C26H40N7O19P3S,C26H35N7O19P3S,-5,5,itaconyl-CoA_C26H40N7O19P3S
only_H,MNXM1372468,m753[C_mi],C5H6NO3,C5H7NO3,0,-1,1-pyrroline-3-hydroxy-5-carboxylic acid_C5H6NO3
only_H,MNXM1371766,m781[C_cy],C20H30O3,C20H29O3,-1,1,leukotriene A4_C20H30O3
only_H,MNXM1368516,m787[C_cy],C20H32O4,C20H31O4,-1,1,leukotriene B4_C20H32O4
only_H,MNXM1364268,m793[C_cy],C6H14N2O2,C6H15N2O2,1,-1,L-lysine_C6H14N2O2
only_H,MNXM1560677,m802[C_cy],C6H13O9P,C6H11O9P,-2,2,D-mannose 1-phosphate_C6H13O9P
only_H,MNXM1508085,m818[C_nu],C15H21N5O14P2,C15H23N5O14P2,0,-2,ADP-ribose_C15H21N5O14P2
only_H,MNXM1103300,m820[C_cy],C21H26N6O15P2,C21H24N6O15P2,-2,2,deamido-NAD(+)_C21H26N6O15P2
only_H,MNXM274,m824[C_cy],C6H5NO2,C6H4NO2,-1,1,nicotinate_C6H5NO2
only_H,MNXM555,m833[C_cy],C7H5NO4,C7H3NO4,-2,2,quinolinate_C7H5NO4
only_H,MNXM1104559,m839[C_cy],C10H14N4O11P2,C10H11N4O11P2,-3,3,IDP_C10H14N4O11P2
only_H,MNXM411,m840[C_cy],C9H15N3O10P2,C9H12N3O10P2,-3,3,dCDP_C9H15N3O10P2
only_H,MNXM344,m841[C_cy],C10H16N5O13P3,C10H12N5O13P3,-4,4,dGTP_C10H16N5O13P3
only_H,MNXM394,m842[C_cy],C10H17N2O14P3,C10H13N2O14P3,-4,4,dTTP_C10H17N2O14P3
only_H,MNXM1103428,m843[C_cy],C10H15N4O14P3,C10H11N4O14P3,-4,4,ITP_C10H15N4O14P3
only_H,MNXM572,m846[C_cy],C9H14N2O11P2,C9H11N2O11P2,-3,3,dUDP_C9H14N2O11P2
only_H,MNXM820,m849[C_cy],C8H13NO6,C8H12NO6,-1,1,O-succinyl-L-homoserine_C8H13NO6
only_H,MNXM118,m850[C_cy],C4H12N2,C4H14N2,2,-2,putrescine_C4H12N2
only_H,MNXM1371612,m856[C_cy],C9H17NO5,C9H16NO5,-1,1,(R)-pantothenate_C9H17NO5
only_H,MNXM1105798,m878[C_cy],C8H16NO9P,C8H14NO9P,-2,2,N-acetyl-alpha-D-glucosamine 1-phosphate_C8H16NO9P
only_H,MNXM1103456,m880[C_cy],C11H20N4O11P2,C11H19N4O11P2,-1,1,CDP-ethanolamine_C11H20N4O11P2
only_H,MNXM1103205,m888[C_cy],C5H11O8P,C5H9O8P,-2,2,alpha-D-ribose 1-phosphate_C5H11O8P
only_H,MNXM153,m903[C_cy],C9H8O4,C9H7O4,-1,1,3-(4-hydroxyphenyl)pyruvate_C9H8O4
only_H,MNXM548,m919[C_cy],C8H12N2O2,C8H13N2O2,1,-1,pyridoxamine_C8H12N2O2
only_H,MNXM366,m920[C_cy],C8H13N2O5P,C8H12N2O5P,-1,1,pyridoxamine 5'-phosphate_C8H13N2O5P
only_H,MNXM161,m921[C_cy],C8H10NO6P,C8H8NO6P,-2,2,pyridoxal 5'-phosphate_C8H10NO6P
only_H,MNXM454,m922[C_cy],C8H12NO6P,C8H10NO6P,-2,2,pyridoxine 5'-phosphate_C8H12NO6P
only_H,MNXM186,m938[C_cy],C5H11O8P,C5H9O8P,-2,2,D-xylulose 5-phosphate_C5H11O8P
only_H,MNXM735171,m940[C_cy],C11H20N2O6,C11H19N2O6,-1,1,L-saccharopine_C11H20N2O6
only_H,MNXM602,m945[C_cy],C7H10O5,C7H9O5,-1,1,shikimate_C7H10O5
only_H,MNXM740870,m947[C_cy],C42H46N4O16,C42H39N4O16,-7,7,sirohydrochlorin_C42H46N4O16
only_H,MNXM1103529,m950[C_er],C18H40NO5P,C18H39NO5P,-1,1,sphinganine 1-phosphate_C18H40NO5P
only_H,MNXM1374459,m965[C_cy],C26H44NO7S,C26H45NO7S,0,-1,taurocholic acid_C26H44NO7S
only_H,MNXM414,m1006[C_cy],C40H44N4O16,C40H36N4O16,-8,8,uroporphyrinogen III_C40H44N4O16
only_H,MNXM681265,m1105[C_ex],C6H13NO2S,C6H14NO2S,1,-1,S-methyl-L-methionine_C6H13NO2S
only_H,MNXM1103369,m1433[C_em],C43H76N7O18P3S,C43H72N7O18P3S,-4,4,3-oxodocosanoyl-CoA_C43H76N7O18P3S
only_H,MNXM1103371,m1435[C_em],C45H80N7O18P3S,C45H76N7O18P3S,-4,4,3-oxotetracosanoyl-CoA_C45H80N7O18P3S
only_H,MNXM1363898,m1442[C_em],C39H70N7O18P3S,C39H66N7O18P3S,-4,4,3-hydroxyoctadecanoyl-CoA_C39H70N7O18P3S
only_H,MNXM1363908,m1443[C_em],C41H74N7O18P3S,C41H70N7O18P3S,-4,4,3-hydroxyicosanoyl-CoA_C41H74N7O18P3S
only_H,MNXM1103616,m1525[C_pe],C27H46N7O17P3S,C27H42N7O17P3S,-4,4,hexanoyl-CoA_C27H46N7O17P3S
only_H,MNXM1104699,m1560[C_pe],C27H44N7O18P3S,C27H40N7O18P3S,-4,4,3-oxohexanoyl-CoA_C27H44N7O18P3S
only_H,MNXM1363975,m1828[C_mi],C26H44N7O17P3S,C26H40N7O17P3S,-4,4,3-methylbutanoyl-CoA_C26H44N7O17P3S
only_H,MNXM1104531,m1829[C_mi],C25H42N7O17P3S,C25H38N7O17P3S,-4,4,2-methylpropanoyl-CoA_C25H42N7O17P3S
other_elements,MNXM1563880,m180[C_mi],C2H3OSR,C2H3OS*,,{'R': 1},acetyl-ACP_C2H3OSR
other_elements,MNXM1555869,m249[C_er],C17H28NO17PR2,C17H30NO17P,,"{'H': -2, 'R': 2}",6-(alpha-D-glucosaminyl)-1-phosphatidyl-1D-myo-inositol_C17H28NO17PR2
other_elements,MNXM726556,m289[C_go],C37H66N2O22P2,C47H82N2O22P2,,"{'C': -10, 'H': -16}",beta-D-mannosyldiacetylchitobiosyldiphosphodolichol_C37H66N2O22P2
other_elements,MNXM726444,m291[C_go],C38H68N2O27P2(C5H8)n,C53H92N2O27P2,,"{'C': -10, 'H': -16}",alpha-D-mannosyl-beta-D-mannosyldiacetylchitobiosyldiphosphodolichol_C38H68N2O27P2(C5H8)n
other_elements,MNXM1513336,m386[C_er],C42H85NO3,C63H125NO6,,"{'C': -21, 'H': -40, 'O': -3}",ceramide-1-(C24)_
other_elements,MNXM1560576,m401[C_cy],H2O(C8H13NO5)n,C24H41N3O16,,"{'C': -16, 'H': -26, 'N': -2, 'O': -10}",chitin_H2O(C8H13NO5)n
other_elements,MNXM737449,m499[C_cy],C15H28O,C25H44O,,"{'C': -10, 'H': -16}",dolichol_C15H28O
other_elements,MNXM1107957,m501[C_cy],C20H37O4P(C5H8)n,C25H45O4P,,{},dolichyl phosphate_C20H37O4P(C5H8)n
other_elements,MNXM1106058,m502[C_er],C26H47O9P(C5H8)n,C31H55O9P,,{},dolichyl D-mannosyl phosphate_C26H47O9P(C5H8)n
other_elements,MNXM1380861,m583[C_mi],C8H15NOS2,C17H32N2O4,,"{'C': -9, 'H': -17, 'N': -1, 'S': 2, 'O': -3}",lipoamide_C8H15NOS2
other_elements,MNXM731215,m588[C_mi],C8H15OS2R,C8H16NOS2*,,"{'H': -1, 'N': -1, 'R': 1}",dihydrolipoylprotein_C8H15OS2R
other_elements,MNXM1107996,m789[C_mm],C9H20NO7PR,C9H20NO7P*,,{'R': 1},1-acylglycerophosphocholine_C9H20NO7PR
other_elements,MNXM1371412,m868[C_mm],C8H11NO10PR2,C8H12NO10P*2,,"{'H': -1, 'R': 2}",phosphatidyl-L-serine_C8H11NO10PR2
other_elements,MNXM1563644,m1421[C_mi],C8H15OSR,C8H15OS*,,{'R': 1},octanoyl-ACP_C8H15OSR
other_elements,MNXM739987,m1719[C_em],C8H11NO10PR2,C9H16NO8P*2,,"{'C': -1, 'H': -5, 'R': 2, 'O': 2}","phosphatidyl-N,N-dimethylethanolamine_C8H11NO10PR2"
other_elements,MNXM1092909,m1948[C_cy],C120CoA,C33H54N7O17P3S,,"{'C': 87, 'A': 1, 'H': -54, 'N': -7, 'P': -3, 'S': -1, 'Co': 1, 'O': -17}",Dodecanoyl_CoA__n_C120CoA
