met_id,compartment,iyli_name,normalized_name,self_anchor_formula,yeastgem_formula,yeastgem_matched_name,yeastgem_match_type,confidence
m1707[C_go],C_go,inositol-P-ceramide B'-(C24)_,inositol p ceramide b' c24,C48H96NO12P,C48H96NO12P,inositol p ceramide b' c24,exact_normalized,HIGH (self_and_yeast_agree)
m1708[C_go],C_go,inositol-P-ceramide B'-(C26)_,inositol p ceramide b' c26,C50H100NO12P,C50H100NO12P,inositol p ceramide b' c26,exact_normalized,HIGH (self_and_yeast_agree)
m1709[C_go],C_go,inositol-P-ceramide C-(C24)_,inositol p ceramide c c24,C48H96NO13P,C48H96NO13P,inositol p ceramide c c24,exact_normalized,HIGH (self_and_yeast_agree)
m1710[C_go],C_go,inositol-P-ceramide C-(C26)_,inositol p ceramide c c26,C50H100NO13P,C50H100NO13P,inositol p ceramide c c26,exact_normalized,HIGH (self_and_yeast_agree)
m1711[C_go],C_go,inositol-P-ceramide A-(C24)_,inositol p ceramide a c24,C48H96NO11P,C48H96NO11P,inositol p ceramide a c24,exact_normalized,HIGH (self_and_yeast_agree)
m1712[C_go],C_go,inositol-P-ceramide A-(C26)_,inositol p ceramide a c26,C50H100NO11P,C50H100NO11P,inositol p ceramide a c26,exact_normalized,HIGH (self_and_yeast_agree)
m1713[C_go],C_go,inositol-P-ceramide B-(C24)_,inositol p ceramide b c24,C48H96NO12P,C48H96NO12P,inositol p ceramide b c24,exact_normalized,HIGH (self_and_yeast_agree)
m1714[C_go],C_go,inositol-P-ceramide B-(C26)_,inositol p ceramide b c26,C50H100NO12P,C50H100NO12P,inositol p ceramide b c26,exact_normalized,HIGH (self_and_yeast_agree)
m1715[C_go],C_go,inositol-P-ceramide D-(C24)_,inositol p ceramide d c24,C48H96NO14P,C48H96NO14P,inositol p ceramide d c24,exact_normalized,HIGH (self_and_yeast_agree)
m1716[C_go],C_go,inositol-P-ceramide D-(C26)_,inositol p ceramide d c26,C50H100NO14P,C50H100NO14P,inositol p ceramide d c26,exact_normalized,HIGH (self_and_yeast_agree)
m1033[C_go],C_go,ceramide-2'-(C24)_,ceramide 2' c24,,C42H85NO4,ceramide 2' c24,exact_normalized,MEDIUM (yeast_exact_only)
m1034[C_go],C_go,ceramide-2'-(C26)_,ceramide 2' c26,,C44H89NO4,ceramide 2' c26,exact_normalized,MEDIUM (yeast_exact_only)
m1035[C_go],C_go,ceramide-3-(C24)_,ceramide 3 c24,,C42H85NO5,ceramide 3 c24,exact_normalized,MEDIUM (yeast_exact_only)
m1036[C_go],C_go,ceramide-3-(C26)_,ceramide 3 c26,,C44H89NO5,ceramide 3 c26,exact_normalized,MEDIUM (yeast_exact_only)
m1180[C_go],C_go,ceramide-2-(C24)_,ceramide 2 c24,,C42H85NO4,ceramide 2 c24,exact_normalized,MEDIUM (yeast_exact_only)
m1181[C_go],C_go,ceramide-4-(C24)_,ceramide 4 c24,,C42H85NO6,ceramide 4 c24,exact_normalized,MEDIUM (yeast_exact_only)
m1183[C_go],C_go,ceramide-2-(C26)_,ceramide 2 c26,,C44H89NO4,ceramide 2 c26,exact_normalized,MEDIUM (yeast_exact_only)
m1184[C_go],C_go,ceramide-4-(C26)_,ceramide 4 c26,,C44H89NO6,ceramide 4 c26,exact_normalized,MEDIUM (yeast_exact_only)
m1675[C_en],C_en,phosphatidate_ActiveX VT_ERROR:,phosphatidate,,C5H7O8PR2,phosphatidate,exact_normalized,MEDIUM (yeast_exact_only)
m1686[C_vm],C_vm,phosphatidate_ActiveX VT_ERROR:,phosphatidate,,C5H7O8PR2,phosphatidate,exact_normalized,MEDIUM (yeast_exact_only)
m1688[C_gm],C_gm,phosphatidate_ActiveX VT_ERROR:,phosphatidate,,C5H7O8PR2,phosphatidate,exact_normalized,MEDIUM (yeast_exact_only)
m1689[C_cy],C_cy,1-acyl-sn-glycerol 3-phosphate_ActiveX VT_ERROR:,1 acyl sn glycerol 3 phosphate,,C4H6O7PR,1 acyl sn glycerol 3 phosphate,exact_normalized,MEDIUM (yeast_exact_only)
m1691[C_vm],C_vm,1-acyl-sn-glycerol 3-phosphate_ActiveX VT_ERROR:,1 acyl sn glycerol 3 phosphate,,C4H6O7PR,1 acyl sn glycerol 3 phosphate,exact_normalized,MEDIUM (yeast_exact_only)
m1693[C_gm],C_gm,1-acyl-sn-glycerol 3-phosphate_ActiveX VT_ERROR:,1 acyl sn glycerol 3 phosphate,,C4H6O7PR,1 acyl sn glycerol 3 phosphate,exact_normalized,MEDIUM (yeast_exact_only)
m1705[C_lp],C_lp,phosphatidate_ActiveX VT_ERROR:,phosphatidate,,C5H7O8PR2,phosphatidate,exact_normalized,MEDIUM (yeast_exact_only)
m1968[C_er],C_er,N-acetyl-D-glucosaminyldiphosphodolichol,n acetyl d glucosaminyldiphosphodolichol,,C28H51NO12P2,n acetyl d glucosaminyldiphosphodolichol,exact_normalized,MEDIUM (yeast_exact_only)
m1984[C_er],C_er,Acyl-coA,acyl coa,,C22H31N7O17P3SR,acyl coa,exact_normalized,MEDIUM (yeast_exact_only)
m1993[C_cy],C_cy,phosphatidate,phosphatidate,,C5H7O8PR2,phosphatidate,exact_normalized,MEDIUM (yeast_exact_only)
m378[C_em],C_em,phosphatidate_ActiveX VT_ERROR:,phosphatidate,,C5H7O8PR2,phosphatidate,exact_normalized,MEDIUM (yeast_exact_only)
m379[C_em],C_em,CDP-diacylglycerol_,cdp diacylglycerol,,C14H19N3O15P2R2,cdp diacylglycerol,exact_normalized,MEDIUM (yeast_exact_only)
m383[C_mm],C_mm,phosphatidate_ActiveX VT_ERROR:,phosphatidate,,C5H7O8PR2,phosphatidate,exact_normalized,MEDIUM (yeast_exact_only)
m384[C_mm],C_mm,CDP-diacylglycerol_,cdp diacylglycerol,,C14H19N3O15P2R2,cdp diacylglycerol,exact_normalized,MEDIUM (yeast_exact_only)
m388[C_er],C_er,ceramide-2-(C24)_,ceramide 2 c24,,C42H85NO4,ceramide 2 c24,exact_normalized,MEDIUM (yeast_exact_only)
m390[C_er],C_er,ceramide-2'-(C24)_,ceramide 2' c24,,C42H85NO4,ceramide 2' c24,exact_normalized,MEDIUM (yeast_exact_only)
m392[C_er],C_er,ceramide-2-(C26)_,ceramide 2 c26,,C44H89NO4,ceramide 2 c26,exact_normalized,MEDIUM (yeast_exact_only)
m393[C_er],C_er,ceramide-2'-(C26)_,ceramide 2' c26,,C44H89NO4,ceramide 2' c26,exact_normalized,MEDIUM (yeast_exact_only)
m397[C_er],C_er,ceramide-3-(C24)_,ceramide 3 c24,,C42H85NO5,ceramide 3 c24,exact_normalized,MEDIUM (yeast_exact_only)
m398[C_er],C_er,ceramide-3-(C26)_,ceramide 3 c26,,C44H89NO5,ceramide 3 c26,exact_normalized,MEDIUM (yeast_exact_only)
m399[C_er],C_er,ceramide-4-(C24)_,ceramide 4 c24,,C42H85NO6,ceramide 4 c24,exact_normalized,MEDIUM (yeast_exact_only)
m400[C_er],C_er,ceramide-4-(C26)_,ceramide 4 c26,,C44H89NO6,ceramide 4 c26,exact_normalized,MEDIUM (yeast_exact_only)
m567[C_em],C_em,acyl-CoA_,acyl coa,,C22H31N7O17P3SR,acyl coa,exact_normalized,MEDIUM (yeast_exact_only)
m570[C_lp],C_lp,acyl-CoA_,acyl coa,,C22H31N7O17P3SR,acyl coa,exact_normalized,MEDIUM (yeast_exact_only)
m575[C_em],C_em,1-acyl-sn-glycerol 3-phosphate_ActiveX VT_ERROR:,1 acyl sn glycerol 3 phosphate,,C4H6O7PR,1 acyl sn glycerol 3 phosphate,exact_normalized,MEDIUM (yeast_exact_only)
m577[C_lp],C_lp,1-acyl-sn-glycerol 3-phosphate_ActiveX VT_ERROR:,1 acyl sn glycerol 3 phosphate,,C4H6O7PR,1 acyl sn glycerol 3 phosphate,exact_normalized,MEDIUM (yeast_exact_only)
m690[C_mi],C_mi,ceramide-2'-(C24)_,ceramide 2' c24,,C42H85NO4,ceramide 2' c24,exact_normalized,MEDIUM (yeast_exact_only)
m692[C_mi],C_mi,ceramide-2'-(C26)_,ceramide 2' c26,,C44H89NO4,ceramide 2' c26,exact_normalized,MEDIUM (yeast_exact_only)
m694[C_mi],C_mi,ceramide-2-(C24)_,ceramide 2 c24,,C42H85NO4,ceramide 2 c24,exact_normalized,MEDIUM (yeast_exact_only)
m696[C_mi],C_mi,ceramide-2-(C26)_,ceramide 2 c26,,C44H89NO4,ceramide 2 c26,exact_normalized,MEDIUM (yeast_exact_only)
m698[C_mi],C_mi,ceramide-3-(C24)_,ceramide 3 c24,,C42H85NO5,ceramide 3 c24,exact_normalized,MEDIUM (yeast_exact_only)
m700[C_mi],C_mi,ceramide-3-(C26)_,ceramide 3 c26,,C44H89NO5,ceramide 3 c26,exact_normalized,MEDIUM (yeast_exact_only)
m702[C_mi],C_mi,ceramide-4-(C24)_,ceramide 4 c24,,C42H85NO6,ceramide 4 c24,exact_normalized,MEDIUM (yeast_exact_only)
m704[C_mi],C_mi,ceramide-4-(C26)_,ceramide 4 c26,,C44H89NO6,ceramide 4 c26,exact_normalized,MEDIUM (yeast_exact_only)
m790[C_mm],C_mm,acyl-CoA_,acyl coa,,C22H31N7O17P3SR,acyl coa,exact_normalized,MEDIUM (yeast_exact_only)
m1647[C_em],C_em,sn-2-acyl-1-lysophosphatidylinositol_,sn 2 acyl 1 lysophosphatidylinositol,,C25H47O12P;C27H51O12P;C9H11O10P,sn-2-acyl-1-lysophosphatidylinositol (16:1),substring,LOW (yeast_substring)
m1653[C_mm],C_mm,3-(3-sn-phosphatidyl)-sn-glycerol 1-phosphate_,3 3 sn phosphatidyl sn glycerol 1 phosphate,,C38H72O13P2;C38H74O13P2;C40H76O13P2;C40H78O13P2,"3-(3-sn-phosphatidyl)-sn-glycerol 1-phosphate (1-16:0, 2-16:1)",substring,LOW (yeast_substring)
m1690[C_cy],C_cy,1-monoglyceride_,1 monoglyceride,,C19H36O4;C19H38O4;C21H40O4;C21H42O4,1-monoglyceride (16:0),substring,LOW (yeast_substring)
m1692[C_vm],C_vm,1-monoglyceride_,1 monoglyceride,,C19H36O4;C19H38O4;C21H40O4;C21H42O4,1-monoglyceride (16:0),substring,LOW (yeast_substring)
m1694[C_gm],C_gm,1-monoglyceride_,1 monoglyceride,,C19H36O4;C19H38O4;C21H40O4;C21H42O4,1-monoglyceride (16:0),substring,LOW (yeast_substring)
m1695[C_lp],C_lp,1-monoglyceride_,1 monoglyceride,,C19H36O4;C19H38O4;C21H40O4;C21H42O4,1-monoglyceride (16:0),substring,LOW (yeast_substring)
m1697[C_mi],C_mi,1-monoglyceride_,1 monoglyceride,,C19H36O4;C19H38O4;C21H40O4;C21H42O4,1-monoglyceride (16:0),substring,LOW (yeast_substring)
m1894[C_go],C_go,phosphatidylcholine,phosphatidylcholine,,C5H14NO;C8H16NO3P,phosphatidylcholine backbone,substring,LOW (yeast_substring)
m1969[C_er],C_er,"N,N-diacetylrhitobiosyldiphosphodolichol","n,n diacetylrhitobiosyldiphosphodolichol",,C20H36O;C4H6O2,dolichol,substring,LOW (yeast_substring)
m1979[C_cy],C_cy,Ceramide-1 (Sphinganine:n-C26:0),ceramide 1 sphinganine:n c26:0,,C18H40NO2,sphinganine,substring,LOW (yeast_substring)
m1980[C_cy],C_cy,Ceramide-1 (Sphinganine:n-C24:0),ceramide 1 sphinganine:n c24:0,,C18H40NO2,sphinganine,substring,LOW (yeast_substring)
m1982[C_cy],C_cy,Ceramide-2 (Phytosphingosine:n-C24:0),ceramide 2 phytosphingosine:n c24:0,,C18H40NO3,phytosphingosine,substring,LOW (yeast_substring)
m1983[C_cy],C_cy,Ceramide-2 (Phytosphingosine:n-C26:0),ceramide 2 phytosphingosine:n c26:0,,C18H40NO3,phytosphingosine,substring,LOW (yeast_substring)
m1994[C_cy],C_cy,"1,2-Diacyl-sn-glycerol","1,2 diacyl sn glycerol",,C3H8O3;C5H5O8PR2,"1,2-diacyl-sn-glycerol 3-phosphate",substring,LOW (yeast_substring)
m2007[C_cy],C_cy,Ceramide-3 (Phytosphingosine:n-C24:0OH),ceramide 3 phytosphingosine:n c24:0oh,,C18H40NO3,phytosphingosine,substring,LOW (yeast_substring)
m2008[C_cy],C_cy,Ceramide-3 (Phytosphingosine:n-C26:0OH),ceramide 3 phytosphingosine:n c26:0oh,,C18H40NO3,phytosphingosine,substring,LOW (yeast_substring)
m2011[C_er],C_er,"1,2-Diacyl-sn-glycerol","1,2 diacyl sn glycerol",,C3H8O3;C5H5O8PR2,"1,2-diacyl-sn-glycerol 3-phosphate",substring,LOW (yeast_substring)
m2014[C_er],C_er,Triacylglycerol,triacylglycerol,,C3H8O3,glycerol,substring,LOW (yeast_substring)
m2019[C_cy],C_cy,Dehydrodolichol diphosphate,dehydrodolichol diphosphate,,HO7P2,diphosphate,substring,LOW (yeast_substring)
m251[C_er],C_er,6-(alpha-D-glucosaminyl)-O-acyl-1-phosphatidyl-1D-myo-inositol_,6 alpha d glucosaminyl o acyl 1 phosphatidyl 1d myo inositol,,C11H16O13PR2;C6H12O6,1-phosphatidyl-1D-myo-inositol,substring,LOW (yeast_substring)
m598[C_er],C_er,6-O-[alpha-D-mannosyl-(1-4)-alpha-D-glucosaminyl]-O-acyl-1-phosphatidyl-1D-myo-inositol_,6 o [alpha d mannosyl 1 4 alpha d glucosaminyl] o acyl 1 phosphatidyl 1d myo inositol,,C11H16O13PR2;C6H12O6,1-phosphatidyl-1D-myo-inositol,substring,LOW (yeast_substring)
m600[C_er],C_er,6-O-{2-O-[(2-aminoethyl)phosphoryl]-alpha-D-mannosyl-(1-4)-alpha-D-glucosaminyl}-O-acyl-1-phosphatidyl-1D-myo-inositol_,6 o {2 o [2 aminoethylphosphoryl] alpha d mannosyl 1 4 alpha d glucosaminyl} o acyl 1 phosphatidyl 1d myo inositol,,C11H16O13PR2;C6H12O6,1-phosphatidyl-1D-myo-inositol,substring,LOW (yeast_substring)
m601[C_er],C_er,6-O-{alpha-D-mannosyl-(1-6)-2-O-[(2-aminoethyl)phosphoryl]-alpha-D-mannosyl-(1-4)-alpha-D-glucosaminyl}-O-acyl-1-phosphatidyl-1D-myo-inositol_,6 o {alpha d mannosyl 1 6 2 o [2 aminoethylphosphoryl] alpha d mannosyl 1 4 alpha d glucosaminyl} o acyl 1 phosphatidyl 1d myo inositol,,C11H16O13PR2;C6H12O6,1-phosphatidyl-1D-myo-inositol,substring,LOW (yeast_substring)
m602[C_er],C_er,6-O-{alpha-D-mannosyl-(1-2)-alpha-D-mannosyl-(1-6)-2-O-[(2-aminoethyl)phosphoryl]-alpha-D-mannosyl-(1-4)-alpha-D-glucosaminyl}-O-acyl-1-phosphatidyl-1D-myo-inositol_,6 o {alpha d mannosyl 1 2 alpha d mannosyl 1 6 2 o [2 aminoethylphosphoryl] alpha d mannosyl 1 4 alpha d glucosaminyl} o acyl 1 phosphatidyl 1d myo inositol,,C11H16O13PR2;C6H12O6,1-phosphatidyl-1D-myo-inositol,substring,LOW (yeast_substring)
m603[C_er],C_er,6-[6-(2-aminoethylphosphoryl)-alpha-mannosyl-(1-6)-2-(2-aminoethylphosphoryl)-alpha-mannosyl-(1-6)-alpha-2-(2-aminoethylphosphoryl)mannosyl-(1-4)-alpha-glucosaminyl]-O-acyl-1-phosphatidyl-1D-myo-inositol_,6 [6 2 aminoethylphosphoryl alpha mannosyl 1 6 2 2 aminoethylphosphoryl alpha mannosyl 1 6 alpha 2 2 aminoethylphosphorylmannosyl 1 4 alpha glucosaminyl] o acyl 1 phosphatidyl 1d myo inositol,,C11H16O13PR2;C6H12O6,1-phosphatidyl-1D-myo-inositol,substring,LOW (yeast_substring)
m1981[C_cy],C_cy,Phytosphingosine,phytosphingosine,C18H39NO3,C18H40NO3,phytosphingosine,exact_normalized,CONFLICT (self_vs_yeast_disagree)
m1189[C_go],C_go,complex sphingolipid_,complex sphingolipid,,,,,NONE (no_anchor)
m1190[C_cy],C_cy,complex sphingolipid_,complex sphingolipid,,,,,NONE (no_anchor)
m1995[C_cy],C_cy,"Inositol phosphorylceramide, ceramide-1 (24C), yeast-specific","inositol phosphorylceramide, ceramide 1 24c, yeast specific",,,,,NONE (no_anchor)
m1996[C_cy],C_cy,"Inositol phosphorylceramide, ceramide-1 (26C), yeast-specific","inositol phosphorylceramide, ceramide 1 26c, yeast specific",,,,,NONE (no_anchor)
m1997[C_cy],C_cy,"Inositol phosphorylceramide, ceramide-2 (24C), yeast-specific","inositol phosphorylceramide, ceramide 2 24c, yeast specific",,,,,NONE (no_anchor)
m1998[C_cy],C_cy,"Inositol phosphorylceramide, ceramide-2 (26C), yeast-specific","inositol phosphorylceramide, ceramide 2 26c, yeast specific",,,,,NONE (no_anchor)
m1999[C_cy],C_cy,"Inositol phosphorylceramide, ceramide-3 (24C), yeast-specific","inositol phosphorylceramide, ceramide 3 24c, yeast specific",,,,,NONE (no_anchor)
m2000[C_cy],C_cy,"Inositol phosphorylceramide, ceramide-3 (26C), yeast-specific","inositol phosphorylceramide, ceramide 3 26c, yeast specific",,,,,NONE (no_anchor)
