met_id,compartment,iyli_name,yeastgem_formula,match_type,yeastgem_matched_name
m1010[C_cy],C_cy,tRNA(Val)_ActiveX VT_ERROR:,RH,exact,trna(val)
m1019[C_cy],C_cy,"(R,R)-2,3-butanediol_ActiveX VT_ERROR:",C4H10O2,exact,"(r,r)-2,3-butanediol"
m1020[C_ex],C_ex,"(R,R)-2,3-butanediol_ActiveX VT_ERROR:",C4H10O2,exact,"(r,r)-2,3-butanediol"
m1061[C_cy],C_cy,isoamyl acetate_ActiveX VT_ERROR:,C7H14O2,exact,isoamyl acetate
m1062[C_ex],C_ex,isoamyl acetate_ActiveX VT_ERROR:,C7H14O2,exact,isoamyl acetate
m1116[C_mi],C_mi,TDP_,C12H16N4O7P2S,exact,tdp
m1197[C_ex],C_ex,D-galacturonate_ActiveX VT_ERROR:,C6H9O7,exact,d-galacturonate
m1351[C_ex],C_ex,pectin_ActiveX VT_ERROR:,C6H7O6,exact,pectin
m1404[C_cy],C_cy,quinaldic acid_,C10H7NO2,exact,quinaldic acid
m1411[C_mi],C_mi,butanoyl-ACP_,C4H7OSR,exact,butanoyl-acp
m1412[C_mi],C_mi,3-oxo-hexanoyl-ACP_,C6H9O2SR,exact,3-oxo-hexanoyl-acp
m1414[C_mi],C_mi,3-oxo-octanoyl-ACP_,C8H13O2SR,exact,3-oxo-octanoyl-acp
m1415[C_mi],C_mi,3-hydroxybutanoyl-ACP_,C4H7O2SR,exact,3-hydroxybutanoyl-acp
m1416[C_mi],C_mi,3-hydroxyhexanoyl-ACP_,C6H11O2SR,exact,3-hydroxyhexanoyl-acp
m1417[C_mi],C_mi,3-hydroxyoctanoyl-ACP_,C8H15O2SR,exact,3-hydroxyoctanoyl-acp
m1418[C_mi],C_mi,trans-but-2-enoyl-ACP_,C4H5OSR,exact,trans-but-2-enoyl-acp
m1419[C_mi],C_mi,trans-hex-2-enoyl-ACP_,C6H9OSR,exact,trans-hex-2-enoyl-acp
m1420[C_mi],C_mi,trans-oct-2-enoyl-ACP_,C8H13OSR,exact,trans-oct-2-enoyl-acp
m1432[C_em],C_em,icosanoyl-CoA_,C41H70N7O17P3S,exact,icosanoyl-coa
m1449[C_em],C_em,trans-hexadec-2-enoyl-CoA_ActiveX VT_ERROR:,C37H60N7O17P3S,exact,trans-hexadec-2-enoyl-coa
m1451[C_em],C_em,trans-icos-2-enoyl-CoA_,C41H68N7O17P3S,exact,trans-icos-2-enoyl-coa
m1452[C_em],C_em,trans-docos-2-enoyl-CoA_,C43H72N7O17P3S,exact,trans-docos-2-enoyl-coa
m1453[C_em],C_em,trans-tetracos-2-enoyl-CoA_,C45H76N7O17P3S,exact,trans-tetracos-2-enoyl-coa
m1459[C_ex],C_ex,butyrate_ActiveX VT_ERROR:,C4H7O2,exact,butyrate
m1465[C_cy],C_cy,butyrate_ActiveX VT_ERROR:,C4H7O2,exact,butyrate
m1495[C_en],C_en,arachidate_,C20H39O2,exact,arachidate
m1498[C_en],C_en,icosanoyl-CoA_,C41H70N7O17P3S,exact,icosanoyl-coa
m1499[C_en],C_en,behenate_,C22H43O2,exact,behenate
m1505[C_em],C_em,behenate_,C22H43O2,exact,behenate
m1508[C_lp],C_lp,behenate_,C22H43O2,exact,behenate
m1518[C_cy],C_cy,icosanoyl-CoA_,C41H70N7O17P3S,exact,icosanoyl-coa
m1519[C_pe],C_pe,icosanoyl-CoA_,C41H70N7O17P3S,exact,icosanoyl-coa
m1522[C_pe],C_pe,butyrate_ActiveX VT_ERROR:,C4H7O2,exact,butyrate
m1527[C_pe],C_pe,trans-hex-2-enoyl-CoA_,C27H44N7O17P3S,exact,trans-hex-2-enoyl-coa
m1528[C_pe],C_pe,trans-oct-2-enoyl-CoA_,C29H44N7O17P3S,exact,trans-oct-2-enoyl-coa
m1529[C_pe],C_pe,trans-icos-2-enoyl-CoA_,C41H68N7O17P3S,exact,trans-icos-2-enoyl-coa
m1530[C_pe],C_pe,trans-docos-2-enoyl-CoA_,C43H72N7O17P3S,exact,trans-docos-2-enoyl-coa
m1531[C_pe],C_pe,trans-tetracos-2-enoyl-CoA_,C45H76N7O17P3S,exact,trans-tetracos-2-enoyl-coa
m1532[C_pe],C_pe,"trans-2,cis-9-hexadecadienoyl-CoA_",C37H62N7O17P3S,exact,"trans-2,cis-9-hexadecadienoyl-coa"
m1533[C_pe],C_pe,cis-tetradec-7-enoyl-CoA_,C35H60N7O17P3S,exact,cis-tetradec-7-enoyl-coa
m1534[C_pe],C_pe,"trans-2,cis-7-tetradecadienoyl-CoA_",C35H58N7O17P3S,exact,"trans-2,cis-7-tetradecadienoyl-coa"
m1535[C_pe],C_pe,cis-dodec-5-enoyl-CoA_,C33H56N7O17P3S,exact,cis-dodec-5-enoyl-coa
m1536[C_pe],C_pe,"trans-2,cis-5-dodecadienoyl-CoA_",C33H54N7O17P3S,exact,"trans-2,cis-5-dodecadienoyl-coa"
m1537[C_pe],C_pe,"trans-2,cis-9-octadecadienoyl-CoA_",C39H62N7O17P3S,exact,"trans-2,cis-9-octadecadienoyl-coa"
m1538[C_pe],C_pe,cis-hexadec-7-enoyl-CoA_,C37H64N7O17P3S,exact,cis-hexadec-7-enoyl-coa
m1539[C_pe],C_pe,"trans-2,cis-7-hexadecadienoyl-CoA_",C37H62N7O17P3S,exact,"trans-2,cis-7-hexadecadienoyl-coa"
m1540[C_pe],C_pe,cis-tetradec-5-enoyl-CoA_,C35H60N7O17P3S,exact,cis-tetradec-5-enoyl-coa
m1541[C_pe],C_pe,"trans-2,cis-5-tetradecadienoyl-CoA_",C35H58N7O17P3S,exact,"trans-2,cis-5-tetradecadienoyl-coa"
m1550[C_pe],C_pe,(R)-3-hydroxyicosanoyl-CoA_,C41H70N7O18P3S,exact,(r)-3-hydroxyicosanoyl-coa
m1551[C_pe],C_pe,(R)-3-hydroxydocosanoyl-CoA_,C43H74N7O18P3S,exact,(r)-3-hydroxydocosanoyl-coa
m1552[C_pe],C_pe,(R)-3-hydroxytetracosanoyl-CoA_,C45H78N7O18P3S,exact,(r)-3-hydroxytetracosanoyl-coa
m1553[C_pe],C_pe,(R)-3-hydroxy-cis-hexadec-9-enoyl-CoA_,C37H64N7O18P3S,exact,(r)-3-hydroxy-cis-hexadec-9-enoyl-coa
m1554[C_pe],C_pe,(R)-3-hydroxy-cis-tetradec-7-enoyl-CoA_,C35H60N7O18P3S,exact,(r)-3-hydroxy-cis-tetradec-7-enoyl-coa
m1555[C_pe],C_pe,(R)-3-hydroxy-cis-dodec-5-enoyl-CoA_,C33H56N7O18P3S,exact,(r)-3-hydroxy-cis-dodec-5-enoyl-coa
m1556[C_pe],C_pe,(R)-3-hydroxy-cis-octadec-9-enoyl-CoA_,C39H68N7O18P3S,exact,(r)-3-hydroxy-cis-octadec-9-enoyl-coa
m1557[C_pe],C_pe,(R)-3-hydroxy-cis-hexadec-7-enoyl-CoA_,C37H64N7O18P3S,exact,(r)-3-hydroxy-cis-hexadec-7-enoyl-coa
m1558[C_pe],C_pe,(R)-3-hydroxy-cis-tetradec-5-enoyl-CoA_,C35H60N7O18P3S,exact,(r)-3-hydroxy-cis-tetradec-5-enoyl-coa
m1565[C_pe],C_pe,3-oxo-cis-hexadec-9-enoyl-CoA_,C37H62N7O18P3S,exact,3-oxo-cis-hexadec-9-enoyl-coa
m1566[C_pe],C_pe,3-oxo-cis-tetradec-7-enoyl-CoA_,C35H58N7O18P3S,exact,3-oxo-cis-tetradec-7-enoyl-coa
m1567[C_pe],C_pe,3-oxo-cis-dodec-5-enoyl-CoA_,C33H54N7O18P3S,exact,3-oxo-cis-dodec-5-enoyl-coa
m1568[C_pe],C_pe,3-oxo-cis-octadec-9-enoyl-CoA_,C39H66N7O18P3S,exact,3-oxo-cis-octadec-9-enoyl-coa
m1569[C_pe],C_pe,3-oxo-cis-hexadec-7-enoyl-CoA_,C37H62N7O18P3S,exact,3-oxo-cis-hexadec-7-enoyl-coa
m1570[C_pe],C_pe,3-oxo-cis-tetradec-5-enoyl-CoA_,C35H58N7O18P3S,exact,3-oxo-cis-tetradec-5-enoyl-coa
m1571[C_pe],C_pe,cis-dec-3-enoyl-CoA_,C31H52N7O17P3S,exact,cis-dec-3-enoyl-coa
m1573[C_pe],C_pe,"trans-3,cis-5-dodecadienoyl-CoA_",C33H54N7O17P3S,exact,"trans-3,cis-5-dodecadienoyl-coa"
m1574[C_pe],C_pe,trans-dodec-3-enoyl-CoA_,C33H56N7O17P3S,exact,trans-dodec-3-enoyl-coa
m1575[C_pe],C_pe,"trans-3,cis-5-tetradecadienoyl-CoA_",C35H58N7O17P3S,exact,"trans-3,cis-5-tetradecadienoyl-coa"
m1576[C_pe],C_pe,trans-tetradec-3-enoyl-CoA_,C35H60N7O17P3S,exact,trans-tetradec-3-enoyl-coa
m1577[C_pe],C_pe,"trans-2,trans-4-dodecadienoyl-CoA_",C33H54N7O17P3S,exact,"trans-2,trans-4-dodecadienoyl-coa"
m1578[C_pe],C_pe,"trans-2,trans-4-tetradecadienoyl-CoA_",C35H58N7O17P3S,exact,"trans-2,trans-4-tetradecadienoyl-coa"
m1667[C_en],C_en,sn-glycero-3-phosphoserine_,C6H14NO8P,exact,sn-glycero-3-phosphoserine
m1675[C_en],C_en,phosphatidate_ActiveX VT_ERROR:,C5H7O8PR2,exact,phosphatidate
m1686[C_vm],C_vm,phosphatidate_ActiveX VT_ERROR:,C5H7O8PR2,exact,phosphatidate
m1688[C_gm],C_gm,phosphatidate_ActiveX VT_ERROR:,C5H7O8PR2,exact,phosphatidate
m1689[C_cy],C_cy,1-acyl-sn-glycerol 3-phosphate_ActiveX VT_ERROR:,C4H6O7PR,exact,1-acyl-sn-glycerol 3-phosphate
m1691[C_vm],C_vm,1-acyl-sn-glycerol 3-phosphate_ActiveX VT_ERROR:,C4H6O7PR,exact,1-acyl-sn-glycerol 3-phosphate
m1693[C_gm],C_gm,1-acyl-sn-glycerol 3-phosphate_ActiveX VT_ERROR:,C4H6O7PR,exact,1-acyl-sn-glycerol 3-phosphate
m1705[C_lp],C_lp,phosphatidate_ActiveX VT_ERROR:,C5H7O8PR2,exact,phosphatidate
m1810[C_cy],C_cy,D-glucosamine_,C6H14NO5,exact,d-glucosamine
m1847[C_ex],C_ex,D-Glucosamine,C6H14NO5,exact,d-glucosamine
m1863[C_va],C_va,L-glycine,C2H5NO2,exact,l-glycine
m1875[C_cy],C_cy,propionyl-CoA,C24H36N7O17P3S,exact,propionyl-coa
m1876[C_ex],C_ex,Ala-Gly,C5H10N2O3,exact,ala-gly
m1877[C_cy],C_cy,Ala-Gly,C5H10N2O3,exact,ala-gly
m1878[C_va],C_va,Ala-Gly,C5H10N2O3,exact,ala-gly
m1889[C_go],C_go,UDP-D-galactose,C15H22N2O17P2,exact,udp-d-galactose
m1949[C_cy],C_cy,D-glycerate,C3H5O4,exact,d-glycerate
m1968[C_er],C_er,N-acetyl-D-glucosaminyldiphosphodolichol,C28H51NO12P2,exact,n-acetyl-d-glucosaminyldiphosphodolichol
m1975[C_cy],C_cy,(S)-Methylmalonate semialdehyde,C4H5O3,exact,(s)-methylmalonate semialdehyde
m1981[C_cy],C_cy,Phytosphingosine,C18H40NO3,exact,phytosphingosine
m1984[C_er],C_er,Acyl-coA,C22H31N7O17P3SR,exact,acyl-coa
m1989[C_er],C_er,Dolichyl beta-D-glucosyl phosphate,C26H46O9P,exact,dolichyl beta-d-glucosyl phosphate
m1993[C_cy],C_cy,phosphatidate,C5H7O8PR2,exact,phosphatidate
m2017[C_pe],C_pe,Hydrogen peroxide,H2O2,exact,hydrogen peroxide
m2026[C_cy],C_cy,Phenylacetic acid,C8H7O2,exact,phenylacetic acid
m2052[C_cy],C_cy,(Indol-3-yl)acetamide,C10H10N2O,exact,(indol-3-yl)acetamide
m273[C_cy],C_cy,tRNA(Ala)_ActiveX VT_ERROR:,RH,exact,trna(ala)
m314[C_cy],C_cy,tRNA(Arg)_ActiveX VT_ERROR:,RH,exact,trna(arg)
m320[C_cy],C_cy,tRNA(Asn)_ActiveX VT_ERROR:,RH,exact,trna(asn)
m335[C_cy],C_cy,tRNA(Asp)_ActiveX VT_ERROR:,RH,exact,trna(asp)
m339[C_cy],C_cy,"P1-(5'-adenosyl),P4-(5'-guanosyl) tetraphosphate_ActiveX VT_ERROR:",C20H24N10O20P4,exact,"p1-(5'-adenosyl),p4-(5'-guanosyl) tetraphosphate"
m378[C_em],C_em,phosphatidate_ActiveX VT_ERROR:,C5H7O8PR2,exact,phosphatidate
m379[C_em],C_em,CDP-diacylglycerol_,C14H19N3O15P2R2,exact,cdp-diacylglycerol
m383[C_mm],C_mm,phosphatidate_ActiveX VT_ERROR:,C5H7O8PR2,exact,phosphatidate
m384[C_mm],C_mm,CDP-diacylglycerol_,C14H19N3O15P2R2,exact,cdp-diacylglycerol
m447[C_cy],C_cy,tRNA(Cys)_ActiveX VT_ERROR:,RH,exact,trna(cys)
m496[C_cy],C_cy,"myo-inositol 1,3,4,5,6-pentakisphosphate_ActiveX VT_ERROR:",C6H7O21P5,exact,"myo-inositol 1,3,4,5,6-pentakisphosphate"
m543[C_cy],C_cy,L-gamma-glutamyl-L-alanine_,C8H13N2O5,exact,l-gamma-glutamyl-l-alanine
m553[C_cy],C_cy,tRNA(Gln)_ActiveX VT_ERROR:,RH,exact,trna(gln)
m555[C_cy],C_cy,tRNA(Glu)_ActiveX VT_ERROR:,RH,exact,trna(glu)
m567[C_em],C_em,acyl-CoA_,C22H31N7O17P3SR,exact,acyl-coa
m570[C_lp],C_lp,acyl-CoA_,C22H31N7O17P3SR,exact,acyl-coa
m575[C_em],C_em,1-acyl-sn-glycerol 3-phosphate_ActiveX VT_ERROR:,C4H6O7PR,exact,1-acyl-sn-glycerol 3-phosphate
m577[C_lp],C_lp,1-acyl-sn-glycerol 3-phosphate_ActiveX VT_ERROR:,C4H6O7PR,exact,1-acyl-sn-glycerol 3-phosphate
m590[C_cy],C_cy,tRNA(Gly)_ActiveX VT_ERROR:,RH,exact,trna(gly)
m618[C_cy],C_cy,tRNA(His)_ActiveX VT_ERROR:,RH,exact,trna(his)
m643[C_cy],C_cy,4-methyl-5-(2-phosphonooxyethyl)thiazole_,C6H8NO4PS,exact,4-methyl-5-(2-phosphonooxyethyl)thiazole
m656[C_nu],C_nu,"myo-inositol 1,3,4,5,6-pentakisphosphate_ActiveX VT_ERROR:",C6H7O21P5,exact,"myo-inositol 1,3,4,5,6-pentakisphosphate"
m746[C_cy],C_cy,tRNA(Ile)_ActiveX VT_ERROR:,RH,exact,trna(ile)
m777[C_cy],C_cy,tRNA(Leu)_ActiveX VT_ERROR:,RH,exact,trna(leu)
m790[C_mm],C_mm,acyl-CoA_,C22H31N7O17P3SR,exact,acyl-coa
m794[C_cy],C_cy,tRNA(Lys)_ActiveX VT_ERROR:,RH,exact,trna(lys)
m795[C_cy],C_cy,Lys-tRNA(Lys)_,C6H15N2OR,exact,lys-trna(lys)
m798[C_mi],C_mi,Lys-tRNA(Lys)_,C6H15N2OR,exact,lys-trna(lys)
m805[C_mi],C_mi,fMet-tRNA(fMet)_ActiveX VT_ERROR:,C6H10NO2SR,exact,fmet-trna(fmet)
m806[C_cy],C_cy,tRNA(Met)_ActiveX VT_ERROR:,RH,exact,trna(met)
m861[C_cy],C_cy,tRNA(Phe)_ActiveX VT_ERROR:,RH,exact,trna(phe)
m905[C_cy],C_cy,tRNA(Pro)_ActiveX VT_ERROR:,RH,exact,trna(pro)
m943[C_cy],C_cy,tRNA(Ser)_ActiveX VT_ERROR:,RH,exact,trna(ser)
m971[C_ex],C_ex,TDP_,C12H16N4O7P2S,exact,tdp
m975[C_cy],C_cy,TDP_,C12H16N4O7P2S,exact,tdp
m978[C_cy],C_cy,tRNA(Thr)_ActiveX VT_ERROR:,RH,exact,trna(thr)
m987[C_cy],C_cy,tRNA(Trp)_ActiveX VT_ERROR:,RH,exact,trna(trp)
m995[C_cy],C_cy,tRNA(Tyr)_ActiveX VT_ERROR:,RH,exact,trna(tyr)
m1012[C_mi],C_mi,"tRNA(Val), mitchondrial_",RH,substring,tRNA(Val)
m115[C_pe],C_pe,(R)-3-hydroxytetradecanoyl-CoA_ActiveX VT_ERROR:,C31H50N7O17P3S,substring,decanoyl-CoA
m1400[C_cy],C_cy,lipid_,C5H6O8PR3,substring,phospholipid
m1526[C_pe],C_pe,trans-but-2-enoyl-CoA_,C25H40N7O17P3S,substring,but-2-enoyl-CoA
m1544[C_pe],C_pe,(R)-3-hydroxypalmitoyl-CoA_,C37H62N7O17P3S,substring,palmitoyl-CoA
m1545[C_pe],C_pe,(R)-3-hydroxyoctadecanoyl-CoA_ActiveX VT_ERROR:,C31H50N7O17P3S;C39H66N7O18P3S,substring,3-hydroxyoctadecanoyl-CoA
m1546[C_pe],C_pe,(R)-3-hydroxyhexacosanoyl-CoA_,C47H82N7O17P3S,substring,hexacosanoyl-CoA
m1647[C_em],C_em,sn-2-acyl-1-lysophosphatidylinositol_,C25H47O12P;C27H51O12P;C9H11O10P,substring,sn-2-acyl-1-lysophosphatidylinositol (16:1)
m1653[C_mm],C_mm,3-(3-sn-phosphatidyl)-sn-glycerol 1-phosphate_,C38H72O13P2;C38H74O13P2;C40H78O13P2,substring,"3-(3-sn-phosphatidyl)-sn-glycerol 1-phosphate (1-16:0, 2-16:1)"
m1654[C_mm],C_mm,monolysocardiolipin_,C57H106O16P2;C57H108O16P2;C59H112O16P2,substring,"monolysocardiolipin (2-16:1, 3-16:0, 4-16:1)"
m1656[C_em],C_em,1-acylglycerophosphoethanolamine_,C21H42NO7P;C21H44NO7P;C23H48NO7P,substring,1-acylglycerophosphoethanolamine (16:0)
m1663[C_en],C_en,1-acylglycerophosphoethanolamine_,C21H42NO7P;C21H44NO7P;C23H48NO7P,substring,1-acylglycerophosphoethanolamine (16:0)
m1666[C_en],C_en,1-acylglycerophosphoserine_,C22H42NO9P;C22H44NO9P;C24H48NO9P,substring,1-acylglycerophosphoserine (16:0)
m1690[C_cy],C_cy,1-monoglyceride_,C19H36O4;C19H38O4;C21H42O4,substring,1-monoglyceride (16:0)
m1692[C_vm],C_vm,1-monoglyceride_,C19H36O4;C19H38O4;C21H42O4,substring,1-monoglyceride (16:0)
m1694[C_gm],C_gm,1-monoglyceride_,C19H36O4;C19H38O4;C21H42O4,substring,1-monoglyceride (16:0)
m1695[C_lp],C_lp,1-monoglyceride_,C19H36O4;C19H38O4;C21H42O4,substring,1-monoglyceride (16:0)
m1697[C_mi],C_mi,1-monoglyceride_,C19H36O4;C19H38O4;C21H42O4,substring,1-monoglyceride (16:0)
m1699[C_lp],C_lp,1-acylglycerophosphoethanolamine_,C21H42NO7P;C21H44NO7P;C23H48NO7P,substring,1-acylglycerophosphoethanolamine (16:0)
m1720[C_cy],C_cy,nicotinate D-ribonucleoside_ActiveX VT_ERROR:,C6H4NO2,substring,nicotinate
m1723[C_cy],C_cy,UDP-D-glucuronate_ActiveX VT_ERROR:,C9H11N2O12P2,substring,UDP
m1726[C_cy],C_cy,protein_,C8H14NOS2R;NH2R,substring,Apoprotein
m1806[C_ex],C_ex,monobutyrate_,C4H7O2,substring,butyrate
m1808[C_cy],C_cy,2'-deoxyinosine-5-phosphate_,C10H12N4O4;HO4P,substring,2'-deoxyinosine
m1815[C_cy],C_cy,hydroxypyruvate_,C3H3O3,substring,pyruvate
m1827[C_cy],C_cy,erythrose_,C4H7O7P,substring,D-erythrose 4-phosphate
m1890[C_cy],C_cy,Glycerate,C3H4O10P2;C3H5O4,substring,D-Glycerate
m1891[C_cy],C_cy,"D-Glucono-1,5-lactone",C6H9O9P,substring,"6-O-phosphono-D-glucono-1,5-lactone"
m1894[C_go],C_go,phosphatidylcholine,C5H14NO;C8H16NO3P,substring,phosphatidylcholine backbone
m1920[C_cy],C_cy,ACP,C2H3OSR;C4H7OSR;C8H15OSR,substring,acetyl-ACP
m1922[C_cy],C_cy,octadecadienoate,C18H31O2,substring,"(9Z,12Z)-octadecadienoate"
m1930[C_cy],C_cy,all_trans_Octaprenyl_diphosphate__5_repeating_units,HO7P2,substring,diphosphate
m1934[C_cy],C_cy,omega-hydroxy-decanoate,C10H19O2,substring,decanoate
m1935[C_cy],C_cy,omega-oxo-decanoate,C10H19O2,substring,decanoate
m1938[C_cy],C_cy,omega-hydroxy-dodecanoate,C10H19O2,substring,decanoate
m1939[C_cy],C_cy,omega-oxo-dodecanoate,C10H19O2,substring,decanoate
m1942[C_cy],C_cy,omega-hydroxy-hexadecanoate,C10H19O2,substring,decanoate
m1943[C_cy],C_cy,omega-oxo-hexadecanoate,C10H19O2,substring,decanoate
m1961[C_er],C_er,GDP-mannose,C10H12N5O11P2,substring,GDP
m1964[C_cy],C_cy,UDP-N-acetyl-D-glucosamine,C6H14NO5;C8H15NO6,substring,N-Acetyl-D-glucosamine
m1965[C_er],C_er,UDP-N-acetyl-D-glucosamine,C6H14NO5;C8H15NO6,substring,N-Acetyl-D-glucosamine
m1969[C_er],C_er,"N,N-diacetylrhitobiosyldiphosphodolichol",C20H36O;C4H6O2,substring,dolichol
m1974[C_cy],C_cy,(S)-3-Hydroxyisobutyrate,C4H7O2;C4H7O3,substring,3-hydroxyisobutyrate
m1979[C_cy],C_cy,Ceramide-1 (Sphinganine:n-C26:0),C18H40NO2,substring,sphinganine
m1980[C_cy],C_cy,Ceramide-1 (Sphinganine:n-C24:0),C18H40NO2,substring,sphinganine
m1982[C_cy],C_cy,Ceramide-2 (Phytosphingosine:n-C24:0),C18H40NO3,substring,phytosphingosine
m1983[C_cy],C_cy,Ceramide-2 (Phytosphingosine:n-C26:0),C18H40NO3,substring,phytosphingosine
m1988[C_er],C_er,UDP-glucose,C9H11N2O12P2,substring,UDP
m1990[C_cy],C_cy,3-hydroxypropionyl-coA,C24H36N7O17P3S,substring,propionyl-CoA
m1994[C_cy],C_cy,"1,2-Diacyl-sn-glycerol",C3H8O3;C5H5O8PR2,substring,"1,2-diacyl-sn-glycerol 3-phosphate"
m2007[C_cy],C_cy,Ceramide-3 (Phytosphingosine:n-C24:0OH),C18H40NO3,substring,phytosphingosine
m2008[C_cy],C_cy,Ceramide-3 (Phytosphingosine:n-C26:0OH),C18H40NO3,substring,phytosphingosine
m2011[C_er],C_er,"1,2-Diacyl-sn-glycerol",C3H8O3;C5H5O8PR2,substring,"1,2-diacyl-sn-glycerol 3-phosphate"
m2014[C_er],C_er,Triacylglycerol,C3H8O3,substring,glycerol
m2019[C_cy],C_cy,Dehydrodolichol diphosphate,HO7P2,substring,diphosphate
m2020[C_cy],C_cy,"trans,trans-Farnesyl diphosphate",C15H25O7P2,substring,farnesyl diphosphate
m2030[C_cy],C_cy,3-Sulfinylpyruvate,C3H3O3,substring,pyruvate
m2031[C_cy],C_cy,Mercaptopyruvate,C3H3O3;C3H4O3S,substring,3-mercaptopyruvate
m2044[C_cy],C_cy,Indolepyruvate,C3H3O3,substring,pyruvate
m2048[C_cy],C_cy,Glyceron phosphate,HO4P,substring,phosphate
m251[C_er],C_er,6-(alpha-D-glucosaminyl)-O-acyl-1-phosphatidyl-1D-myo-inositol_,C11H16O13PR2;C6H12O6,substring,1-phosphatidyl-1D-myo-inositol
m317[C_mi],C_mi,"tRNA(Arg), mitchondrial_",RH,substring,tRNA(Arg)
m323[C_mi],C_mi,"tRNA(Asn), mitchondrial_",RH,substring,tRNA(Asn)
m337[C_mi],C_mi,"tRNA(Asp), mitchondrial_",RH,substring,tRNA(Asp)
m474[C_cy],C_cy,2-deoxy-D-ribofuranose 1-phosphate_,HO4P,substring,phosphate
m557[C_mi],C_mi,"tRNA(Glu), mitchondrial_",RH,substring,tRNA(Glu)
m598[C_er],C_er,6-O-[alpha-D-mannosyl-(1-4)-alpha-D-glucosaminyl]-O-acyl-1-phosphatidyl-1D-myo-inositol_,C11H16O13PR2;C6H12O6,substring,1-phosphatidyl-1D-myo-inositol
m600[C_er],C_er,6-O-{2-O-[(2-aminoethyl)phosphoryl]-alpha-D-mannosyl-(1-4)-alpha-D-glucosaminyl}-O-acyl-1-phosphatidyl-1D-myo-inositol_,C11H16O13PR2;C6H12O6,substring,1-phosphatidyl-1D-myo-inositol
m601[C_er],C_er,6-O-{alpha-D-mannosyl-(1-6)-2-O-[(2-aminoethyl)phosphoryl]-alpha-D-mannosyl-(1-4)-alpha-D-glucosaminyl}-O-acyl-1-phosphatidyl-1D-myo-inositol_,C11H16O13PR2;C6H12O6,substring,1-phosphatidyl-1D-myo-inositol
m602[C_er],C_er,6-O-{alpha-D-mannosyl-(1-2)-alpha-D-mannosyl-(1-6)-2-O-[(2-aminoethyl)phosphoryl]-alpha-D-mannosyl-(1-4)-alpha-D-glucosaminyl}-O-acyl-1-phosphatidyl-1D-myo-inositol_,C11H16O13PR2;C6H12O6,substring,1-phosphatidyl-1D-myo-inositol
m603[C_er],C_er,6-[6-(2-aminoethylphosphoryl)-alpha-mannosyl-(1-6)-2-(2-aminoethylphosphoryl)-alpha-mannosyl-(1-6)-alpha-2-(2-aminoethylphosphoryl)mannosyl-(1-4)-alpha-glucosaminyl]-O-acyl-1-phosphatidyl-1D-myo-inositol_,C11H16O13PR2;C6H12O6,substring,1-phosphatidyl-1D-myo-inositol
m621[C_mi],C_mi,"tRNA(His), mitchondrial_",RH,substring,tRNA(His)
m633[C_cy],C_cy,TRX1-disulphide_,C6H10N2O2S2R4,substring,TRX1
m635[C_mi],C_mi,TRX1-disulphide_,C6H10N2O2S2R4,substring,TRX1
m637[C_pe],C_pe,TRX1-disulphide_,C6H10N2O2S2R4,substring,TRX1
m748[C_mi],C_mi,"tRNA(Ile), mitchondrial_",RH,substring,tRNA(Ile)
m779[C_mi],C_mi,"tRNA(Leu), mitchondrial_",RH,substring,tRNA(Leu)
m797[C_mi],C_mi,"tRNA(Lys), mitchondrial_ActiveX VT_ERROR:",RH,substring,tRNA(Lys)
m809[C_mi],C_mi,"tRNA(Met), mitchondrial_",RH,substring,tRNA(Met)
m864[C_mi],C_mi,"tRNA(Phe), mitchondrial_",RH,substring,tRNA(Phe)
m933[C_nu],C_nu,TRX1-disulphide_,C6H10N2O2S2R4,substring,TRX1
m976[C_cy],C_cy,TTP_,C10H13N2O14P3,substring,dTTP
m980[C_mi],C_mi,"tRNA(Thr), mitchondrial_",RH,substring,tRNA(Thr)
m990[C_mi],C_mi,"tRNA(Trp), mitchondrial_",RH,substring,tRNA(Trp)
m998[C_mi],C_mi,"tRNA(Tyr), mitchondrial_ActiveX VT_ERROR:",RH,substring,tRNA(Tyr)
m1033[C_go],C_go,ceramide-2'-(C24)_,,NO_MATCH,
m1034[C_go],C_go,ceramide-2'-(C26)_,,NO_MATCH,
m1035[C_go],C_go,ceramide-3-(C24)_,,NO_MATCH,
m1036[C_go],C_go,ceramide-3-(C26)_,,NO_MATCH,
m1180[C_go],C_go,ceramide-2-(C24)_,,NO_MATCH,
m1181[C_go],C_go,ceramide-4-(C24)_,,NO_MATCH,
m1183[C_go],C_go,ceramide-2-(C26)_,,NO_MATCH,
m1184[C_go],C_go,ceramide-4-(C26)_,,NO_MATCH,
m1189[C_go],C_go,complex sphingolipid_,,NO_MATCH,
m1190[C_cy],C_cy,complex sphingolipid_,,NO_MATCH,
m1273[C_ex],C_ex,iron_Fe,,NO_MATCH,
m12[C_en],C_en,(1-6)-beta-D-glucan_,,NO_MATCH,
m1401[C_cy],C_cy,biomass_,,NO_MATCH,
m1707[C_go],C_go,inositol-P-ceramide B'-(C24)_,,NO_MATCH,
m1708[C_go],C_go,inositol-P-ceramide B'-(C26)_,,NO_MATCH,
m1709[C_go],C_go,inositol-P-ceramide C-(C24)_,,NO_MATCH,
m1710[C_go],C_go,inositol-P-ceramide C-(C26)_,,NO_MATCH,
m1711[C_go],C_go,inositol-P-ceramide A-(C24)_,,NO_MATCH,
m1712[C_go],C_go,inositol-P-ceramide A-(C26)_,,NO_MATCH,
m1713[C_go],C_go,inositol-P-ceramide B-(C24)_,,NO_MATCH,
m1714[C_go],C_go,inositol-P-ceramide B-(C26)_,,NO_MATCH,
m1715[C_go],C_go,inositol-P-ceramide D-(C24)_,,NO_MATCH,
m1716[C_go],C_go,inositol-P-ceramide D-(C26)_,,NO_MATCH,
m1722[C_cy],C_cy,N-pantothenoylcysteine_,,NO_MATCH,
m1727[C_cy],C_cy,lipids_,,NO_MATCH,
m1789[C_cy],C_cy,decanol_,,NO_MATCH,
m1792[C_cy],C_cy,dodecanol_,,NO_MATCH,
m1794[C_cy],C_cy,hexadecanol_,,NO_MATCH,
m179[C_mi],C_mi,ACP1_,,NO_MATCH,
m1805[C_ex],C_ex,dibutyrin_,,NO_MATCH,
m1807[C_ex],C_ex,tributyrin_,,NO_MATCH,
m1809[C_cy],C_cy,5-oxoproline_,,NO_MATCH,
m1813[C_cy],C_cy,cellobiose_,,NO_MATCH,
m1814[C_cy],C_cy,dehydroalanine_,,NO_MATCH,
m1816[C_cy],C_cy,5-hydroxyisourate_,,NO_MATCH,
m1817[C_cy],C_cy,OHCU_,,NO_MATCH,
m1838[C_ex],C_ex,Palatinose,,NO_MATCH,
m1841[C_ex],C_ex,Salicin,,NO_MATCH,
m1844[C_ex],C_ex,5-aminopentanoate,,NO_MATCH,
m1845[C_cy],C_cy,5-aminopentanoate,,NO_MATCH,
m1851[C_ex],C_ex,5-Keto-D-Gluconic Acid,,NO_MATCH,
m1852[C_cy],C_cy,5-Keto-D-Gluconic Acid,,NO_MATCH,
m1860[C_ex],C_ex,Gly_Glu,,NO_MATCH,
m1861[C_cy],C_cy,Gly_Glu,,NO_MATCH,
m1862[C_va],C_va,Gly_Glu,,NO_MATCH,
m1864[C_ex],C_ex,Gly-Pro,,NO_MATCH,
m1865[C_cy],C_cy,Gly-Pro,,NO_MATCH,
m1866[C_va],C_va,Gly-Pro,,NO_MATCH,
m1869[C_ex],C_ex,Gly-Asp,,NO_MATCH,
m1870[C_cy],C_cy,Gly-Asp,,NO_MATCH,
m1871[C_va],C_va,Gly-Asp,,NO_MATCH,
m1892[C_ex],C_ex,Magnesium,,NO_MATCH,
m1893[C_cy],C_cy,Magnesium,,NO_MATCH,
m1895[C_ex],C_ex,Indole_3_acetonitrile,,NO_MATCH,
m1896[C_cy],C_cy,Indole_3_acetonitrile,,NO_MATCH,
m1897[C_ex],C_ex,alpha_Aminopropiononitrile,,NO_MATCH,
m1898[C_cy],C_cy,alpha_Aminopropiononitrile,,NO_MATCH,
m1899[C_ex],C_ex,gamma_Amino_gamma_cyanobutanoate,,NO_MATCH,
m1900[C_cy],C_cy,gamma_Amino_gamma_cyanobutanoate,,NO_MATCH,
m1908[C_mi],C_mi,cis_octadec_11_enoyl_acyl_carrier_protein,,NO_MATCH,
m1917[C_cy],C_cy,cis_octadec_11_enoyl_acyl_carrier_protein,,NO_MATCH,
m1923[C_nu],C_nu,2_Octaprenyl_6_hydroxyphenol__5_repeating_units,,NO_MATCH,
m1924[C_nu],C_nu,2_Octaprenyl_6_methoxyphenol__5_repeating_units,,NO_MATCH,
m1927[C_cy],C_cy,2_Octaprenyl_6_hydroxyphenol__5_repeating_units,,NO_MATCH,
m1928[C_cy],C_cy,2_Octaprenylphenol__5_repeating_units_,,NO_MATCH,
m1932[C_cy],C_cy,Phenylacetic_acid,,NO_MATCH,
m1954[C_cy],C_cy,"3,4-dihydroxyphenylethyleneglycol",,NO_MATCH,
m1955[C_cy],C_cy,3-methoxy-4-hydroxyphenylethyleneglycol,,NO_MATCH,
m1956[C_cy],C_cy,"3,4-dihydroxymandelate",,NO_MATCH,
m1957[C_cy],C_cy,3-methoxy-4-hydroxymandelate,,NO_MATCH,
m1958[C_cy],C_cy,"3,4-dihydroxymandelaldehyde",,NO_MATCH,
m1959[C_cy],C_cy,"3,4-dihydroxyphenylethyleneglycol",,NO_MATCH,
m1972[C_cy],C_cy,2-Methylprop-2-enoyl-CoA,,NO_MATCH,
m1977[C_cy],C_cy,Phenethylamine,,NO_MATCH,
m1991[C_cy],C_cy,Propenoyl-coA,,NO_MATCH,
m1995[C_cy],C_cy,"Inositol phosphorylceramide, ceramide-1 (24C), yeast-specific",,NO_MATCH,
m1996[C_cy],C_cy,"Inositol phosphorylceramide, ceramide-1 (26C), yeast-specific",,NO_MATCH,
m1997[C_cy],C_cy,"Inositol phosphorylceramide, ceramide-2 (24C), yeast-specific",,NO_MATCH,
m1998[C_cy],C_cy,"Inositol phosphorylceramide, ceramide-2 (26C), yeast-specific",,NO_MATCH,
m1999[C_cy],C_cy,"Inositol phosphorylceramide, ceramide-3 (24C), yeast-specific",,NO_MATCH,
m2000[C_cy],C_cy,"Inositol phosphorylceramide, ceramide-3 (26C), yeast-specific",,NO_MATCH,
m2009[C_cy],C_cy,Hexadecenoyl-CoA,,NO_MATCH,
m2024[C_cy],C_cy,Amylose,,NO_MATCH,
m2028[C_er],C_er,Hexadecanoic acid,,NO_MATCH,
m2035[C_cy],C_cy,Cys-Gly,,NO_MATCH,
m2039[C_cy],C_cy,4-Aminobutyraldehyde,,NO_MATCH,
m2054[C_cy],C_cy,D-Limonene,,NO_MATCH,
m2055[C_ex],C_ex,D-Limonene,,NO_MATCH,
m2057[C_cy],C_cy,m2057[C_cy],,NO_MATCH,
m2058[C_cy],C_cy,m2058[C_cy],,NO_MATCH,
m2059[C_cy],C_cy,m2059[C_cy],,NO_MATCH,
m2060[C_cy],C_cy,m2060[C_cy],,NO_MATCH,
m388[C_er],C_er,ceramide-2-(C24)_,,NO_MATCH,
m390[C_er],C_er,ceramide-2'-(C24)_,,NO_MATCH,
m392[C_er],C_er,ceramide-2-(C26)_,,NO_MATCH,
m393[C_er],C_er,ceramide-2'-(C26)_,,NO_MATCH,
m397[C_er],C_er,ceramide-3-(C24)_,,NO_MATCH,
m398[C_er],C_er,ceramide-3-(C26)_,,NO_MATCH,
m399[C_er],C_er,ceramide-4-(C24)_,,NO_MATCH,
m400[C_er],C_er,ceramide-4-(C26)_,,NO_MATCH,
m514[C_pe],C_pe,octadec-9-ynoyl-CoA_,,NO_MATCH,
m523[C_mi],C_mi,iron_Fe,,NO_MATCH,
m690[C_mi],C_mi,ceramide-2'-(C24)_,,NO_MATCH,
m692[C_mi],C_mi,ceramide-2'-(C26)_,,NO_MATCH,
m694[C_mi],C_mi,ceramide-2-(C24)_,,NO_MATCH,
m696[C_mi],C_mi,ceramide-2-(C26)_,,NO_MATCH,
m698[C_mi],C_mi,ceramide-3-(C24)_,,NO_MATCH,
m700[C_mi],C_mi,ceramide-3-(C26)_,,NO_MATCH,
m702[C_mi],C_mi,ceramide-4-(C24)_,,NO_MATCH,
m704[C_mi],C_mi,ceramide-4-(C26)_,,NO_MATCH,
m948[C_cy],C_cy,iron_Fe,,NO_MATCH,
mtriolein[C_ex],C_ex,triolein,,NO_MATCH,
