scenario	objective_kind	epsilon	supplied	closed_connection	status	objective_value	biomass_C	xMAINTENANCE	R2021	R2029	R2034	R2039	R1363	R795	R871	R876	R2030	R2035	R2040	R171	source_R2021	source_R2029	source_R2034	source_R2039	actual_boundary_fluxes
G0	growth	0.01	[]		optimal	1.429177892279185	1.429177892279185	7.8625	0.0	0.0	0.0	0.0	0.0	0.0	0.0	0.0	0.0	0.0	0.0	53.485020907031746	0	0	0	0	"{""R1003"": -0.00489, ""R1016"": -8.701216075792553, ""R1030"": 14.859558739159919, ""R1070"": -10.0, ""R1164"": 81.95798401472166, ""R1202"": -0.02586, ""R1204"": -0.05414, ""R1215"": -0.00859, ""R1217"": -0.03434, ""R1220"": -0.02466, ""R1222"": -0.01207, ""R1223"": -0.02727, ""R1231"": -0.07562, ""R1232"": -0.02205, ""R1233"": -0.02486, ""R1234"": -0.10765, ""R1263"": -0.00010718834192093886, ""R1268"": 0.018971550820030637, ""R1287"": -14.825076926909974, ""R1296"": -0.10772970738044961, ""R1333"": -0.08491972848163461, ""R1354"": -0.19631473363925514, ""R1364"": -26.27503122272328, ""R1373"": 1.429177892279185}"
G1	growth	0.01	[]		optimal	1.4291778922791902	1.4291778922791902	7.8625	0.0	0.0	0.0	0.0	0.0	0.0	0.0	0.0	0.0	0.0	0.0	53.485020907031654	0	0	0	0	"{""R1003"": -0.00489, ""R1016"": -8.701216075792473, ""R1030"": 14.859558739159956, ""R1070"": -10.0, ""R1164"": 82.96919454487094, ""R1202"": -0.02586, ""R1204"": -0.05414, ""R1215"": -0.00859, ""R1217"": -0.03434, ""R1220"": -0.02466, ""R1222"": -0.01207, ""R1223"": -0.02727, ""R1231"": -0.07562, ""R1232"": -0.02205, ""R1233"": -0.02486, ""R1234"": -0.10765, ""R1263"": -0.00010718834192093925, ""R1268"": 0.018971550820030623, ""R1287"": -14.82507692690996, ""R1296"": -0.10772970738044307, ""R1333"": -0.08491972848163498, ""R1354"": -0.1963147336392539, ""R1364"": -26.275031222723708, ""R1373"": 1.4291778922791902}"
G2	growth	0.01	"[""R2021"", ""R2029"", ""R2034"", ""R2039""]"		optimal	1.4291778922791902	1.4291778922791902	7.8625	0.0	0.0	0.0	0.0	0.0	0.0	0.0	0.0	0.0	0.0	0.0	53.48502090703169	0.0	0.0	0.0	0.0	"{""R1003"": -0.00489, ""R1016"": -8.701216075792486, ""R1030"": 14.859558739159954, ""R1070"": -10.0, ""R1164"": 81.95798401472243, ""R1202"": -0.02586, ""R1204"": -0.05414, ""R1215"": -0.00859, ""R1217"": -0.03434, ""R1220"": -0.02466, ""R1222"": -0.01207, ""R1223"": -0.02727, ""R1231"": -0.07562, ""R1232"": -0.02205, ""R1233"": -0.02486, ""R1234"": -0.10765, ""R1263"": -0.00010718834192093925, ""R1268"": 0.018971550820030623, ""R1287"": -14.825076926909956, ""R1296"": -0.10772970738028437, ""R1333"": -0.08491972848163498, ""R1354"": -0.19631473363925464, ""R1364"": -26.27503122272378, ""R1373"": 1.4291778922791902}"
G3	growth	0.01	"[""R2021"", ""R2029"", ""R2034"", ""R2039""]"		optimal	1.434139669972012	1.434139669972012	7.8625	0.01	0.01	0.01	0.01	0.04	0.034999999999999996	0.01	0.01	-0.04	-0.01	-0.01	53.68415442007394	0.01	0.01	0.01	0.01	"{""R1003"": -0.00489, ""R1016"": -8.653372295199244, ""R1030"": 14.944918175916055, ""R1070"": -10.0, ""R1164"": 83.2246359960697, ""R1202"": -0.02586, ""R1204"": -0.05414, ""R1215"": -0.00859, ""R1217"": -0.03434, ""R1220"": -0.02466, ""R1222"": -0.01207, ""R1223"": -0.02727, ""R1231"": -0.07562, ""R1232"": -0.02205, ""R1233"": -0.02486, ""R1234"": -0.10765, ""R1263"": -0.00010756047524790088, ""R1268"": 0.018960863150880285, ""R1287"": -14.879664443914045, ""R1296"": -0.10810372020400966, ""R1333"": -0.08525645456298062, ""R1354"": -0.19699629334669533, ""R1364"": -26.47916301254921, ""R1373"": 1.434139669972012, ""DIAG_SUP_R2021"": 0.01, ""DIAG_SUP_R2029"": 0.01, ""DIAG_SUP_R2034"": 0.01, ""DIAG_SUP_R2039"": 0.01}"
G4	growth	0.01	"[""R2021""]"		optimal	1.430193460812808	1.430193460812808	7.8625	0.01	0.0	0.0	0.0	0.01	0.01	0.01	0.0	-0.01	0.0	0.0	53.52727045648476	0.01	0	0	0	"{""R1003"": -0.00489, ""R1016"": -8.6877977581272, ""R1030"": 14.885860378262068, ""R1070"": -10.0, ""R1164"": 83.01937261967755, ""R1202"": -0.02586, ""R1204"": -0.05414, ""R1215"": -0.00859, ""R1217"": -0.03434, ""R1220"": -0.02466, ""R1222"": -0.01207, ""R1223"": -0.02727, ""R1231"": -0.07562, ""R1232"": -0.02205, ""R1233"": -0.02486, ""R1234"": -0.10765, ""R1263"": -0.00010726450956096059, ""R1268"": 0.018969363285409213, ""R1287"": -14.836220570741201, ""R1296"": -0.10780625971273541, ""R1333"": -0.0849886490246004, ""R1354"": -0.19645423416416907, ""R1364"": -26.31728041947161, ""R1373"": 1.430193460812808, ""DIAG_SUP_R2021"": 0.01}"
G5	growth	0.01	"[""R2029""]"		optimal	1.4305126394948022	1.4305126394948022	7.8625	0.0	0.01	0.0	0.0	0.01	0.01	0.0	0.01	-0.01	0.0	0.0	53.53683460059859	0	0.01	0	0	"{""R1003"": -0.00489, ""R1016"": -8.689866286860969, ""R1030"": 14.88526946483702, ""R1070"": -10.0, ""R1164"": 83.03685715747386, ""R1202"": -0.02586, ""R1204"": -0.05414, ""R1215"": -0.00859, ""R1217"": -0.03434, ""R1220"": -0.02466, ""R1222"": -0.01207, ""R1223"": -0.02727, ""R1231"": -0.07562, ""R1232"": -0.02205, ""R1233"": -0.02486, ""R1234"": -0.10765, ""R1263"": -0.00010728844796211016, ""R1268"": 0.018968675774528196, ""R1287"": -14.840580001659589, ""R1296"": -0.10783031901714046, ""R1333"": -0.08501030976667526, ""R1354"": -0.19649807718628498, ""R1364"": -26.326844452735244, ""R1373"": 1.4305126394948022, ""DIAG_SUP_R2029"": 0.01}"
G6	growth	0.01	"[""R2034""]"		optimal	1.4301760510665174	1.4301760510665174	7.8625	0.0	0.0	0.01	0.0	0.01	0.005	0.0	0.0	-0.01	-0.01	0.0	53.53120332135126	0	0	0.01	0	"{""R1003"": -0.00489, ""R1016"": -8.687684929287178, ""R1030"": 14.876438064448896, ""R1070"": -10.0, ""R1164"": 83.01405528125221, ""R1202"": -0.02586, ""R1204"": -0.05414, ""R1215"": -0.00859, ""R1217"": -0.03434, ""R1220"": -0.02466, ""R1222"": -0.01207, ""R1223"": -0.02727, ""R1231"": -0.07562, ""R1232"": -0.02205, ""R1233"": -0.02486, ""R1234"": -0.10765, ""R1263"": -0.0001072632038299888, ""R1268"": 0.018969400786002722, ""R1287"": -14.836800965418382, ""R1296"": -0.10780494738711421, ""R1333"": -0.08498746752957814, ""R1354"": -0.19645184272659888, ""R1364"": -26.316213290384475, ""R1373"": 1.4301760510665174, ""DIAG_SUP_R2034"": 0.01}"
G7	growth	0.01	"[""R2039""]"		optimal	1.430791195435452	1.430791195435452	7.8625	0.0	0.0	0.0	0.01	0.01	0.01	0.0	0.0	-0.01	0.0	-0.01	53.54390876273427	0	0	0	0.01	"{""R1003"": -0.00489, ""R1016"": -8.691671548301345, ""R1030"": 14.876026485847893, ""R1070"": -10.0, ""R1164"": 83.06193457227815, ""R1202"": -0.02586, ""R1204"": -0.05414, ""R1215"": -0.00859, ""R1217"": -0.03434, ""R1220"": -0.02466, ""R1222"": -0.01207, ""R1223"": -0.02727, ""R1231"": -0.07562, ""R1232"": -0.02205, ""R1233"": -0.02486, ""R1234"": -0.10765, ""R1263"": -0.00010730933965765889, ""R1268"": 0.018968075765032035, ""R1287"": -14.841293686824734, ""R1296"": -0.10785131622841476, ""R1333"": -0.08502921368703152, ""R1354"": -0.1965363401874045, ""R1364"": -26.343918518128937, ""R1373"": 1.430791195435452, ""DIAG_SUP_R2039"": 0.01}"
G8	growth	0.01	"[""R2021"", ""R2029"", ""R2034"", ""R2039""]"	R1363	optimal	1.4291778922791891	1.4291778922791891	7.8625	0.0	0.0	0.0	0.0	0.0	0.0	0.0	0.0	0.0	0.0	0.0	53.48502090703163	0.0	0.0	0.0	0.0	"{""R1003"": -0.00489, ""R1016"": -8.701216075792484, ""R1030"": 14.859558739159935, ""R1070"": -10.0, ""R1164"": 82.96919454487076, ""R1202"": -0.02586, ""R1204"": -0.05414, ""R1215"": -0.00859, ""R1217"": -0.03434, ""R1220"": -0.02466, ""R1222"": -0.01207, ""R1223"": -0.02727, ""R1231"": -0.07562, ""R1232"": -0.02205, ""R1233"": -0.02486, ""R1234"": -0.10765, ""R1263"": -0.00010718834192093917, ""R1268"": 0.018971550820030627, ""R1287"": -14.825076926909952, ""R1296"": -0.1077297073805226, ""R1333"": -0.0849197284816349, ""R1354"": -0.1963147336392539, ""R1364"": -26.27503122272362, ""R1373"": 1.4291778922791891}"
G9	growth	0.01	"[""R2021"", ""R2029"", ""R2034"", ""R2039""]"	R795	optimal	1.429177892279185	1.429177892279185	7.8625	0.0	0.0	0.0	0.0	0.0	0.0	0.0	0.0	0.0	0.0	0.0	53.48502090703174	0.0	0.0	0.0	0.0	"{""R1003"": -0.00489, ""R1016"": -8.701216075792543, ""R1030"": 14.859558739159914, ""R1070"": -10.0, ""R1164"": 83.84185491258108, ""R1202"": -0.02586, ""R1204"": -0.05414, ""R1215"": -0.00859, ""R1217"": -0.03434, ""R1220"": -0.02466, ""R1222"": -0.01207, ""R1223"": -0.02727, ""R1231"": -0.07562, ""R1232"": -0.02205, ""R1233"": -0.02486, ""R1234"": -0.10765, ""R1263"": -0.00010718834192093886, ""R1268"": 0.018971550820030637, ""R1287"": -14.825076926909972, ""R1296"": -0.10772970738051413, ""R1333"": -0.08491972848163463, ""R1354"": -0.19631473363925336, ""R1364"": -26.275031222723303, ""R1373"": 1.429177892279185}"
G10	growth	0.01	"[""R2021"", ""R2029"", ""R2034"", ""R2039""]"	R871	optimal	1.433124101438394	1.433124101438394	7.8625	0.0	0.01	0.01	0.01	0.03	0.025	0.0	0.01	-0.03	-0.01	-0.01	53.64190487062082	0.0	0.01	0.01	0.01	"{""R1003"": -0.00489, ""R1016"": -8.666790612864515, ""R1030"": 14.918616536813936, ""R1070"": -10.0, ""R1164"": 83.17445792126296, ""R1202"": -0.02586, ""R1204"": -0.05414, ""R1215"": -0.00859, ""R1217"": -0.03434, ""R1220"": -0.02466, ""R1222"": -0.01207, ""R1223"": -0.02727, ""R1231"": -0.07562, ""R1232"": -0.02205, ""R1233"": -0.02486, ""R1234"": -0.10765, ""R1263"": -0.00010748430760787953, ""R1268"": 0.0189630506855017, ""R1287"": -14.868520800082795, ""R1296"": -0.10802716787170896, ""R1333"": -0.08518753402001517, ""R1354"": -0.1968567928217809, ""R1364"": -26.43691381580139, ""R1373"": 1.433124101438394, ""DIAG_SUP_R2029"": 0.01, ""DIAG_SUP_R2034"": 0.01, ""DIAG_SUP_R2039"": 0.01}"
G11	growth	0.01	"[""R2021"", ""R2029"", ""R2034"", ""R2039""]"	R876	optimal	1.4328049227564021	1.4328049227564021	7.8625	0.01	0.0	0.01	0.01	0.03	0.025	0.01	0.0	-0.03	-0.01	-0.01	53.632340726506975	0.01	0.0	0.01	0.01	"{""R1003"": -0.00489, ""R1016"": -8.66472208413071, ""R1030"": 14.919207450239007, ""R1070"": -10.0, ""R1164"": 83.14656548850797, ""R1202"": -0.02586, ""R1204"": -0.05414, ""R1215"": -0.00859, ""R1217"": -0.03434, ""R1220"": -0.02466, ""R1222"": -0.01207, ""R1223"": -0.02727, ""R1231"": -0.07562, ""R1232"": -0.02205, ""R1233"": -0.02486, ""R1234"": -0.10765, ""R1263"": -0.00010746036920673015, ""R1268"": 0.01896373819638271, ""R1287"": -14.864161369164407, ""R1296"": -0.10800310856733097, ""R1333"": -0.08516587327794048, ""R1354"": -0.19681294979966513, ""R1364"": -26.427349782537874, ""R1373"": 1.4328049227564021, ""DIAG_SUP_R2021"": 0.01, ""DIAG_SUP_R2034"": 0.01, ""DIAG_SUP_R2039"": 0.01}"
G0	pfba	0.01	[]		optimal	962.3548349645539	1.429177892279185	7.8625	0.0	0.0	0.0	0.0	0.0	0.0	0.0	0.0	0.0	0.0	0.0	53.48502090703324	0	0	0	0	"{""R1003"": -0.00489, ""R1016"": -8.701216075792335, ""R1030"": 14.859558739160338, ""R1070"": -10.0, ""R1202"": -0.02586, ""R1204"": -0.05414, ""R1215"": -0.00859, ""R1217"": -0.03434, ""R1220"": -0.02466, ""R1222"": -0.01207, ""R1223"": -0.02727, ""R1231"": -0.07562, ""R1232"": -0.02205, ""R1233"": -0.02486, ""R1234"": -0.10765, ""R1263"": -0.00010718822698038699, ""R1268"": 0.018971550820030637, ""R1287"": -14.825076926910297, ""R1296"": -0.10772970738036101, ""R1333"": -0.08491972848163461, ""R1354"": -0.1963147336392537, ""R1364"": -26.275031222838415, ""R1373"": 1.429177892279185}"
G0	max_R2021	0.01	[]		optimal	0.0	0.0	7.8625	0.0	0.0	0.0	0.0	0.0	0.0	0.0	0.0	0.0	0.0	0.0	0.21393442622950873	0	0	0	0	"{""R996"": 7.648565573770493, ""R1030"": 7.648565573770493, ""R1070"": -10.0, ""R1164"": -0.7131147540983607, ""R1287"": -0.11885245901639374, ""R1364"": 0.23770491803278937, ""R1981"": 7.410860655737705}"
G0	max_R2029	0.01	[]		optimal	0.0	0.0	7.8625	0.0	0.0	0.0	0.0	0.0	0.0	0.0	0.0	0.0	0.0	0.0	0.21393442622950806	0	0	0	0	"{""R996"": 7.648565573770491, ""R1030"": 7.648565573770491, ""R1070"": -10.0, ""R1164"": -0.713114754098358, ""R1287"": -0.11885245901639337, ""R1364"": 0.23770491803278615, ""R1981"": 7.410860655737705}"
G0	max_R2034	0.01	[]		optimal	0.0	0.0	7.8625	0.0	0.0	0.0	0.0	0.0	0.0	0.0	0.0	0.0	0.0	0.0	0.21393442622950806	0	0	0	0	"{""R996"": 7.648565573770491, ""R1030"": 7.648565573770491, ""R1070"": -10.0, ""R1164"": -0.713114754098358, ""R1287"": -0.11885245901639337, ""R1364"": 0.23770491803278615, ""R1981"": 7.410860655737705}"
G0	max_R2039	0.01	[]		optimal	0.0	0.0	7.8625	0.0	0.0	0.0	0.0	0.0	0.0	0.0	0.0	0.0	0.0	0.0	0.21393442622950876	0	0	0	0	"{""R996"": 7.648565573770493, ""R1030"": 7.648565573770493, ""R1070"": -10.0, ""R1164"": -0.7131147540983616, ""R1287"": -0.11885245901639374, ""R1364"": 0.23770491803278937, ""R1981"": 7.410860655737705}"
G1	pfba	0.01	[]		optimal	962.3548349646317	1.4291778922791902	7.8625	0.0	0.0	0.0	0.0	0.0	0.0	0.0	0.0	0.0	0.0	0.0	53.485020907032705	0	0	0	0	"{""R1003"": -0.00489, ""R1016"": -8.701216075792315, ""R1030"": 14.859558739160256, ""R1070"": -10.0, ""R1202"": -0.02586, ""R1204"": -0.05414, ""R1215"": -0.00859, ""R1217"": -0.03434, ""R1220"": -0.02466, ""R1222"": -0.01207, ""R1223"": -0.02727, ""R1231"": -0.07562, ""R1232"": -0.02205, ""R1233"": -0.02486, ""R1234"": -0.10765, ""R1263"": -0.00010718825930779624, ""R1268"": 0.018971550820030623, ""R1287"": -14.825076926910182, ""R1296"": -0.10772970738034025, ""R1333"": -0.08491972848163497, ""R1354"": -0.19631473363925417, ""R1364"": -26.275031222806447, ""R1373"": 1.4291778922791902}"
G1	max_R2021	0.01	[]		optimal	0.0	0.0	7.8625	0.0	0.0	0.0	0.0	0.0	0.0	0.0	0.0	0.0	0.0	0.0	0.0	0	0	0	0	"{""R1070"": -10.0, ""R1164"": -0.5799999999999939, ""R1287"": -0.2900000000000005, ""R1310"": 7.8625, ""R1364"": 0.580000000000001, ""R1981"": 7.282499999999999}"
G1	max_R2029	0.01	[]		optimal	0.0	0.0	7.8625	0.0	0.0	0.0	0.0	0.0	0.0	0.0	0.0	0.0	0.0	0.0	0.0	0	0	0	0	"{""R1070"": -10.0, ""R1164"": -0.5799999999999992, ""R1287"": -0.2899999999999996, ""R1310"": 7.8625, ""R1364"": 0.5799999999999992, ""R1981"": 7.282500000000001}"
G1	max_R2034	0.01	[]		optimal	0.0	0.0	7.8625	0.0	0.0	0.0	0.0	0.0	0.0	0.0	0.0	0.0	0.0	0.0	0.0	0	0	0	0	"{""R1070"": -10.0, ""R1164"": -0.5799999999999992, ""R1287"": -0.2899999999999996, ""R1310"": 7.8625, ""R1364"": 0.5799999999999992, ""R1981"": 7.282500000000001}"
G1	max_R2039	0.01	[]		optimal	0.0	0.0	7.8625	0.0	0.0	0.0	0.0	0.0	0.0	0.0	0.0	0.0	0.0	0.0	0.0	0	0	0	0	"{""R1070"": -10.0, ""R1164"": -0.5799999999999992, ""R1287"": -0.2899999999999996, ""R1310"": 7.8625, ""R1364"": 0.5799999999999992, ""R1981"": 7.282500000000001}"
G2	pfba	0.01	"[""R2021"", ""R2029"", ""R2034"", ""R2039""]"		optimal	962.3548349648266	1.4291778922791902	7.8625	0.0	0.0	0.0	0.0	0.0	0.0	0.0	0.0	0.0	0.0	0.0	53.48502090703145	0.0	0.0	0.0	0.0	"{""R1003"": -0.00489, ""R1016"": -8.701216075792495, ""R1030"": 14.859558739159887, ""R1070"": -10.0, ""R1202"": -0.02586, ""R1204"": -0.05414, ""R1215"": -0.00859, ""R1217"": -0.03434, ""R1220"": -0.02466, ""R1222"": -0.01207, ""R1223"": -0.02727, ""R1231"": -0.07562, ""R1232"": -0.02205, ""R1233"": -0.02486, ""R1234"": -0.10765, ""R1263"": -0.00010718834177746162, ""R1268"": 0.018971550820030623, ""R1287"": -14.82507692690991, ""R1296"": -0.10772970736614873, ""R1333"": -0.08491972848163497, ""R1354"": -0.19631473363925417, ""R1364"": -26.275031222738157, ""R1373"": 1.4291778922791902}"
G2	max_R2021	0.01	"[""R2021"", ""R2029"", ""R2034"", ""R2039""]"		optimal	0.0	0.0	7.8625	0.0	0.0	0.0	0.0	0.0	0.0	0.0	0.0	0.0	0.0	0.0	0.21393442622950948	0.0	0.0	0.0	0.0	"{""R996"": 7.648565573770492, ""R1030"": 7.648565573770492, ""R1070"": -10.0, ""R1164"": -0.7131147540983722, ""R1287"": -0.11885245901639416, ""R1364"": 0.23770491803279004, ""R1981"": 7.410860655737704}"
G2	max_R2029	0.01	"[""R2021"", ""R2029"", ""R2034"", ""R2039""]"		optimal	0.0	0.0	7.8625	0.0	0.0	0.0	0.0	0.0	0.0	0.0	0.0	0.0	0.0	0.0	0.21393442622950873	0.0	0.0	0.0	0.0	"{""R996"": 7.648565573770493, ""R1030"": 7.648565573770493, ""R1070"": -10.0, ""R1164"": -0.7131147540983616, ""R1287"": -0.11885245901639374, ""R1364"": 0.23770491803278937, ""R1981"": 7.410860655737705}"
G2	max_R2034	0.01	"[""R2021"", ""R2029"", ""R2034"", ""R2039""]"		optimal	0.0	0.0	7.8625	0.0	0.0	0.0	0.0	0.0	0.0	0.0	0.0	0.0	0.0	0.0	0.21393442622950792	0.0	0.0	0.0	0.0	"{""R996"": 7.648565573770492, ""R1030"": 7.648565573770492, ""R1070"": -10.0, ""R1164"": -0.7131147540983633, ""R1287"": -0.1188524590163933, ""R1364"": 0.23770491803278676, ""R1981"": 7.4108606557377055}"
G2	max_R2039	0.01	"[""R2021"", ""R2029"", ""R2034"", ""R2039""]"		optimal	0.0	0.0	7.8625	0.0	0.0	0.0	0.0	0.0	0.0	0.0	0.0	0.0	0.0	0.0	0.21393442622950948	0.0	0.0	0.0	0.0	"{""R996"": 7.648565573770492, ""R1030"": 7.648565573770492, ""R1070"": -10.0, ""R1164"": -0.7131147540983722, ""R1287"": -0.11885245901639416, ""R1364"": 0.23770491803279004, ""R1981"": 7.410860655737704}"
G3	pfba	0.01	"[""R2021"", ""R2029"", ""R2034"", ""R2039""]"		optimal	964.7180631106196	1.434139669972012	7.8625	0.01	0.01	0.01	0.01	0.04	0.035	0.01	0.01	-0.04	-0.01	-0.01	53.68415442007354	0.01	0.01	0.01	0.01	"{""R1003"": -0.00489, ""R1016"": -8.653372295199302, ""R1030"": 14.944918175915939, ""R1070"": -10.0, ""R1202"": -0.02586, ""R1204"": -0.05414, ""R1215"": -0.00859, ""R1217"": -0.03434, ""R1220"": -0.02466, ""R1222"": -0.01207, ""R1223"": -0.02727, ""R1231"": -0.07562, ""R1232"": -0.02205, ""R1233"": -0.02486, ""R1234"": -0.10765, ""R1263"": -0.0001075604749349035, ""R1268"": 0.018960863150880285, ""R1287"": -14.879664443913962, ""R1296"": -0.10810372017281014, ""R1333"": -0.08525645456298062, ""R1354"": -0.19699629334669524, ""R1364"": -26.479163012580745, ""R1373"": 1.434139669972012, ""DIAG_SUP_R2021"": 0.01, ""DIAG_SUP_R2029"": 0.01, ""DIAG_SUP_R2034"": 0.01, ""DIAG_SUP_R2039"": 0.01}"
G3	max_R2021	0.01	"[""R2021"", ""R2029"", ""R2034"", ""R2039""]"		optimal	0.01	0.0	7.8625	0.01	0.0	0.0	0.0	0.01	0.01	0.01	0.0	-0.01	0.0	0.0	3.730432330827067	0.01	0.0	0.0	0.0	"{""R945"": 0.002857142857142857, ""R1016"": 0.0014285714285714284, ""R1030"": 0.008571428571428572, ""R1070"": -2.0724624060150374, ""R1148"": 0.01, ""R1164"": -12.433345864661652, ""R1196"": 0.018571428571428572, ""R1284"": 0.008571428571428572, ""R1287"": -2.0724624060150374, ""R1310"": 4.117781954887217, ""R1364"": 4.133496240601504, ""R2016"": 0.0014285714285714284, ""DIAG_SUP_R2021"": 0.01}"
G3	max_R2029	0.01	"[""R2021"", ""R2029"", ""R2034"", ""R2039""]"		optimal	0.01	0.0	7.8625	0.01	0.01	0.0	0.0	0.02	0.02	0.01	0.01	-0.02	0.0	0.0	3.73516917293233	0.01	0.01	0.0	0.0	"{""R945"": 0.002857142857142857, ""R1016"": 0.0014285714285714288, ""R1030"": 0.008571428571428572, ""R1070"": -2.0750939849624057, ""R1148"": 0.02, ""R1164"": -12.449135338345863, ""R1196"": 0.028571428571428574, ""R1211"": 0.01, ""R1284"": 0.008571428571428572, ""R1287"": -2.0750939849624057, ""R1310"": 4.113045112781954, ""R1364"": 4.128759398496241, ""R2016"": 0.0014285714285714288, ""DIAG_SUP_R2021"": 0.01, ""DIAG_SUP_R2029"": 0.01}"
G3	max_R2034	0.01	"[""R2021"", ""R2029"", ""R2034"", ""R2039""]"		optimal	0.01	0.0	7.8625	0.01	0.01	0.01	0.0	0.03	0.025	0.01	0.01	-0.03	-0.01	0.0	3.7375375939849618	0.01	0.01	0.01	0.0	"{""R945"": 0.002857142857142857, ""R1016"": 0.0014285714285714288, ""R1030"": 0.008571428571428572, ""R1070"": -2.07640977443609, ""R1148"": 0.03, ""R1164"": -12.457030075187966, ""R1196"": 0.04857142857142857, ""R1211"": 0.01, ""R1284"": 0.008571428571428572, ""R1287"": -2.07640977443609, ""R1310"": 4.105676691729323, ""R1364"": 4.121390977443606, ""R2016"": 0.0014285714285714288, ""DIAG_SUP_R2021"": 0.01, ""DIAG_SUP_R2029"": 0.01, ""DIAG_SUP_R2034"": 0.01}"
G3	max_R2039	0.01	"[""R2021"", ""R2029"", ""R2034"", ""R2039""]"		optimal	0.01	0.0	7.8625	0.01	0.01	0.01	0.01	0.04	0.034999999999999996	0.01	0.01	-0.04	-0.01	-0.01	3.742274436090226	0.01	0.01	0.01	0.01	"{""R945"": 0.002857142857142857, ""R1016"": 0.0014285714285714288, ""R1030"": 0.008571428571428572, ""R1070"": -2.0790413533834586, ""R1148"": 0.04, ""R1164"": -12.472819548872181, ""R1196"": 0.05857142857142857, ""R1211"": 0.01, ""R1224"": 0.01, ""R1284"": 0.008571428571428572, ""R1287"": -2.0790413533834586, ""R1310"": 4.100939849624059, ""R1364"": 4.1166541353383455, ""R2016"": 0.0014285714285714288, ""DIAG_SUP_R2021"": 0.01, ""DIAG_SUP_R2029"": 0.01, ""DIAG_SUP_R2034"": 0.01, ""DIAG_SUP_R2039"": 0.01}"
G4	pfba	0.01	"[""R2021""]"		optimal	962.8425424800562	1.430193460812808	7.8625	0.01	0.0	0.0	0.0	0.01	0.01	0.01	0.0	-0.01	0.0	0.0	53.52727045648459	0.01	0	0	0	"{""R1003"": -0.00489, ""R1016"": -8.68779775812722, ""R1030"": 14.885860378262027, ""R1070"": -10.0, ""R1202"": -0.02586, ""R1204"": -0.05414, ""R1215"": -0.00859, ""R1217"": -0.03434, ""R1220"": -0.02466, ""R1222"": -0.01207, ""R1223"": -0.02727, ""R1231"": -0.07562, ""R1232"": -0.02205, ""R1233"": -0.02486, ""R1234"": -0.10765, ""R1263"": -0.00010726450943751575, ""R1268"": 0.018969363285409213, ""R1287"": -14.836220570741165, ""R1296"": -0.10780625970040714, ""R1333"": -0.08498864902460038, ""R1354"": -0.1964542341641689, ""R1364"": -26.31728041948407, ""R1373"": 1.430193460812808, ""DIAG_SUP_R2021"": 0.01}"
G4	max_R2021	0.01	"[""R2021""]"		optimal	0.01	0.0	7.8625	0.01	0.0	0.0	0.0	0.01	0.01	0.01	0.0	-0.01	0.0	0.0	0.0	0.01	0	0	0	"{""R1030"": 0.5203799999999983, ""R1070"": -10.0, ""R1112"": 0.5959999999999983, ""R1143"": 0.08562, ""R1204"": 0.01, ""R1231"": -0.07562, ""R1310"": 7.352120000000001, ""R1364"": -0.009999999999999787, ""R1981"": 7.276500000000001, ""DIAG_SUP_R2021"": 0.01}"
G4	max_R2029	0.01	"[""R2021""]"		optimal	0.0	0.0	7.8625	0.01	0.0	0.0	0.0	0.01	0.01	0.01	0.0	-0.01	0.0	0.0	0.0	0.01	0	0	0	"{""R1030"": 0.5203799999999983, ""R1070"": -10.0, ""R1112"": 0.5959999999999983, ""R1143"": 0.08562, ""R1204"": 0.01, ""R1231"": -0.07562, ""R1310"": 7.352120000000001, ""R1364"": -0.009999999999999787, ""R1981"": 7.276500000000001, ""DIAG_SUP_R2021"": 0.01}"
G4	max_R2034	0.01	"[""R2021""]"		optimal	0.0	0.0	7.8625	0.01	0.0	0.0	0.0	0.01	0.01	0.01	0.0	-0.01	0.0	0.0	0.0	0.01	0	0	0	"{""R1030"": 0.5203799999999983, ""R1070"": -10.0, ""R1112"": 0.5959999999999983, ""R1143"": 0.08562, ""R1204"": 0.01, ""R1231"": -0.07562, ""R1310"": 7.352120000000001, ""R1364"": -0.009999999999999787, ""R1981"": 7.276500000000001, ""DIAG_SUP_R2021"": 0.01}"
G4	max_R2039	0.01	"[""R2021""]"		optimal	0.0	0.0	7.8625	0.01	0.0	0.0	0.0	0.01	0.01	0.01	0.0	-0.01	0.0	0.0	0.0	0.01	0	0	0	"{""R1030"": 0.5203799999999983, ""R1070"": -10.0, ""R1112"": 0.5959999999999983, ""R1143"": 0.08562, ""R1204"": 0.01, ""R1231"": -0.07562, ""R1310"": 7.352120000000001, ""R1364"": -0.009999999999999787, ""R1981"": 7.276500000000001, ""DIAG_SUP_R2021"": 0.01}"
G5	pfba	0.01	"[""R2029""]"		optimal	962.9883934131851	1.4305126394948022	7.8625	0.0	0.01	0.0	0.0	0.01	0.01	0.0	0.01	-0.01	0.0	0.0	53.536834600599704	0	0.01	0	0	"{""R1003"": -0.00489, ""R1016"": -8.689866286860799, ""R1030"": 14.885269464837352, ""R1070"": -10.0, ""R1202"": -0.02586, ""R1204"": -0.05414, ""R1215"": -0.00859, ""R1217"": -0.03434, ""R1220"": -0.02466, ""R1222"": -0.01207, ""R1223"": -0.02727, ""R1231"": -0.07562, ""R1232"": -0.02205, ""R1233"": -0.02486, ""R1234"": -0.10765, ""R1263"": -0.00010728836068504832, ""R1268"": 0.018968675774528196, ""R1287"": -14.840580001659836, ""R1296"": -0.10783031901714513, ""R1333"": -0.08501030976667527, ""R1354"": -0.1964980771862853, ""R1364"": -26.326844452822687, ""R1373"": 1.4305126394948022, ""DIAG_SUP_R2029"": 0.01}"
G5	max_R2021	0.01	"[""R2029""]"		optimal	0.0	0.0	7.8625	0.0	0.0	0.0	0.0	0.0	0.0	0.0	0.0	0.0	0.0	0.0	0.0	0	0.0	0	0	"{""R996"": 7.8625, ""R1030"": 7.8625, ""R1070"": -3.93125, ""R1164"": -7.862500000000001, ""R1287"": -1.965625, ""R1364"": 7.8625}"
G5	max_R2029	0.01	"[""R2029""]"		optimal	0.01	0.0	7.8625	0.0	0.01	0.0	0.0	0.01	0.01	0.0	0.01	-0.01	0.0	0.0	0.0	0	0.01	0	0	"{""R964"": 0.01, ""R996"": 7.8525, ""R1030"": 7.8525, ""R1070"": -3.93625, ""R1148"": 0.01, ""R1164"": -7.872499999999998, ""R1196"": 0.02, ""R1287"": -1.968125, ""R1364"": 7.8625, ""DIAG_SUP_R2029"": 0.01}"
G5	max_R2034	0.01	"[""R2029""]"		optimal	0.0	0.0	7.8625	0.0	0.01	0.0	0.0	0.01	0.01	0.0	0.01	-0.01	0.0	0.0	0.0	0	0.01	0	0	"{""R964"": 0.01, ""R996"": 7.8525, ""R1030"": 7.8525, ""R1070"": -3.93625, ""R1148"": 0.01, ""R1164"": -7.872499999999999, ""R1196"": 0.02, ""R1287"": -1.968125, ""R1364"": 7.8625, ""DIAG_SUP_R2029"": 0.01}"
G5	max_R2039	0.01	"[""R2029""]"		optimal	0.0	0.0	7.8625	0.0	0.01	0.0	0.0	0.01	0.01	0.0	0.01	-0.01	0.0	0.0	0.0	0	0.01	0	0	"{""R964"": 0.01, ""R996"": 7.8525, ""R1030"": 7.8525, ""R1070"": -3.93625, ""R1148"": 0.01, ""R1164"": -7.872499999999999, ""R1196"": 0.02, ""R1287"": -1.968125, ""R1364"": 7.8625, ""DIAG_SUP_R2029"": 0.01}"
G6	pfba	0.01	"[""R2034""]"		optimal	962.9044960655864	1.4301760510665174	7.8625	0.0	0.0	0.01	0.0	0.01	0.005	0.0	0.0	-0.01	-0.01	0.0	53.53120332135037	0	0	0.01	0	"{""R1003"": -0.00489, ""R1016"": -8.687684929287293, ""R1030"": 14.876438064448637, ""R1070"": -10.0, ""R1202"": -0.02586, ""R1204"": -0.05414, ""R1215"": -0.00859, ""R1217"": -0.03434, ""R1220"": -0.02466, ""R1222"": -0.01207, ""R1223"": -0.02727, ""R1231"": -0.07562, ""R1232"": -0.02205, ""R1233"": -0.02486, ""R1234"": -0.10765, ""R1263"": -0.00010726320314537012, ""R1268"": 0.018969400786002722, ""R1287"": -14.83680096541818, ""R1296"": -0.10780494738686505, ""R1333"": -0.08498746752957814, ""R1354"": -0.19645184272659896, ""R1364"": -26.31621329038539, ""R1373"": 1.4301760510665174, ""DIAG_SUP_R2034"": 0.01}"
G6	max_R2021	0.01	"[""R2034""]"		optimal	0.0	0.0	7.8625	0.0	0.0	0.0	0.0	0.0	0.0	0.0	0.0	0.0	0.0	0.0	3.2152070588235295	0	0	0.0	0	"{""R949"": 0.05414, ""R1070"": -2.323646470588235, ""R1164"": -13.779458823529414, ""R1196"": 0.05414, ""R1204"": -0.05414, ""R1287"": -2.2965764705882354, ""R1310"": 4.59315294117647, ""R1364"": 4.593152941176471}"
G6	max_R2029	0.01	"[""R2034""]"		optimal	0.0	0.0	7.8625	0.0	0.0	0.0	0.0	0.0	0.0	0.0	0.0	0.0	0.0	0.0	3.2152070588235295	0	0	0.0	0	"{""R949"": 0.05414, ""R1070"": -2.323646470588235, ""R1164"": -13.77945882352941, ""R1196"": 0.05414, ""R1204"": -0.05414, ""R1287"": -2.2965764705882354, ""R1310"": 4.59315294117647, ""R1364"": 4.593152941176471}"
G6	max_R2034	0.01	"[""R2034""]"		optimal	0.01	0.0	7.8625	0.0	0.0	0.01	0.0	0.01	0.005	0.0	0.0	-0.01	-0.01	0.0	3.217265882352941	0	0	0.01	0	"{""R949"": 0.05414, ""R1070"": -2.3251170588235293, ""R1143"": 0.01, ""R1164"": -13.788282352941174, ""R1196"": 0.06414, ""R1204"": -0.05414, ""R1287"": -2.298047058823529, ""R1310"": 4.596094117647058, ""R1364"": 4.586094117647058, ""DIAG_SUP_R2034"": 0.01}"
G6	max_R2039	0.01	"[""R2034""]"		optimal	0.0	0.0	7.8625	0.0	0.0	0.01	0.0	0.01	0.005	0.0	0.0	-0.01	-0.01	0.0	3.217265882352941	0	0	0.01	0	"{""R949"": 0.05414, ""R1070"": -2.3251170588235293, ""R1143"": 0.01, ""R1164"": -13.788282352941177, ""R1196"": 0.06414, ""R1204"": -0.05414, ""R1287"": -2.298047058823529, ""R1310"": 4.596094117647058, ""R1364"": 4.586094117647058, ""DIAG_SUP_R2034"": 0.01}"
G7	pfba	0.01	"[""R2039""]"		optimal	963.0471360461115	1.430791195435452	7.8625	0.0	0.0	0.0	0.01	0.01	0.01	0.0	0.0	-0.01	0.0	-0.01	53.54390876273455	0	0	0	0.01	"{""R1003"": -0.00489, ""R1016"": -8.691671548301315, ""R1030"": 14.876026485847971, ""R1070"": -10.0, ""R1202"": -0.02586, ""R1204"": -0.05414, ""R1215"": -0.00859, ""R1217"": -0.03434, ""R1220"": -0.02466, ""R1222"": -0.01207, ""R1223"": -0.02727, ""R1231"": -0.07562, ""R1232"": -0.02205, ""R1233"": -0.02486, ""R1234"": -0.10765, ""R1263"": -0.00010730933984179347, ""R1268"": 0.018968075765032035, ""R1287"": -14.841293686824793, ""R1296"": -0.10785131624677613, ""R1333"": -0.08502921368703151, ""R1354"": -0.1965363401874045, ""R1364"": -26.343918518110375, ""R1373"": 1.430791195435452, ""DIAG_SUP_R2039"": 0.01}"
G7	max_R2021	0.01	"[""R2039""]"		optimal	0.0	0.0	7.8625	0.0	0.0	0.0	0.0	0.0	0.0	0.0	0.0	0.0	0.0	0.0	0.0	0	0	0	0.0	"{""R1070"": -3.93125, ""R1164"": -7.862500000000002, ""R1287"": -1.965625, ""R1310"": 7.8625, ""R1364"": 7.8625}"
G7	max_R2029	0.01	"[""R2039""]"		optimal	0.0	0.0	7.8625	0.0	0.0	0.0	0.0	0.0	0.0	0.0	0.0	0.0	0.0	0.0	0.0	0	0	0	0.0	"{""R1070"": -3.9312500000000004, ""R1164"": -7.862500000000002, ""R1287"": -1.965625, ""R1310"": 7.8625, ""R1364"": 7.8625}"
G7	max_R2034	0.01	"[""R2039""]"		optimal	0.0	0.0	7.8625	0.0	0.0	0.0	0.0	0.0	0.0	0.0	0.0	0.0	0.0	0.0	0.0	0	0	0	0.0	"{""R1070"": -3.93125, ""R1164"": -7.862500000000002, ""R1287"": -1.965625, ""R1310"": 7.8625, ""R1364"": 7.8625}"
G7	max_R2039	0.01	"[""R2039""]"		optimal	0.01	0.0	7.8625	0.0	0.0	0.0	0.01	0.01	0.01	0.0	0.0	-0.01	0.0	-0.01	0.0	0	0	0	0.01	"{""R1016"": 0.01, ""R1070"": -3.93625, ""R1148"": 0.01, ""R1164"": -7.8725, ""R1224"": 0.01, ""R1287"": -1.9731249999999998, ""R1310"": 7.8725, ""R1364"": 7.862499999999999, ""DIAG_SUP_R2039"": 0.01}"
G8	pfba	0.01	"[""R2021"", ""R2029"", ""R2034"", ""R2039""]"	R1363	optimal	962.3548349648057	1.4291778922791891	7.8625	0.0	0.0	0.0	0.0	0.0	0.0	0.0	0.0	0.0	0.0	0.0	53.48502090703185	0.0	0.0	0.0	0.0	"{""R1003"": -0.00489, ""R1016"": -8.701216075792455, ""R1030"": 14.859558739159997, ""R1070"": -10.0, ""R1202"": -0.02586, ""R1204"": -0.05414, ""R1215"": -0.00859, ""R1217"": -0.03434, ""R1220"": -0.02466, ""R1222"": -0.01207, ""R1223"": -0.02727, ""R1231"": -0.07562, ""R1232"": -0.02205, ""R1233"": -0.02486, ""R1234"": -0.10765, ""R1263"": -0.00010718834208335581, ""R1268"": 0.018971550820030627, ""R1287"": -14.82507692690999, ""R1296"": -0.10772970739655344, ""R1333"": -0.08491972848163491, ""R1354"": -0.19631473363925397, ""R1364"": -26.275031222707305, ""R1373"": 1.4291778922791891}"
G8	max_R2021	0.01	"[""R2021"", ""R2029"", ""R2034"", ""R2039""]"	R1363	optimal	0.0	0.0	7.8625	0.0	0.0	0.0	0.0	0.0	0.0	0.0	0.0	0.0	0.0	0.0	3.7243421052631573	0.0	0.0	0.0	0.0	"{""R1070"": -2.0690789473684212, ""R1164"": -12.414473684210524, ""R1287"": -2.069078947368421, ""R1310"": 4.1381578947368425, ""R1364"": 4.138157894736842}"
G8	max_R2029	0.01	"[""R2021"", ""R2029"", ""R2034"", ""R2039""]"	R1363	optimal	0.0	0.0	7.8625	0.0	0.0	0.0	0.0	0.0	0.0	0.0	0.0	0.0	0.0	0.0	3.7243421052631573	0.0	0.0	0.0	0.0	"{""R1070"": -2.0690789473684212, ""R1164"": -12.414473684210524, ""R1287"": -2.069078947368421, ""R1310"": 4.1381578947368425, ""R1364"": 4.138157894736842}"
G8	max_R2034	0.01	"[""R2021"", ""R2029"", ""R2034"", ""R2039""]"	R1363	optimal	0.0	0.0	7.8625	0.0	0.0	0.0	0.0	0.0	0.0	0.0	0.0	0.0	0.0	0.0	3.7243421052631573	0.0	0.0	0.0	0.0	"{""R1070"": -2.0690789473684212, ""R1164"": -12.414473684210524, ""R1287"": -2.0690789473684212, ""R1310"": 4.1381578947368425, ""R1364"": 4.1381578947368425}"
G8	max_R2039	0.01	"[""R2021"", ""R2029"", ""R2034"", ""R2039""]"	R1363	optimal	0.0	0.0	7.8625	0.0	0.0	0.0	0.0	0.0	0.0	0.0	0.0	0.0	0.0	0.0	3.7243421052631573	0.0	0.0	0.0	0.0	"{""R1070"": -2.0690789473684212, ""R1164"": -12.414473684210524, ""R1287"": -2.0690789473684212, ""R1310"": 4.1381578947368425, ""R1364"": 4.1381578947368425}"
G9	pfba	0.01	"[""R2021"", ""R2029"", ""R2034"", ""R2039""]"	R795	optimal	962.3548349648097	1.429177892279185	7.8625	0.0	0.0	0.0	0.0	0.0	0.0	0.0	0.0	0.0	0.0	0.0	53.485020907031874	0.0	0.0	0.0	0.0	"{""R1003"": -0.00489, ""R1016"": -8.701216075792505, ""R1030"": 14.85955873915997, ""R1070"": -10.0, ""R1202"": -0.02586, ""R1204"": -0.05414, ""R1215"": -0.00859, ""R1217"": -0.03434, ""R1220"": -0.02466, ""R1222"": -0.01207, ""R1223"": -0.02727, ""R1231"": -0.07562, ""R1232"": -0.02205, ""R1233"": -0.02486, ""R1234"": -0.10765, ""R1263"": -0.00010718834205455897, ""R1268"": 0.018971550820030637, ""R1287"": -14.825076926910002, ""R1296"": -0.10772970739353016, ""R1333"": -0.0849197284816346, ""R1354"": -0.19631473363925372, ""R1364"": -26.275031222710222, ""R1373"": 1.429177892279185}"
G9	max_R2021	0.01	"[""R2021"", ""R2029"", ""R2034"", ""R2039""]"	R795	optimal	0.0	0.0	7.8625	0.0	0.0	0.0	0.0	0.0	0.0	0.0	0.0	0.0	0.0	0.0	3.7243421052631582	0.0	0.0	0.0	0.0	"{""R1070"": -2.0690789473684212, ""R1164"": -12.414473684210527, ""R1287"": -2.0690789473684212, ""R1310"": 4.1381578947368425, ""R1364"": 4.138157894736843}"
G9	max_R2029	0.01	"[""R2021"", ""R2029"", ""R2034"", ""R2039""]"	R795	optimal	0.0	0.0	7.8625	0.0	0.0	0.0	0.0	0.0	0.0	0.0	0.0	0.0	0.0	0.0	3.724342105263158	0.0	0.0	0.0	0.0	"{""R1070"": -2.069078947368421, ""R1164"": -12.414473684210527, ""R1287"": -2.069078947368421, ""R1310"": 4.138157894736842, ""R1364"": 4.138157894736841}"
G9	max_R2034	0.01	"[""R2021"", ""R2029"", ""R2034"", ""R2039""]"	R795	optimal	0.0	0.0	7.8625	0.0	0.0	0.0	0.0	0.0	0.0	0.0	0.0	0.0	0.0	0.0	3.7243421052631573	0.0	0.0	0.0	0.0	"{""R1070"": -2.0690789473684212, ""R1164"": -12.414473684210524, ""R1287"": -2.0690789473684212, ""R1310"": 4.1381578947368425, ""R1364"": 4.1381578947368425}"
G9	max_R2039	0.01	"[""R2021"", ""R2029"", ""R2034"", ""R2039""]"	R795	optimal	0.0	0.0	7.8625	0.0	0.0	0.0	0.0	0.0	0.0	0.0	0.0	0.0	0.0	0.0	3.7243421052631573	0.0	0.0	0.0	0.0	"{""R1070"": -2.0690789473684212, ""R1164"": -12.414473684210524, ""R1287"": -2.0690789473684212, ""R1310"": 4.1381578947368425, ""R1364"": 4.1381578947368425}"
G10	pfba	0.01	"[""R2021"", ""R2029"", ""R2034"", ""R2039""]"	R871	optimal	964.2303555954018	1.433124101438394	7.8625	0.0	0.01	0.01	0.01	0.03	0.025	0.0	0.01	-0.03	-0.01	-0.01	53.641904870620515	0.0	0.01	0.01	0.01	"{""R1003"": -0.00489, ""R1016"": -8.666790612864569, ""R1030"": 14.91861653681384, ""R1070"": -10.0, ""R1202"": -0.02586, ""R1204"": -0.05414, ""R1215"": -0.00859, ""R1217"": -0.03434, ""R1220"": -0.02466, ""R1222"": -0.01207, ""R1223"": -0.02727, ""R1231"": -0.07562, ""R1232"": -0.02205, ""R1233"": -0.02486, ""R1234"": -0.10765, ""R1263"": -0.00010748430734466353, ""R1268"": 0.0189630506855017, ""R1287"": -14.86852080008273, ""R1296"": -0.10802716787169842, ""R1333"": -0.08518753402001523, ""R1354"": -0.1968567928217803, ""R1364"": -26.436913815801564, ""R1373"": 1.433124101438394, ""DIAG_SUP_R2029"": 0.01, ""DIAG_SUP_R2034"": 0.01, ""DIAG_SUP_R2039"": 0.01}"
G10	max_R2021	0.01	"[""R2021"", ""R2029"", ""R2034"", ""R2039""]"	R871	optimal	0.0	0.0	7.8625	0.0	0.0	0.0	0.0	0.0	0.0	0.0	0.0	0.0	0.0	0.0	3.2694447058823535	0.0	0.0	0.0	0.0	"{""R964"": 0.02586, ""R1016"": 0.05172, ""R1070"": -2.296527647058823, ""R1164"": -13.986045882352947, ""R1202"": -0.02586, ""R1287"": -2.3353176470588237, ""R1310"": 4.593055294117646, ""R1355"": 0.02586, ""R1364"": 4.5671952941176475}"
G10	max_R2029	0.01	"[""R2021"", ""R2029"", ""R2034"", ""R2039""]"	R871	optimal	0.01	0.0	7.8625	0.0	0.01	0.0	0.0	0.01	0.01	0.0	0.01	-0.01	0.0	0.0	3.27768	0.0	0.01	0.0	0.0	"{""R964"": 0.03586, ""R1016"": 0.061720000000000004, ""R1070"": -2.29741, ""R1148"": 0.01, ""R1164"": -14.021340000000002, ""R1196"": 0.01, ""R1202"": -0.02586, ""R1287"": -2.3412, ""R1310"": 4.584820000000001, ""R1355"": 0.02586, ""R1364"": 4.558960000000002, ""DIAG_SUP_R2029"": 0.01}"
G10	max_R2034	0.01	"[""R2021"", ""R2029"", ""R2034"", ""R2039""]"	R871	optimal	0.01	0.0	7.8625	0.0	0.01	0.01	0.0	0.02	0.015	0.0	0.01	-0.02	-0.01	0.0	3.2797388235294114	0.0	0.01	0.01	0.0	"{""R964"": 0.03586, ""R1016"": 0.061720000000000004, ""R1070"": -2.298880588235294, ""R1148"": 0.02, ""R1164"": -14.030163529411766, ""R1196"": 0.03, ""R1202"": -0.02586, ""R1287"": -2.342670588235294, ""R1310"": 4.577761176470588, ""R1355"": 0.02586, ""R1364"": 4.551901176470587, ""DIAG_SUP_R2029"": 0.01, ""DIAG_SUP_R2034"": 0.01}"
G10	max_R2039	0.01	"[""R2021"", ""R2029"", ""R2034"", ""R2039""]"	R871	optimal	0.01	0.0	7.8625	0.0	0.01	0.01	0.01	0.03	0.025	0.0	0.01	-0.03	-0.01	-0.01	3.2838564705882356	0.0	0.01	0.01	0.01	"{""R964"": 0.03586, ""R1016"": 0.061720000000000004, ""R1070"": -2.301821764705882, ""R1148"": 0.03, ""R1164"": -14.047810588235293, ""R1196"": 0.04, ""R1202"": -0.02586, ""R1224"": 0.01, ""R1287"": -2.3456117647058825, ""R1310"": 4.573643529411764, ""R1355"": 0.02586, ""R1364"": 4.547783529411765, ""DIAG_SUP_R2029"": 0.01, ""DIAG_SUP_R2034"": 0.01, ""DIAG_SUP_R2039"": 0.01}"
G11	pfba	0.01	"[""R2021"", ""R2029"", ""R2034"", ""R2039""]"	R876	optimal	964.084504662067	1.4328049227564021	7.8625	0.01	0.0	0.01	0.01	0.03	0.025	0.01	0.0	-0.03	-0.01	-0.01	53.63234072650647	0.01	0.0	0.01	0.01	"{""R1003"": -0.00489, ""R1016"": -8.664722084130789, ""R1030"": 14.919207450238854, ""R1070"": -10.0, ""R1202"": -0.02586, ""R1204"": -0.05414, ""R1215"": -0.00859, ""R1217"": -0.03434, ""R1220"": -0.02466, ""R1222"": -0.01207, ""R1223"": -0.02727, ""R1231"": -0.07562, ""R1232"": -0.02205, ""R1233"": -0.02486, ""R1234"": -0.10765, ""R1263"": -0.00010746036882153579, ""R1268"": 0.01896373819638271, ""R1287"": -14.864161369164293, ""R1296"": -0.10800310852877605, ""R1333"": -0.08516587327794048, ""R1354"": -0.19681294979966468, ""R1364"": -26.427349782576833, ""R1373"": 1.4328049227564021, ""DIAG_SUP_R2021"": 0.01, ""DIAG_SUP_R2034"": 0.01, ""DIAG_SUP_R2039"": 0.01}"
G11	max_R2021	0.01	"[""R2021"", ""R2029"", ""R2034"", ""R2039""]"	R876	optimal	0.01	0.0	7.8625	0.01	0.0	0.0	0.0	0.01	0.01	0.01	0.0	-0.01	0.0	0.0	5.060892857142857	0.01	0.0	0.0	0.0	"{""R999"": 2.8116071428571425, ""R1030"": 2.8116071428571425, ""R1070"": -1.4058035714285713, ""R1143"": 0.01, ""R1164"": -16.869642857142864, ""R1204"": 0.01, ""R1287"": -2.811607142857143, ""R1364"": 2.8016071428571445, ""DIAG_SUP_R2021"": 0.01}"
G11	max_R2029	0.01	"[""R2021"", ""R2029"", ""R2034"", ""R2039""]"	R876	optimal	0.0	0.0	7.8625	0.01	0.0	0.0	0.0	0.01	0.01	0.01	0.0	-0.01	0.0	0.0	5.060892857142857	0.01	0.0	0.0	0.0	"{""R999"": 2.8116071428571425, ""R1030"": 2.8116071428571425, ""R1070"": -1.4058035714285713, ""R1143"": 0.01, ""R1164"": -16.869642857142864, ""R1204"": 0.01, ""R1287"": -2.811607142857143, ""R1364"": 2.8016071428571445, ""DIAG_SUP_R2021"": 0.01}"
G11	max_R2034	0.01	"[""R2021"", ""R2029"", ""R2034"", ""R2039""]"	R876	optimal	0.01	0.0	7.8625	0.01	0.0	0.01	0.0	0.02	0.015	0.01	0.0	-0.02	-0.01	0.0	5.064107142857143	0.01	0.0	0.01	0.0	"{""R999"": 2.813392857142857, ""R1030"": 2.813392857142857, ""R1070"": -1.4066964285714285, ""R1143"": 0.02, ""R1164"": -16.880357142857147, ""R1196"": 0.01, ""R1204"": 0.01, ""R1287"": -2.813392857142857, ""R1364"": 2.793392857142857, ""DIAG_SUP_R2021"": 0.01, ""DIAG_SUP_R2034"": 0.01}"
G11	max_R2039	0.01	"[""R2021"", ""R2029"", ""R2034"", ""R2039""]"	R876	optimal	0.01	0.0	7.8625	0.01	0.0	0.01	0.01	0.03	0.025	0.01	0.0	-0.03	-0.01	-0.01	5.070535714285715	0.01	0.0	0.01	0.01	"{""R999"": 2.8169642857142856, ""R1030"": 2.8169642857142856, ""R1070"": -1.4084821428571428, ""R1143"": 0.03, ""R1164"": -16.901785714285726, ""R1196"": 0.01, ""R1204"": 0.01, ""R1224"": 0.01, ""R1287"": -2.816964285714286, ""R1364"": 2.786964285714287, ""DIAG_SUP_R2021"": 0.01, ""DIAG_SUP_R2034"": 0.01, ""DIAG_SUP_R2039"": 0.01}"
G3_eps_0.0001	growth	0.0001	"[""R2021"", ""R2029"", ""R2034"", ""R2039""]"		optimal	1.4292275100561176	1.4292275100561176	7.8625	0.0001	0.0001	0.0001	0.0001	0.0004	0.00035000000000000005	0.0001	0.0001	-0.0004	-0.0001	-0.0001	53.48701224216209	0.0001	0.0001	0.0001	0.0001	"{""R1003"": -0.00489, ""R1016"": -8.70073763798654, ""R1030"": 14.860412333527487, ""R1070"": -10.0, ""R1164"": 81.96050332232514, ""R1202"": -0.02586, ""R1204"": -0.05414, ""R1215"": -0.00859, ""R1217"": -0.03434, ""R1220"": -0.02466, ""R1222"": -0.01207, ""R1223"": -0.02727, ""R1231"": -0.07562, ""R1232"": -0.02205, ""R1233"": -0.02486, ""R1234"": -0.10765, ""R1263"": -0.00010719206325420881, ""R1268"": 0.018971443943339123, ""R1287"": -14.825622802079975, ""R1296"": -0.10773344750832337, ""R1333"": -0.08492309574244837, ""R1354"": -0.19632154923632864, ""R1364"": -26.27707254062209, ""R1373"": 1.4292275100561176, ""DIAG_SUP_R2021"": 0.0001, ""DIAG_SUP_R2029"": 0.0001, ""DIAG_SUP_R2034"": 0.0001, ""DIAG_SUP_R2039"": 0.0001}"
G3_eps_0.0001	pfba	0.0001	"[""R2021"", ""R2029"", ""R2034"", ""R2039""]"		optimal	962.3784672462846	1.4292275100561176	7.8625	0.0001	0.0001	0.0001	0.0001	0.0004	0.00035000000000000005	0.0001	0.0001	-0.0004	-0.0001	-0.0001	53.487012242161995	0.0001	0.0001	0.0001	0.0001	"{""R1003"": -0.00489, ""R1016"": -8.70073763798656, ""R1030"": 14.860412333527481, ""R1070"": -10.0, ""R1202"": -0.02586, ""R1204"": -0.05414, ""R1215"": -0.00859, ""R1217"": -0.03434, ""R1220"": -0.02466, ""R1222"": -0.01207, ""R1223"": -0.02727, ""R1231"": -0.07562, ""R1232"": -0.02205, ""R1233"": -0.02486, ""R1234"": -0.10765, ""R1263"": -0.00010719206319260023, ""R1268"": 0.018971443943339123, ""R1287"": -14.825622802079977, ""R1296"": -0.10773344750251694, ""R1333"": -0.08492309574244837, ""R1354"": -0.19632154923632777, ""R1364"": -26.277072540628104, ""R1373"": 1.4292275100561176, ""DIAG_SUP_R2021"": 0.0001, ""DIAG_SUP_R2029"": 0.0001, ""DIAG_SUP_R2034"": 0.0001, ""DIAG_SUP_R2039"": 0.0001}"
G3_eps_0.001	growth	0.001	"[""R2021"", ""R2029"", ""R2034"", ""R2039""]"		optimal	1.4296740700484682	1.4296740700484682	7.8625	0.001	0.001	0.001	0.001	0.004	0.0035	0.001	0.001	-0.004	-0.001	-0.001	53.504934258335894	0.001	0.001	0.001	0.001	"{""R1003"": -0.00489, ""R1016"": -8.696431697733185, ""R1030"": 14.868094682835524, ""R1070"": -10.0, ""R1164"": 81.98317709074959, ""R1202"": -0.02586, ""R1204"": -0.05414, ""R1215"": -0.00859, ""R1217"": -0.03434, ""R1220"": -0.02466, ""R1222"": -0.01207, ""R1223"": -0.02727, ""R1231"": -0.07562, ""R1232"": -0.02205, ""R1233"": -0.02486, ""R1234"": -0.10765, ""R1263"": -0.00010722555525363511, ""R1268"": 0.0189704820531156, ""R1287"": -14.83053567861036, ""R1296"": -0.10776710866284134, ""R1333"": -0.08495340108976926, ""R1354"": -0.1963828896099973, ""R1364"": -26.295444401705957, ""R1373"": 1.4296740700484682, ""DIAG_SUP_R2021"": 0.001, ""DIAG_SUP_R2029"": 0.001, ""DIAG_SUP_R2034"": 0.001, ""DIAG_SUP_R2039"": 0.001}"
G3_eps_0.001	pfba	0.001	"[""R2021"", ""R2029"", ""R2034"", ""R2039""]"		optimal	962.5911577791949	1.4296740700484682	7.8625	0.001	0.001	0.001	0.001	0.004	0.0035	0.001	0.001	-0.004	-0.001	-0.001	53.50493425833707	0.001	0.001	0.001	0.001	"{""R1003"": -0.00489, ""R1016"": -8.696431697733047, ""R1030"": 14.868094682835848, ""R1070"": -10.0, ""R1202"": -0.02586, ""R1204"": -0.05414, ""R1215"": -0.00859, ""R1217"": -0.03434, ""R1220"": -0.02466, ""R1222"": -0.01207, ""R1223"": -0.02727, ""R1231"": -0.07562, ""R1232"": -0.02205, ""R1233"": -0.02486, ""R1234"": -0.10765, ""R1263"": -0.00010722546825208453, ""R1268"": 0.0189704820531156, ""R1287"": -14.830535678610612, ""R1296"": -0.10776710866259949, ""R1333"": -0.08495340108976926, ""R1354"": -0.19638288960999795, ""R1364"": -26.295444401793095, ""R1373"": 1.4296740700484682, ""DIAG_SUP_R2021"": 0.001, ""DIAG_SUP_R2029"": 0.001, ""DIAG_SUP_R2034"": 0.001, ""DIAG_SUP_R2039"": 0.001}"
