witness	reaction	flux	equation	kind
G0_growth	R2021	0.0	m1384[C_va] + m1871[C_va] --> m1067[C_va] + m1863[C_va]	requested
G0_growth	R2029	0.0	m1384[C_va] + m1862[C_va] --> m1071[C_va] + m1863[C_va]	requested
G0_growth	R2034	0.0	m1384[C_va] + m1878[C_va] --> m1863[C_va] + m1879[C_va]	requested
G0_growth	R2039	0.0	m1384[C_va] + m1866[C_va] --> m1863[C_va] + m1867[C_va]	requested
G0_growth	R1363	0.0	m32[C_cy] --> m1384[C_va]	requested
G0_growth	R795	0.0	2.0 m10[C_cy] + m141[C_cy] + m32[C_cy] --> 2.0 m1007[C_va] + m143[C_cy] + m35[C_cy]	requested
G0_growth	R871	0.0	m1007[C_va] + m1067[C_va] --> m10[C_cy] + m267[C_cy]	requested
G0_growth	R876	0.0	m1007[C_va] + m1071[C_va] --> m10[C_cy] + m50[C_cy]	requested
G0_growth	R2030	0.0	m10[C_cy] + m272[C_cy] <=> m1007[C_va] + m1863[C_va]	requested
G0_growth	R2035	0.0	m114[C_cy] <=> m1879[C_va]	requested
G0_growth	R2040	0.0	m10[C_cy] + m765[C_cy] <=> m1007[C_va] + m1867[C_va]	requested
G0_growth	xMAINTENANCE	7.8625	m141[C_cy] + m32[C_cy] --> m143[C_cy] + m35[C_cy]	requested
G0_growth	R171	53.485020907031746	4.0 m10[C_cy] + m197[C_mi] + m58[C_mi] --> m26[C_mi] + 4.0 m28[C_mi] + m46[C_mi]	requested
G0_growth	R1003	-0.00489	m1026[C_ex] <=> 	actual_material_boundary
G0_growth	R1016	-8.701216075792553	m1031[C_ex] <=> 	actual_material_boundary
G0_growth	R1030	14.859558739159919	m1176[C_ex] <=> 	actual_material_boundary
G0_growth	R1070	-10.0	m511[C_ex] <=> 	actual_material_boundary
G0_growth	R1164	81.95798401472166	m342[C_ex] <=> 	actual_material_boundary
G0_growth	R1202	-0.02586	m1064[C_ex] <=> 	actual_material_boundary
G0_growth	R1204	-0.05414	m1068[C_ex] <=> 	actual_material_boundary
G0_growth	R1215	-0.00859	m1075[C_ex] <=> 	actual_material_boundary
G0_growth	R1217	-0.03434	m1077[C_ex] <=> 	actual_material_boundary
G0_growth	R1220	-0.02466	m1082[C_ex] <=> 	actual_material_boundary
G0_growth	R1222	-0.01207	m1083[C_ex] <=> 	actual_material_boundary
G0_growth	R1223	-0.02727	m1084[C_ex] <=> 	actual_material_boundary
G0_growth	R1231	-0.07562	m1087[C_ex] <=> 	actual_material_boundary
G0_growth	R1232	-0.02205	m1088[C_ex] <=> 	actual_material_boundary
G0_growth	R1233	-0.02486	m1090[C_ex] <=> 	actual_material_boundary
G0_growth	R1234	-0.10765	m1091[C_ex] <=> 	actual_material_boundary
G0_growth	R1263	-0.00010718834192093886	m1060[C_ex] <=> 	actual_material_boundary
G0_growth	R1268	0.018971550820030637	m1095[C_ex] <=> 	actual_material_boundary
G0_growth	R1287	-14.825076926909974	m1339[C_ex] <=> 	actual_material_boundary
G0_growth	R1296	-0.10772970738044961	m215[C_ex] <=> 	actual_material_boundary
G0_growth	R1333	-0.08491972848163461	m1113[C_ex] <=> 	actual_material_boundary
G0_growth	R1354	-0.19631473363925514	m1117[C_ex] <=> 	actual_material_boundary
G0_growth	R1364	-26.27503122272328	m214[C_ex] <=> 	actual_material_boundary
G0_growth	R1373	1.429177892279185	m1401[C_cy] --> 	actual_material_boundary
G1_growth	R2021	0.0	m1384[C_va] + m1871[C_va] --> m1067[C_va] + m1863[C_va]	requested
G1_growth	R2029	0.0	m1384[C_va] + m1862[C_va] --> m1071[C_va] + m1863[C_va]	requested
G1_growth	R2034	0.0	m1384[C_va] + m1878[C_va] --> m1863[C_va] + m1879[C_va]	requested
G1_growth	R2039	0.0	m1384[C_va] + m1866[C_va] --> m1863[C_va] + m1867[C_va]	requested
G1_growth	R1363	0.0	m32[C_cy] --> m1384[C_va]	requested
G1_growth	R795	0.0	2.0 m10[C_cy] + m141[C_cy] + m32[C_cy] --> 2.0 m1007[C_va] + m143[C_cy] + m35[C_cy]	requested
G1_growth	R871	0.0	m1007[C_va] + m1067[C_va] --> m10[C_cy] + m267[C_cy]	requested
G1_growth	R876	0.0	m1007[C_va] + m1071[C_va] --> m10[C_cy] + m50[C_cy]	requested
G1_growth	R2030	0.0	m10[C_cy] + m272[C_cy] <=> m1007[C_va] + m1863[C_va]	requested
G1_growth	R2035	0.0	m114[C_cy] <=> m1879[C_va]	requested
G1_growth	R2040	0.0	m10[C_cy] + m765[C_cy] <=> m1007[C_va] + m1867[C_va]	requested
G1_growth	xMAINTENANCE	7.8625	m141[C_cy] + m32[C_cy] --> m143[C_cy] + m35[C_cy]	requested
G1_growth	R171	53.485020907031654	4.0 m10[C_cy] + m197[C_mi] + m58[C_mi] --> m26[C_mi] + 4.0 m28[C_mi] + m46[C_mi]	requested
G1_growth	R1003	-0.00489	m1026[C_ex] <=> 	actual_material_boundary
G1_growth	R1016	-8.701216075792473	m1031[C_ex] <=> 	actual_material_boundary
G1_growth	R1030	14.859558739159956	m1176[C_ex] <=> 	actual_material_boundary
G1_growth	R1070	-10.0	m511[C_ex] <=> 	actual_material_boundary
G1_growth	R1164	82.96919454487094	m342[C_ex] <=> 	actual_material_boundary
G1_growth	R1202	-0.02586	m1064[C_ex] <=> 	actual_material_boundary
G1_growth	R1204	-0.05414	m1068[C_ex] <=> 	actual_material_boundary
G1_growth	R1215	-0.00859	m1075[C_ex] <=> 	actual_material_boundary
G1_growth	R1217	-0.03434	m1077[C_ex] <=> 	actual_material_boundary
G1_growth	R1220	-0.02466	m1082[C_ex] <=> 	actual_material_boundary
G1_growth	R1222	-0.01207	m1083[C_ex] <=> 	actual_material_boundary
G1_growth	R1223	-0.02727	m1084[C_ex] <=> 	actual_material_boundary
G1_growth	R1231	-0.07562	m1087[C_ex] <=> 	actual_material_boundary
G1_growth	R1232	-0.02205	m1088[C_ex] <=> 	actual_material_boundary
G1_growth	R1233	-0.02486	m1090[C_ex] <=> 	actual_material_boundary
G1_growth	R1234	-0.10765	m1091[C_ex] <=> 	actual_material_boundary
G1_growth	R1263	-0.00010718834192093925	m1060[C_ex] <=> 	actual_material_boundary
G1_growth	R1268	0.018971550820030623	m1095[C_ex] <=> 	actual_material_boundary
G1_growth	R1287	-14.82507692690996	m1339[C_ex] <=> 	actual_material_boundary
G1_growth	R1296	-0.10772970738044307	m215[C_ex] <=> 	actual_material_boundary
G1_growth	R1333	-0.08491972848163498	m1113[C_ex] <=> 	actual_material_boundary
G1_growth	R1354	-0.1963147336392539	m1117[C_ex] <=> 	actual_material_boundary
G1_growth	R1364	-26.275031222723708	m214[C_ex] <=> 	actual_material_boundary
G1_growth	R1373	1.4291778922791902	m1401[C_cy] --> 	actual_material_boundary
G2_growth	R2021	0.0	m1384[C_va] + m1871[C_va] --> m1067[C_va] + m1863[C_va]	requested
G2_growth	R2029	0.0	m1384[C_va] + m1862[C_va] --> m1071[C_va] + m1863[C_va]	requested
G2_growth	R2034	0.0	m1384[C_va] + m1878[C_va] --> m1863[C_va] + m1879[C_va]	requested
G2_growth	R2039	0.0	m1384[C_va] + m1866[C_va] --> m1863[C_va] + m1867[C_va]	requested
G2_growth	R1363	0.0	m32[C_cy] --> m1384[C_va]	requested
G2_growth	R795	0.0	2.0 m10[C_cy] + m141[C_cy] + m32[C_cy] --> 2.0 m1007[C_va] + m143[C_cy] + m35[C_cy]	requested
G2_growth	R871	0.0	m1007[C_va] + m1067[C_va] --> m10[C_cy] + m267[C_cy]	requested
G2_growth	R876	0.0	m1007[C_va] + m1071[C_va] --> m10[C_cy] + m50[C_cy]	requested
G2_growth	R2030	0.0	m10[C_cy] + m272[C_cy] <=> m1007[C_va] + m1863[C_va]	requested
G2_growth	R2035	0.0	m114[C_cy] <=> m1879[C_va]	requested
G2_growth	R2040	0.0	m10[C_cy] + m765[C_cy] <=> m1007[C_va] + m1867[C_va]	requested
G2_growth	xMAINTENANCE	7.8625	m141[C_cy] + m32[C_cy] --> m143[C_cy] + m35[C_cy]	requested
G2_growth	R171	53.48502090703169	4.0 m10[C_cy] + m197[C_mi] + m58[C_mi] --> m26[C_mi] + 4.0 m28[C_mi] + m46[C_mi]	requested
G2_growth	R1003	-0.00489	m1026[C_ex] <=> 	actual_material_boundary
G2_growth	R1016	-8.701216075792486	m1031[C_ex] <=> 	actual_material_boundary
G2_growth	R1030	14.859558739159954	m1176[C_ex] <=> 	actual_material_boundary
G2_growth	R1070	-10.0	m511[C_ex] <=> 	actual_material_boundary
G2_growth	R1164	81.95798401472243	m342[C_ex] <=> 	actual_material_boundary
G2_growth	R1202	-0.02586	m1064[C_ex] <=> 	actual_material_boundary
G2_growth	R1204	-0.05414	m1068[C_ex] <=> 	actual_material_boundary
G2_growth	R1215	-0.00859	m1075[C_ex] <=> 	actual_material_boundary
G2_growth	R1217	-0.03434	m1077[C_ex] <=> 	actual_material_boundary
G2_growth	R1220	-0.02466	m1082[C_ex] <=> 	actual_material_boundary
G2_growth	R1222	-0.01207	m1083[C_ex] <=> 	actual_material_boundary
G2_growth	R1223	-0.02727	m1084[C_ex] <=> 	actual_material_boundary
G2_growth	R1231	-0.07562	m1087[C_ex] <=> 	actual_material_boundary
G2_growth	R1232	-0.02205	m1088[C_ex] <=> 	actual_material_boundary
G2_growth	R1233	-0.02486	m1090[C_ex] <=> 	actual_material_boundary
G2_growth	R1234	-0.10765	m1091[C_ex] <=> 	actual_material_boundary
G2_growth	R1263	-0.00010718834192093925	m1060[C_ex] <=> 	actual_material_boundary
G2_growth	R1268	0.018971550820030623	m1095[C_ex] <=> 	actual_material_boundary
G2_growth	R1287	-14.825076926909956	m1339[C_ex] <=> 	actual_material_boundary
G2_growth	R1296	-0.10772970738028437	m215[C_ex] <=> 	actual_material_boundary
G2_growth	R1333	-0.08491972848163498	m1113[C_ex] <=> 	actual_material_boundary
G2_growth	R1354	-0.19631473363925464	m1117[C_ex] <=> 	actual_material_boundary
G2_growth	R1364	-26.27503122272378	m214[C_ex] <=> 	actual_material_boundary
G2_growth	R1373	1.4291778922791902	m1401[C_cy] --> 	actual_material_boundary
G2_growth	DIAG_SUP_R2021	0.0	 --> m1871[C_va]	actual_material_boundary
G2_growth	DIAG_SUP_R2029	0.0	 --> m1862[C_va]	actual_material_boundary
G2_growth	DIAG_SUP_R2034	0.0	 --> m1878[C_va]	actual_material_boundary
G2_growth	DIAG_SUP_R2039	0.0	 --> m1866[C_va]	actual_material_boundary
G3_growth	R2021	0.01	m1384[C_va] + m1871[C_va] --> m1067[C_va] + m1863[C_va]	requested
G3_growth	R2029	0.01	m1384[C_va] + m1862[C_va] --> m1071[C_va] + m1863[C_va]	requested
G3_growth	R2034	0.01	m1384[C_va] + m1878[C_va] --> m1863[C_va] + m1879[C_va]	requested
G3_growth	R2039	0.01	m1384[C_va] + m1866[C_va] --> m1863[C_va] + m1867[C_va]	requested
G3_growth	R1363	0.04	m32[C_cy] --> m1384[C_va]	requested
G3_growth	R795	0.034999999999999996	2.0 m10[C_cy] + m141[C_cy] + m32[C_cy] --> 2.0 m1007[C_va] + m143[C_cy] + m35[C_cy]	requested
G3_growth	R871	0.01	m1007[C_va] + m1067[C_va] --> m10[C_cy] + m267[C_cy]	requested
G3_growth	R876	0.01	m1007[C_va] + m1071[C_va] --> m10[C_cy] + m50[C_cy]	requested
G3_growth	R2030	-0.04	m10[C_cy] + m272[C_cy] <=> m1007[C_va] + m1863[C_va]	requested
G3_growth	R2035	-0.01	m114[C_cy] <=> m1879[C_va]	requested
G3_growth	R2040	-0.01	m10[C_cy] + m765[C_cy] <=> m1007[C_va] + m1867[C_va]	requested
G3_growth	xMAINTENANCE	7.8625	m141[C_cy] + m32[C_cy] --> m143[C_cy] + m35[C_cy]	requested
G3_growth	R171	53.68415442007394	4.0 m10[C_cy] + m197[C_mi] + m58[C_mi] --> m26[C_mi] + 4.0 m28[C_mi] + m46[C_mi]	requested
G3_growth	R1003	-0.00489	m1026[C_ex] <=> 	actual_material_boundary
G3_growth	R1016	-8.653372295199244	m1031[C_ex] <=> 	actual_material_boundary
G3_growth	R1030	14.944918175916055	m1176[C_ex] <=> 	actual_material_boundary
G3_growth	R1070	-10.0	m511[C_ex] <=> 	actual_material_boundary
G3_growth	R1164	83.2246359960697	m342[C_ex] <=> 	actual_material_boundary
G3_growth	R1202	-0.02586	m1064[C_ex] <=> 	actual_material_boundary
G3_growth	R1204	-0.05414	m1068[C_ex] <=> 	actual_material_boundary
G3_growth	R1215	-0.00859	m1075[C_ex] <=> 	actual_material_boundary
G3_growth	R1217	-0.03434	m1077[C_ex] <=> 	actual_material_boundary
G3_growth	R1220	-0.02466	m1082[C_ex] <=> 	actual_material_boundary
G3_growth	R1222	-0.01207	m1083[C_ex] <=> 	actual_material_boundary
G3_growth	R1223	-0.02727	m1084[C_ex] <=> 	actual_material_boundary
G3_growth	R1231	-0.07562	m1087[C_ex] <=> 	actual_material_boundary
G3_growth	R1232	-0.02205	m1088[C_ex] <=> 	actual_material_boundary
G3_growth	R1233	-0.02486	m1090[C_ex] <=> 	actual_material_boundary
G3_growth	R1234	-0.10765	m1091[C_ex] <=> 	actual_material_boundary
G3_growth	R1263	-0.00010756047524790088	m1060[C_ex] <=> 	actual_material_boundary
G3_growth	R1268	0.018960863150880285	m1095[C_ex] <=> 	actual_material_boundary
G3_growth	R1287	-14.879664443914045	m1339[C_ex] <=> 	actual_material_boundary
G3_growth	R1296	-0.10810372020400966	m215[C_ex] <=> 	actual_material_boundary
G3_growth	R1333	-0.08525645456298062	m1113[C_ex] <=> 	actual_material_boundary
G3_growth	R1354	-0.19699629334669533	m1117[C_ex] <=> 	actual_material_boundary
G3_growth	R1364	-26.47916301254921	m214[C_ex] <=> 	actual_material_boundary
G3_growth	R1373	1.434139669972012	m1401[C_cy] --> 	actual_material_boundary
G3_growth	DIAG_SUP_R2021	0.01	 --> m1871[C_va]	actual_material_boundary
G3_growth	DIAG_SUP_R2029	0.01	 --> m1862[C_va]	actual_material_boundary
G3_growth	DIAG_SUP_R2034	0.01	 --> m1878[C_va]	actual_material_boundary
G3_growth	DIAG_SUP_R2039	0.01	 --> m1866[C_va]	actual_material_boundary
G4_growth	R2021	0.01	m1384[C_va] + m1871[C_va] --> m1067[C_va] + m1863[C_va]	requested
G4_growth	R2029	0.0	m1384[C_va] + m1862[C_va] --> m1071[C_va] + m1863[C_va]	requested
G4_growth	R2034	0.0	m1384[C_va] + m1878[C_va] --> m1863[C_va] + m1879[C_va]	requested
G4_growth	R2039	0.0	m1384[C_va] + m1866[C_va] --> m1863[C_va] + m1867[C_va]	requested
G4_growth	R1363	0.01	m32[C_cy] --> m1384[C_va]	requested
G4_growth	R795	0.01	2.0 m10[C_cy] + m141[C_cy] + m32[C_cy] --> 2.0 m1007[C_va] + m143[C_cy] + m35[C_cy]	requested
G4_growth	R871	0.01	m1007[C_va] + m1067[C_va] --> m10[C_cy] + m267[C_cy]	requested
G4_growth	R876	0.0	m1007[C_va] + m1071[C_va] --> m10[C_cy] + m50[C_cy]	requested
G4_growth	R2030	-0.01	m10[C_cy] + m272[C_cy] <=> m1007[C_va] + m1863[C_va]	requested
G4_growth	R2035	0.0	m114[C_cy] <=> m1879[C_va]	requested
G4_growth	R2040	0.0	m10[C_cy] + m765[C_cy] <=> m1007[C_va] + m1867[C_va]	requested
G4_growth	xMAINTENANCE	7.8625	m141[C_cy] + m32[C_cy] --> m143[C_cy] + m35[C_cy]	requested
G4_growth	R171	53.52727045648476	4.0 m10[C_cy] + m197[C_mi] + m58[C_mi] --> m26[C_mi] + 4.0 m28[C_mi] + m46[C_mi]	requested
G4_growth	R1003	-0.00489	m1026[C_ex] <=> 	actual_material_boundary
G4_growth	R1016	-8.6877977581272	m1031[C_ex] <=> 	actual_material_boundary
G4_growth	R1030	14.885860378262068	m1176[C_ex] <=> 	actual_material_boundary
G4_growth	R1070	-10.0	m511[C_ex] <=> 	actual_material_boundary
G4_growth	R1164	83.01937261967755	m342[C_ex] <=> 	actual_material_boundary
G4_growth	R1202	-0.02586	m1064[C_ex] <=> 	actual_material_boundary
G4_growth	R1204	-0.05414	m1068[C_ex] <=> 	actual_material_boundary
G4_growth	R1215	-0.00859	m1075[C_ex] <=> 	actual_material_boundary
G4_growth	R1217	-0.03434	m1077[C_ex] <=> 	actual_material_boundary
G4_growth	R1220	-0.02466	m1082[C_ex] <=> 	actual_material_boundary
G4_growth	R1222	-0.01207	m1083[C_ex] <=> 	actual_material_boundary
G4_growth	R1223	-0.02727	m1084[C_ex] <=> 	actual_material_boundary
G4_growth	R1231	-0.07562	m1087[C_ex] <=> 	actual_material_boundary
G4_growth	R1232	-0.02205	m1088[C_ex] <=> 	actual_material_boundary
G4_growth	R1233	-0.02486	m1090[C_ex] <=> 	actual_material_boundary
G4_growth	R1234	-0.10765	m1091[C_ex] <=> 	actual_material_boundary
G4_growth	R1263	-0.00010726450956096059	m1060[C_ex] <=> 	actual_material_boundary
G4_growth	R1268	0.018969363285409213	m1095[C_ex] <=> 	actual_material_boundary
G4_growth	R1287	-14.836220570741201	m1339[C_ex] <=> 	actual_material_boundary
G4_growth	R1296	-0.10780625971273541	m215[C_ex] <=> 	actual_material_boundary
G4_growth	R1333	-0.0849886490246004	m1113[C_ex] <=> 	actual_material_boundary
G4_growth	R1354	-0.19645423416416907	m1117[C_ex] <=> 	actual_material_boundary
G4_growth	R1364	-26.31728041947161	m214[C_ex] <=> 	actual_material_boundary
G4_growth	R1373	1.430193460812808	m1401[C_cy] --> 	actual_material_boundary
G4_growth	DIAG_SUP_R2021	0.01	 --> m1871[C_va]	actual_material_boundary
G5_growth	R2021	0.0	m1384[C_va] + m1871[C_va] --> m1067[C_va] + m1863[C_va]	requested
G5_growth	R2029	0.01	m1384[C_va] + m1862[C_va] --> m1071[C_va] + m1863[C_va]	requested
G5_growth	R2034	0.0	m1384[C_va] + m1878[C_va] --> m1863[C_va] + m1879[C_va]	requested
G5_growth	R2039	0.0	m1384[C_va] + m1866[C_va] --> m1863[C_va] + m1867[C_va]	requested
G5_growth	R1363	0.01	m32[C_cy] --> m1384[C_va]	requested
G5_growth	R795	0.01	2.0 m10[C_cy] + m141[C_cy] + m32[C_cy] --> 2.0 m1007[C_va] + m143[C_cy] + m35[C_cy]	requested
G5_growth	R871	0.0	m1007[C_va] + m1067[C_va] --> m10[C_cy] + m267[C_cy]	requested
G5_growth	R876	0.01	m1007[C_va] + m1071[C_va] --> m10[C_cy] + m50[C_cy]	requested
G5_growth	R2030	-0.01	m10[C_cy] + m272[C_cy] <=> m1007[C_va] + m1863[C_va]	requested
G5_growth	R2035	0.0	m114[C_cy] <=> m1879[C_va]	requested
G5_growth	R2040	0.0	m10[C_cy] + m765[C_cy] <=> m1007[C_va] + m1867[C_va]	requested
G5_growth	xMAINTENANCE	7.8625	m141[C_cy] + m32[C_cy] --> m143[C_cy] + m35[C_cy]	requested
G5_growth	R171	53.53683460059859	4.0 m10[C_cy] + m197[C_mi] + m58[C_mi] --> m26[C_mi] + 4.0 m28[C_mi] + m46[C_mi]	requested
G5_growth	R1003	-0.00489	m1026[C_ex] <=> 	actual_material_boundary
G5_growth	R1016	-8.689866286860969	m1031[C_ex] <=> 	actual_material_boundary
G5_growth	R1030	14.88526946483702	m1176[C_ex] <=> 	actual_material_boundary
G5_growth	R1070	-10.0	m511[C_ex] <=> 	actual_material_boundary
G5_growth	R1164	83.03685715747386	m342[C_ex] <=> 	actual_material_boundary
G5_growth	R1202	-0.02586	m1064[C_ex] <=> 	actual_material_boundary
G5_growth	R1204	-0.05414	m1068[C_ex] <=> 	actual_material_boundary
G5_growth	R1215	-0.00859	m1075[C_ex] <=> 	actual_material_boundary
G5_growth	R1217	-0.03434	m1077[C_ex] <=> 	actual_material_boundary
G5_growth	R1220	-0.02466	m1082[C_ex] <=> 	actual_material_boundary
G5_growth	R1222	-0.01207	m1083[C_ex] <=> 	actual_material_boundary
G5_growth	R1223	-0.02727	m1084[C_ex] <=> 	actual_material_boundary
G5_growth	R1231	-0.07562	m1087[C_ex] <=> 	actual_material_boundary
G5_growth	R1232	-0.02205	m1088[C_ex] <=> 	actual_material_boundary
G5_growth	R1233	-0.02486	m1090[C_ex] <=> 	actual_material_boundary
G5_growth	R1234	-0.10765	m1091[C_ex] <=> 	actual_material_boundary
G5_growth	R1263	-0.00010728844796211016	m1060[C_ex] <=> 	actual_material_boundary
G5_growth	R1268	0.018968675774528196	m1095[C_ex] <=> 	actual_material_boundary
G5_growth	R1287	-14.840580001659589	m1339[C_ex] <=> 	actual_material_boundary
G5_growth	R1296	-0.10783031901714046	m215[C_ex] <=> 	actual_material_boundary
G5_growth	R1333	-0.08501030976667526	m1113[C_ex] <=> 	actual_material_boundary
G5_growth	R1354	-0.19649807718628498	m1117[C_ex] <=> 	actual_material_boundary
G5_growth	R1364	-26.326844452735244	m214[C_ex] <=> 	actual_material_boundary
G5_growth	R1373	1.4305126394948022	m1401[C_cy] --> 	actual_material_boundary
G5_growth	DIAG_SUP_R2029	0.01	 --> m1862[C_va]	actual_material_boundary
G6_growth	R2021	0.0	m1384[C_va] + m1871[C_va] --> m1067[C_va] + m1863[C_va]	requested
G6_growth	R2029	0.0	m1384[C_va] + m1862[C_va] --> m1071[C_va] + m1863[C_va]	requested
G6_growth	R2034	0.01	m1384[C_va] + m1878[C_va] --> m1863[C_va] + m1879[C_va]	requested
G6_growth	R2039	0.0	m1384[C_va] + m1866[C_va] --> m1863[C_va] + m1867[C_va]	requested
G6_growth	R1363	0.01	m32[C_cy] --> m1384[C_va]	requested
G6_growth	R795	0.005	2.0 m10[C_cy] + m141[C_cy] + m32[C_cy] --> 2.0 m1007[C_va] + m143[C_cy] + m35[C_cy]	requested
G6_growth	R871	0.0	m1007[C_va] + m1067[C_va] --> m10[C_cy] + m267[C_cy]	requested
G6_growth	R876	0.0	m1007[C_va] + m1071[C_va] --> m10[C_cy] + m50[C_cy]	requested
G6_growth	R2030	-0.01	m10[C_cy] + m272[C_cy] <=> m1007[C_va] + m1863[C_va]	requested
G6_growth	R2035	-0.01	m114[C_cy] <=> m1879[C_va]	requested
G6_growth	R2040	0.0	m10[C_cy] + m765[C_cy] <=> m1007[C_va] + m1867[C_va]	requested
G6_growth	xMAINTENANCE	7.8625	m141[C_cy] + m32[C_cy] --> m143[C_cy] + m35[C_cy]	requested
G6_growth	R171	53.53120332135126	4.0 m10[C_cy] + m197[C_mi] + m58[C_mi] --> m26[C_mi] + 4.0 m28[C_mi] + m46[C_mi]	requested
G6_growth	R1003	-0.00489	m1026[C_ex] <=> 	actual_material_boundary
G6_growth	R1016	-8.687684929287178	m1031[C_ex] <=> 	actual_material_boundary
G6_growth	R1030	14.876438064448896	m1176[C_ex] <=> 	actual_material_boundary
G6_growth	R1070	-10.0	m511[C_ex] <=> 	actual_material_boundary
G6_growth	R1164	83.01405528125221	m342[C_ex] <=> 	actual_material_boundary
G6_growth	R1202	-0.02586	m1064[C_ex] <=> 	actual_material_boundary
G6_growth	R1204	-0.05414	m1068[C_ex] <=> 	actual_material_boundary
G6_growth	R1215	-0.00859	m1075[C_ex] <=> 	actual_material_boundary
G6_growth	R1217	-0.03434	m1077[C_ex] <=> 	actual_material_boundary
G6_growth	R1220	-0.02466	m1082[C_ex] <=> 	actual_material_boundary
G6_growth	R1222	-0.01207	m1083[C_ex] <=> 	actual_material_boundary
G6_growth	R1223	-0.02727	m1084[C_ex] <=> 	actual_material_boundary
G6_growth	R1231	-0.07562	m1087[C_ex] <=> 	actual_material_boundary
G6_growth	R1232	-0.02205	m1088[C_ex] <=> 	actual_material_boundary
G6_growth	R1233	-0.02486	m1090[C_ex] <=> 	actual_material_boundary
G6_growth	R1234	-0.10765	m1091[C_ex] <=> 	actual_material_boundary
G6_growth	R1263	-0.0001072632038299888	m1060[C_ex] <=> 	actual_material_boundary
G6_growth	R1268	0.018969400786002722	m1095[C_ex] <=> 	actual_material_boundary
G6_growth	R1287	-14.836800965418382	m1339[C_ex] <=> 	actual_material_boundary
G6_growth	R1296	-0.10780494738711421	m215[C_ex] <=> 	actual_material_boundary
G6_growth	R1333	-0.08498746752957814	m1113[C_ex] <=> 	actual_material_boundary
G6_growth	R1354	-0.19645184272659888	m1117[C_ex] <=> 	actual_material_boundary
G6_growth	R1364	-26.316213290384475	m214[C_ex] <=> 	actual_material_boundary
G6_growth	R1373	1.4301760510665174	m1401[C_cy] --> 	actual_material_boundary
G6_growth	DIAG_SUP_R2034	0.01	 --> m1878[C_va]	actual_material_boundary
G7_growth	R2021	0.0	m1384[C_va] + m1871[C_va] --> m1067[C_va] + m1863[C_va]	requested
G7_growth	R2029	0.0	m1384[C_va] + m1862[C_va] --> m1071[C_va] + m1863[C_va]	requested
G7_growth	R2034	0.0	m1384[C_va] + m1878[C_va] --> m1863[C_va] + m1879[C_va]	requested
G7_growth	R2039	0.01	m1384[C_va] + m1866[C_va] --> m1863[C_va] + m1867[C_va]	requested
G7_growth	R1363	0.01	m32[C_cy] --> m1384[C_va]	requested
G7_growth	R795	0.01	2.0 m10[C_cy] + m141[C_cy] + m32[C_cy] --> 2.0 m1007[C_va] + m143[C_cy] + m35[C_cy]	requested
G7_growth	R871	0.0	m1007[C_va] + m1067[C_va] --> m10[C_cy] + m267[C_cy]	requested
G7_growth	R876	0.0	m1007[C_va] + m1071[C_va] --> m10[C_cy] + m50[C_cy]	requested
G7_growth	R2030	-0.01	m10[C_cy] + m272[C_cy] <=> m1007[C_va] + m1863[C_va]	requested
G7_growth	R2035	0.0	m114[C_cy] <=> m1879[C_va]	requested
G7_growth	R2040	-0.01	m10[C_cy] + m765[C_cy] <=> m1007[C_va] + m1867[C_va]	requested
G7_growth	xMAINTENANCE	7.8625	m141[C_cy] + m32[C_cy] --> m143[C_cy] + m35[C_cy]	requested
G7_growth	R171	53.54390876273427	4.0 m10[C_cy] + m197[C_mi] + m58[C_mi] --> m26[C_mi] + 4.0 m28[C_mi] + m46[C_mi]	requested
G7_growth	R1003	-0.00489	m1026[C_ex] <=> 	actual_material_boundary
G7_growth	R1016	-8.691671548301345	m1031[C_ex] <=> 	actual_material_boundary
G7_growth	R1030	14.876026485847893	m1176[C_ex] <=> 	actual_material_boundary
G7_growth	R1070	-10.0	m511[C_ex] <=> 	actual_material_boundary
G7_growth	R1164	83.06193457227815	m342[C_ex] <=> 	actual_material_boundary
G7_growth	R1202	-0.02586	m1064[C_ex] <=> 	actual_material_boundary
G7_growth	R1204	-0.05414	m1068[C_ex] <=> 	actual_material_boundary
G7_growth	R1215	-0.00859	m1075[C_ex] <=> 	actual_material_boundary
G7_growth	R1217	-0.03434	m1077[C_ex] <=> 	actual_material_boundary
G7_growth	R1220	-0.02466	m1082[C_ex] <=> 	actual_material_boundary
G7_growth	R1222	-0.01207	m1083[C_ex] <=> 	actual_material_boundary
G7_growth	R1223	-0.02727	m1084[C_ex] <=> 	actual_material_boundary
G7_growth	R1231	-0.07562	m1087[C_ex] <=> 	actual_material_boundary
G7_growth	R1232	-0.02205	m1088[C_ex] <=> 	actual_material_boundary
G7_growth	R1233	-0.02486	m1090[C_ex] <=> 	actual_material_boundary
G7_growth	R1234	-0.10765	m1091[C_ex] <=> 	actual_material_boundary
G7_growth	R1263	-0.00010730933965765889	m1060[C_ex] <=> 	actual_material_boundary
G7_growth	R1268	0.018968075765032035	m1095[C_ex] <=> 	actual_material_boundary
G7_growth	R1287	-14.841293686824734	m1339[C_ex] <=> 	actual_material_boundary
G7_growth	R1296	-0.10785131622841476	m215[C_ex] <=> 	actual_material_boundary
G7_growth	R1333	-0.08502921368703152	m1113[C_ex] <=> 	actual_material_boundary
G7_growth	R1354	-0.1965363401874045	m1117[C_ex] <=> 	actual_material_boundary
G7_growth	R1364	-26.343918518128937	m214[C_ex] <=> 	actual_material_boundary
G7_growth	R1373	1.430791195435452	m1401[C_cy] --> 	actual_material_boundary
G7_growth	DIAG_SUP_R2039	0.01	 --> m1866[C_va]	actual_material_boundary
G8_growth	R2021	0.0	m1384[C_va] + m1871[C_va] --> m1067[C_va] + m1863[C_va]	requested
G8_growth	R2029	0.0	m1384[C_va] + m1862[C_va] --> m1071[C_va] + m1863[C_va]	requested
G8_growth	R2034	0.0	m1384[C_va] + m1878[C_va] --> m1863[C_va] + m1879[C_va]	requested
G8_growth	R2039	0.0	m1384[C_va] + m1866[C_va] --> m1863[C_va] + m1867[C_va]	requested
G8_growth	R1363	0.0	m32[C_cy] --> m1384[C_va]	requested
G8_growth	R795	0.0	2.0 m10[C_cy] + m141[C_cy] + m32[C_cy] --> 2.0 m1007[C_va] + m143[C_cy] + m35[C_cy]	requested
G8_growth	R871	0.0	m1007[C_va] + m1067[C_va] --> m10[C_cy] + m267[C_cy]	requested
G8_growth	R876	0.0	m1007[C_va] + m1071[C_va] --> m10[C_cy] + m50[C_cy]	requested
G8_growth	R2030	0.0	m10[C_cy] + m272[C_cy] <=> m1007[C_va] + m1863[C_va]	requested
G8_growth	R2035	0.0	m114[C_cy] <=> m1879[C_va]	requested
G8_growth	R2040	0.0	m10[C_cy] + m765[C_cy] <=> m1007[C_va] + m1867[C_va]	requested
G8_growth	xMAINTENANCE	7.8625	m141[C_cy] + m32[C_cy] --> m143[C_cy] + m35[C_cy]	requested
G8_growth	R171	53.48502090703163	4.0 m10[C_cy] + m197[C_mi] + m58[C_mi] --> m26[C_mi] + 4.0 m28[C_mi] + m46[C_mi]	requested
G8_growth	R1003	-0.00489	m1026[C_ex] <=> 	actual_material_boundary
G8_growth	R1016	-8.701216075792484	m1031[C_ex] <=> 	actual_material_boundary
G8_growth	R1030	14.859558739159935	m1176[C_ex] <=> 	actual_material_boundary
G8_growth	R1070	-10.0	m511[C_ex] <=> 	actual_material_boundary
G8_growth	R1164	82.96919454487076	m342[C_ex] <=> 	actual_material_boundary
G8_growth	R1202	-0.02586	m1064[C_ex] <=> 	actual_material_boundary
G8_growth	R1204	-0.05414	m1068[C_ex] <=> 	actual_material_boundary
G8_growth	R1215	-0.00859	m1075[C_ex] <=> 	actual_material_boundary
G8_growth	R1217	-0.03434	m1077[C_ex] <=> 	actual_material_boundary
G8_growth	R1220	-0.02466	m1082[C_ex] <=> 	actual_material_boundary
G8_growth	R1222	-0.01207	m1083[C_ex] <=> 	actual_material_boundary
G8_growth	R1223	-0.02727	m1084[C_ex] <=> 	actual_material_boundary
G8_growth	R1231	-0.07562	m1087[C_ex] <=> 	actual_material_boundary
G8_growth	R1232	-0.02205	m1088[C_ex] <=> 	actual_material_boundary
G8_growth	R1233	-0.02486	m1090[C_ex] <=> 	actual_material_boundary
G8_growth	R1234	-0.10765	m1091[C_ex] <=> 	actual_material_boundary
G8_growth	R1263	-0.00010718834192093917	m1060[C_ex] <=> 	actual_material_boundary
G8_growth	R1268	0.018971550820030627	m1095[C_ex] <=> 	actual_material_boundary
G8_growth	R1287	-14.825076926909952	m1339[C_ex] <=> 	actual_material_boundary
G8_growth	R1296	-0.1077297073805226	m215[C_ex] <=> 	actual_material_boundary
G8_growth	R1333	-0.0849197284816349	m1113[C_ex] <=> 	actual_material_boundary
G8_growth	R1354	-0.1963147336392539	m1117[C_ex] <=> 	actual_material_boundary
G8_growth	R1364	-26.27503122272362	m214[C_ex] <=> 	actual_material_boundary
G8_growth	R1373	1.4291778922791891	m1401[C_cy] --> 	actual_material_boundary
G8_growth	DIAG_SUP_R2021	0.0	 --> m1871[C_va]	actual_material_boundary
G8_growth	DIAG_SUP_R2029	0.0	 --> m1862[C_va]	actual_material_boundary
G8_growth	DIAG_SUP_R2034	0.0	 --> m1878[C_va]	actual_material_boundary
G8_growth	DIAG_SUP_R2039	0.0	 --> m1866[C_va]	actual_material_boundary
G9_growth	R2021	0.0	m1384[C_va] + m1871[C_va] --> m1067[C_va] + m1863[C_va]	requested
G9_growth	R2029	0.0	m1384[C_va] + m1862[C_va] --> m1071[C_va] + m1863[C_va]	requested
G9_growth	R2034	0.0	m1384[C_va] + m1878[C_va] --> m1863[C_va] + m1879[C_va]	requested
G9_growth	R2039	0.0	m1384[C_va] + m1866[C_va] --> m1863[C_va] + m1867[C_va]	requested
G9_growth	R1363	0.0	m32[C_cy] --> m1384[C_va]	requested
G9_growth	R795	0.0	2.0 m10[C_cy] + m141[C_cy] + m32[C_cy] --> 2.0 m1007[C_va] + m143[C_cy] + m35[C_cy]	requested
G9_growth	R871	0.0	m1007[C_va] + m1067[C_va] --> m10[C_cy] + m267[C_cy]	requested
G9_growth	R876	0.0	m1007[C_va] + m1071[C_va] --> m10[C_cy] + m50[C_cy]	requested
G9_growth	R2030	0.0	m10[C_cy] + m272[C_cy] <=> m1007[C_va] + m1863[C_va]	requested
G9_growth	R2035	0.0	m114[C_cy] <=> m1879[C_va]	requested
G9_growth	R2040	0.0	m10[C_cy] + m765[C_cy] <=> m1007[C_va] + m1867[C_va]	requested
G9_growth	xMAINTENANCE	7.8625	m141[C_cy] + m32[C_cy] --> m143[C_cy] + m35[C_cy]	requested
G9_growth	R171	53.48502090703174	4.0 m10[C_cy] + m197[C_mi] + m58[C_mi] --> m26[C_mi] + 4.0 m28[C_mi] + m46[C_mi]	requested
G9_growth	R1003	-0.00489	m1026[C_ex] <=> 	actual_material_boundary
G9_growth	R1016	-8.701216075792543	m1031[C_ex] <=> 	actual_material_boundary
G9_growth	R1030	14.859558739159914	m1176[C_ex] <=> 	actual_material_boundary
G9_growth	R1070	-10.0	m511[C_ex] <=> 	actual_material_boundary
G9_growth	R1164	83.84185491258108	m342[C_ex] <=> 	actual_material_boundary
G9_growth	R1202	-0.02586	m1064[C_ex] <=> 	actual_material_boundary
G9_growth	R1204	-0.05414	m1068[C_ex] <=> 	actual_material_boundary
G9_growth	R1215	-0.00859	m1075[C_ex] <=> 	actual_material_boundary
G9_growth	R1217	-0.03434	m1077[C_ex] <=> 	actual_material_boundary
G9_growth	R1220	-0.02466	m1082[C_ex] <=> 	actual_material_boundary
G9_growth	R1222	-0.01207	m1083[C_ex] <=> 	actual_material_boundary
G9_growth	R1223	-0.02727	m1084[C_ex] <=> 	actual_material_boundary
G9_growth	R1231	-0.07562	m1087[C_ex] <=> 	actual_material_boundary
G9_growth	R1232	-0.02205	m1088[C_ex] <=> 	actual_material_boundary
G9_growth	R1233	-0.02486	m1090[C_ex] <=> 	actual_material_boundary
G9_growth	R1234	-0.10765	m1091[C_ex] <=> 	actual_material_boundary
G9_growth	R1263	-0.00010718834192093886	m1060[C_ex] <=> 	actual_material_boundary
G9_growth	R1268	0.018971550820030637	m1095[C_ex] <=> 	actual_material_boundary
G9_growth	R1287	-14.825076926909972	m1339[C_ex] <=> 	actual_material_boundary
G9_growth	R1296	-0.10772970738051413	m215[C_ex] <=> 	actual_material_boundary
G9_growth	R1333	-0.08491972848163463	m1113[C_ex] <=> 	actual_material_boundary
G9_growth	R1354	-0.19631473363925336	m1117[C_ex] <=> 	actual_material_boundary
G9_growth	R1364	-26.275031222723303	m214[C_ex] <=> 	actual_material_boundary
G9_growth	R1373	1.429177892279185	m1401[C_cy] --> 	actual_material_boundary
G9_growth	DIAG_SUP_R2021	0.0	 --> m1871[C_va]	actual_material_boundary
G9_growth	DIAG_SUP_R2029	0.0	 --> m1862[C_va]	actual_material_boundary
G9_growth	DIAG_SUP_R2034	0.0	 --> m1878[C_va]	actual_material_boundary
G9_growth	DIAG_SUP_R2039	0.0	 --> m1866[C_va]	actual_material_boundary
G10_growth	R2021	0.0	m1384[C_va] + m1871[C_va] --> m1067[C_va] + m1863[C_va]	requested
G10_growth	R2029	0.01	m1384[C_va] + m1862[C_va] --> m1071[C_va] + m1863[C_va]	requested
G10_growth	R2034	0.01	m1384[C_va] + m1878[C_va] --> m1863[C_va] + m1879[C_va]	requested
G10_growth	R2039	0.01	m1384[C_va] + m1866[C_va] --> m1863[C_va] + m1867[C_va]	requested
G10_growth	R1363	0.03	m32[C_cy] --> m1384[C_va]	requested
G10_growth	R795	0.025	2.0 m10[C_cy] + m141[C_cy] + m32[C_cy] --> 2.0 m1007[C_va] + m143[C_cy] + m35[C_cy]	requested
G10_growth	R871	0.0	m1007[C_va] + m1067[C_va] --> m10[C_cy] + m267[C_cy]	requested
G10_growth	R876	0.01	m1007[C_va] + m1071[C_va] --> m10[C_cy] + m50[C_cy]	requested
G10_growth	R2030	-0.03	m10[C_cy] + m272[C_cy] <=> m1007[C_va] + m1863[C_va]	requested
G10_growth	R2035	-0.01	m114[C_cy] <=> m1879[C_va]	requested
G10_growth	R2040	-0.01	m10[C_cy] + m765[C_cy] <=> m1007[C_va] + m1867[C_va]	requested
G10_growth	xMAINTENANCE	7.8625	m141[C_cy] + m32[C_cy] --> m143[C_cy] + m35[C_cy]	requested
G10_growth	R171	53.64190487062082	4.0 m10[C_cy] + m197[C_mi] + m58[C_mi] --> m26[C_mi] + 4.0 m28[C_mi] + m46[C_mi]	requested
G10_growth	R1003	-0.00489	m1026[C_ex] <=> 	actual_material_boundary
G10_growth	R1016	-8.666790612864515	m1031[C_ex] <=> 	actual_material_boundary
G10_growth	R1030	14.918616536813936	m1176[C_ex] <=> 	actual_material_boundary
G10_growth	R1070	-10.0	m511[C_ex] <=> 	actual_material_boundary
G10_growth	R1164	83.17445792126296	m342[C_ex] <=> 	actual_material_boundary
G10_growth	R1202	-0.02586	m1064[C_ex] <=> 	actual_material_boundary
G10_growth	R1204	-0.05414	m1068[C_ex] <=> 	actual_material_boundary
G10_growth	R1215	-0.00859	m1075[C_ex] <=> 	actual_material_boundary
G10_growth	R1217	-0.03434	m1077[C_ex] <=> 	actual_material_boundary
G10_growth	R1220	-0.02466	m1082[C_ex] <=> 	actual_material_boundary
G10_growth	R1222	-0.01207	m1083[C_ex] <=> 	actual_material_boundary
G10_growth	R1223	-0.02727	m1084[C_ex] <=> 	actual_material_boundary
G10_growth	R1231	-0.07562	m1087[C_ex] <=> 	actual_material_boundary
G10_growth	R1232	-0.02205	m1088[C_ex] <=> 	actual_material_boundary
G10_growth	R1233	-0.02486	m1090[C_ex] <=> 	actual_material_boundary
G10_growth	R1234	-0.10765	m1091[C_ex] <=> 	actual_material_boundary
G10_growth	R1263	-0.00010748430760787953	m1060[C_ex] <=> 	actual_material_boundary
G10_growth	R1268	0.0189630506855017	m1095[C_ex] <=> 	actual_material_boundary
G10_growth	R1287	-14.868520800082795	m1339[C_ex] <=> 	actual_material_boundary
G10_growth	R1296	-0.10802716787170896	m215[C_ex] <=> 	actual_material_boundary
G10_growth	R1333	-0.08518753402001517	m1113[C_ex] <=> 	actual_material_boundary
G10_growth	R1354	-0.1968567928217809	m1117[C_ex] <=> 	actual_material_boundary
G10_growth	R1364	-26.43691381580139	m214[C_ex] <=> 	actual_material_boundary
G10_growth	R1373	1.433124101438394	m1401[C_cy] --> 	actual_material_boundary
G10_growth	DIAG_SUP_R2021	0.0	 --> m1871[C_va]	actual_material_boundary
G10_growth	DIAG_SUP_R2029	0.01	 --> m1862[C_va]	actual_material_boundary
G10_growth	DIAG_SUP_R2034	0.01	 --> m1878[C_va]	actual_material_boundary
G10_growth	DIAG_SUP_R2039	0.01	 --> m1866[C_va]	actual_material_boundary
G11_growth	R2021	0.01	m1384[C_va] + m1871[C_va] --> m1067[C_va] + m1863[C_va]	requested
G11_growth	R2029	0.0	m1384[C_va] + m1862[C_va] --> m1071[C_va] + m1863[C_va]	requested
G11_growth	R2034	0.01	m1384[C_va] + m1878[C_va] --> m1863[C_va] + m1879[C_va]	requested
G11_growth	R2039	0.01	m1384[C_va] + m1866[C_va] --> m1863[C_va] + m1867[C_va]	requested
G11_growth	R1363	0.03	m32[C_cy] --> m1384[C_va]	requested
G11_growth	R795	0.025	2.0 m10[C_cy] + m141[C_cy] + m32[C_cy] --> 2.0 m1007[C_va] + m143[C_cy] + m35[C_cy]	requested
G11_growth	R871	0.01	m1007[C_va] + m1067[C_va] --> m10[C_cy] + m267[C_cy]	requested
G11_growth	R876	0.0	m1007[C_va] + m1071[C_va] --> m10[C_cy] + m50[C_cy]	requested
G11_growth	R2030	-0.03	m10[C_cy] + m272[C_cy] <=> m1007[C_va] + m1863[C_va]	requested
G11_growth	R2035	-0.01	m114[C_cy] <=> m1879[C_va]	requested
G11_growth	R2040	-0.01	m10[C_cy] + m765[C_cy] <=> m1007[C_va] + m1867[C_va]	requested
G11_growth	xMAINTENANCE	7.8625	m141[C_cy] + m32[C_cy] --> m143[C_cy] + m35[C_cy]	requested
G11_growth	R171	53.632340726506975	4.0 m10[C_cy] + m197[C_mi] + m58[C_mi] --> m26[C_mi] + 4.0 m28[C_mi] + m46[C_mi]	requested
G11_growth	R1003	-0.00489	m1026[C_ex] <=> 	actual_material_boundary
G11_growth	R1016	-8.66472208413071	m1031[C_ex] <=> 	actual_material_boundary
G11_growth	R1030	14.919207450239007	m1176[C_ex] <=> 	actual_material_boundary
G11_growth	R1070	-10.0	m511[C_ex] <=> 	actual_material_boundary
G11_growth	R1164	83.14656548850797	m342[C_ex] <=> 	actual_material_boundary
G11_growth	R1202	-0.02586	m1064[C_ex] <=> 	actual_material_boundary
G11_growth	R1204	-0.05414	m1068[C_ex] <=> 	actual_material_boundary
G11_growth	R1215	-0.00859	m1075[C_ex] <=> 	actual_material_boundary
G11_growth	R1217	-0.03434	m1077[C_ex] <=> 	actual_material_boundary
G11_growth	R1220	-0.02466	m1082[C_ex] <=> 	actual_material_boundary
G11_growth	R1222	-0.01207	m1083[C_ex] <=> 	actual_material_boundary
G11_growth	R1223	-0.02727	m1084[C_ex] <=> 	actual_material_boundary
G11_growth	R1231	-0.07562	m1087[C_ex] <=> 	actual_material_boundary
G11_growth	R1232	-0.02205	m1088[C_ex] <=> 	actual_material_boundary
G11_growth	R1233	-0.02486	m1090[C_ex] <=> 	actual_material_boundary
G11_growth	R1234	-0.10765	m1091[C_ex] <=> 	actual_material_boundary
G11_growth	R1263	-0.00010746036920673015	m1060[C_ex] <=> 	actual_material_boundary
G11_growth	R1268	0.01896373819638271	m1095[C_ex] <=> 	actual_material_boundary
G11_growth	R1287	-14.864161369164407	m1339[C_ex] <=> 	actual_material_boundary
G11_growth	R1296	-0.10800310856733097	m215[C_ex] <=> 	actual_material_boundary
G11_growth	R1333	-0.08516587327794048	m1113[C_ex] <=> 	actual_material_boundary
G11_growth	R1354	-0.19681294979966513	m1117[C_ex] <=> 	actual_material_boundary
G11_growth	R1364	-26.427349782537874	m214[C_ex] <=> 	actual_material_boundary
G11_growth	R1373	1.4328049227564021	m1401[C_cy] --> 	actual_material_boundary
G11_growth	DIAG_SUP_R2021	0.01	 --> m1871[C_va]	actual_material_boundary
G11_growth	DIAG_SUP_R2029	0.0	 --> m1862[C_va]	actual_material_boundary
G11_growth	DIAG_SUP_R2034	0.01	 --> m1878[C_va]	actual_material_boundary
G11_growth	DIAG_SUP_R2039	0.01	 --> m1866[C_va]	actual_material_boundary
G3_joint_none_full	R2021	0.01	m1384[C_va] + m1871[C_va] --> m1067[C_va] + m1863[C_va]	requested
G3_joint_none_full	R2029	0.01	m1384[C_va] + m1862[C_va] --> m1071[C_va] + m1863[C_va]	requested
G3_joint_none_full	R2034	0.009999999999999997	m1384[C_va] + m1878[C_va] --> m1863[C_va] + m1879[C_va]	requested
G3_joint_none_full	R2039	0.01	m1384[C_va] + m1866[C_va] --> m1863[C_va] + m1867[C_va]	requested
G3_joint_none_full	R1363	0.04	m32[C_cy] --> m1384[C_va]	requested
G3_joint_none_full	R795	0.034999999999999996	2.0 m10[C_cy] + m141[C_cy] + m32[C_cy] --> 2.0 m1007[C_va] + m143[C_cy] + m35[C_cy]	requested
G3_joint_none_full	R871	0.01	m1007[C_va] + m1067[C_va] --> m10[C_cy] + m267[C_cy]	requested
G3_joint_none_full	R876	0.01	m1007[C_va] + m1071[C_va] --> m10[C_cy] + m50[C_cy]	requested
G3_joint_none_full	R2030	-0.039999999999999994	m10[C_cy] + m272[C_cy] <=> m1007[C_va] + m1863[C_va]	requested
G3_joint_none_full	R2035	-0.009999999999999997	m114[C_cy] <=> m1879[C_va]	requested
G3_joint_none_full	R2040	-0.01	m10[C_cy] + m765[C_cy] <=> m1007[C_va] + m1867[C_va]	requested
G3_joint_none_full	xMAINTENANCE	7.8625	m141[C_cy] + m32[C_cy] --> m143[C_cy] + m35[C_cy]	requested
G3_joint_none_full	R171	53.68415442007395	4.0 m10[C_cy] + m197[C_mi] + m58[C_mi] --> m26[C_mi] + 4.0 m28[C_mi] + m46[C_mi]	requested
G3_joint_none_full	R1003	-0.00489	m1026[C_ex] <=> 	actual_material_boundary
G3_joint_none_full	R1016	-8.653372295199242	m1031[C_ex] <=> 	actual_material_boundary
G3_joint_none_full	R1030	14.944918175916063	m1176[C_ex] <=> 	actual_material_boundary
G3_joint_none_full	R1070	-10.0	m511[C_ex] <=> 	actual_material_boundary
G3_joint_none_full	R1164	83.22463599606975	m342[C_ex] <=> 	actual_material_boundary
G3_joint_none_full	R1202	-0.02586	m1064[C_ex] <=> 	actual_material_boundary
G3_joint_none_full	R1204	-0.05414	m1068[C_ex] <=> 	actual_material_boundary
G3_joint_none_full	R1215	-0.00859	m1075[C_ex] <=> 	actual_material_boundary
G3_joint_none_full	R1217	-0.03434	m1077[C_ex] <=> 	actual_material_boundary
G3_joint_none_full	R1220	-0.02466	m1082[C_ex] <=> 	actual_material_boundary
G3_joint_none_full	R1222	-0.01207	m1083[C_ex] <=> 	actual_material_boundary
G3_joint_none_full	R1223	-0.02727	m1084[C_ex] <=> 	actual_material_boundary
G3_joint_none_full	R1231	-0.07562	m1087[C_ex] <=> 	actual_material_boundary
G3_joint_none_full	R1232	-0.02205	m1088[C_ex] <=> 	actual_material_boundary
G3_joint_none_full	R1233	-0.02486	m1090[C_ex] <=> 	actual_material_boundary
G3_joint_none_full	R1234	-0.10765	m1091[C_ex] <=> 	actual_material_boundary
G3_joint_none_full	R1263	-0.00010756047524790095	m1060[C_ex] <=> 	actual_material_boundary
G3_joint_none_full	R1268	0.018960863150880285	m1095[C_ex] <=> 	actual_material_boundary
G3_joint_none_full	R1287	-14.87966444391405	m1339[C_ex] <=> 	actual_material_boundary
G3_joint_none_full	R1296	-0.10810372020404141	m215[C_ex] <=> 	actual_material_boundary
G3_joint_none_full	R1333	-0.08525645456298069	m1113[C_ex] <=> 	actual_material_boundary
G3_joint_none_full	R1354	-0.19699629334669533	m1117[C_ex] <=> 	actual_material_boundary
G3_joint_none_full	R1364	-26.47916301254926	m214[C_ex] <=> 	actual_material_boundary
G3_joint_none_full	R1373	1.4341396699720128	m1401[C_cy] --> 	actual_material_boundary
G3_joint_none_full	DIAG_SUP_R2021	0.01	 --> m1871[C_va]	actual_material_boundary
G3_joint_none_full	DIAG_SUP_R2029	0.01	 --> m1862[C_va]	actual_material_boundary
G3_joint_none_full	DIAG_SUP_R2034	0.009999999999999997	 --> m1878[C_va]	actual_material_boundary
G3_joint_none_full	DIAG_SUP_R2039	0.01	 --> m1866[C_va]	actual_material_boundary
G3_joint_99pct_full	R2021	0.01	m1384[C_va] + m1871[C_va] --> m1067[C_va] + m1863[C_va]	requested
G3_joint_99pct_full	R2029	0.01	m1384[C_va] + m1862[C_va] --> m1071[C_va] + m1863[C_va]	requested
G3_joint_99pct_full	R2034	0.01	m1384[C_va] + m1878[C_va] --> m1863[C_va] + m1879[C_va]	requested
G3_joint_99pct_full	R2039	0.01	m1384[C_va] + m1866[C_va] --> m1863[C_va] + m1867[C_va]	requested
G3_joint_99pct_full	R1363	0.04	m32[C_cy] --> m1384[C_va]	requested
G3_joint_99pct_full	R795	0.035	2.0 m10[C_cy] + m141[C_cy] + m32[C_cy] --> 2.0 m1007[C_va] + m143[C_cy] + m35[C_cy]	requested
G3_joint_99pct_full	R871	0.01	m1007[C_va] + m1067[C_va] --> m10[C_cy] + m267[C_cy]	requested
G3_joint_99pct_full	R876	0.01	m1007[C_va] + m1071[C_va] --> m10[C_cy] + m50[C_cy]	requested
G3_joint_99pct_full	R2030	-0.04	m10[C_cy] + m272[C_cy] <=> m1007[C_va] + m1863[C_va]	requested
G3_joint_99pct_full	R2035	-0.01	m114[C_cy] <=> m1879[C_va]	requested
G3_joint_99pct_full	R2040	-0.01	m10[C_cy] + m765[C_cy] <=> m1007[C_va] + m1867[C_va]	requested
G3_joint_99pct_full	xMAINTENANCE	7.8625	m141[C_cy] + m32[C_cy] --> m143[C_cy] + m35[C_cy]	requested
G3_joint_99pct_full	R171	53.68415442007391	4.0 m10[C_cy] + m197[C_mi] + m58[C_mi] --> m26[C_mi] + 4.0 m28[C_mi] + m46[C_mi]	requested
G3_joint_99pct_full	R1003	-0.00489	m1026[C_ex] <=> 	actual_material_boundary
G3_joint_99pct_full	R1016	-8.653372295199208	m1031[C_ex] <=> 	actual_material_boundary
G3_joint_99pct_full	R1030	14.944918175916083	m1176[C_ex] <=> 	actual_material_boundary
G3_joint_99pct_full	R1070	-10.0	m511[C_ex] <=> 	actual_material_boundary
G3_joint_99pct_full	R1164	82.20991477500034	m342[C_ex] <=> 	actual_material_boundary
G3_joint_99pct_full	R1202	-0.02586	m1064[C_ex] <=> 	actual_material_boundary
G3_joint_99pct_full	R1204	-0.05414	m1068[C_ex] <=> 	actual_material_boundary
G3_joint_99pct_full	R1215	-0.00859	m1075[C_ex] <=> 	actual_material_boundary
G3_joint_99pct_full	R1217	-0.03434	m1077[C_ex] <=> 	actual_material_boundary
G3_joint_99pct_full	R1220	-0.02466	m1082[C_ex] <=> 	actual_material_boundary
G3_joint_99pct_full	R1222	-0.01207	m1083[C_ex] <=> 	actual_material_boundary
G3_joint_99pct_full	R1223	-0.02727	m1084[C_ex] <=> 	actual_material_boundary
G3_joint_99pct_full	R1231	-0.07562	m1087[C_ex] <=> 	actual_material_boundary
G3_joint_99pct_full	R1232	-0.02205	m1088[C_ex] <=> 	actual_material_boundary
G3_joint_99pct_full	R1233	-0.02486	m1090[C_ex] <=> 	actual_material_boundary
G3_joint_99pct_full	R1234	-0.10765	m1091[C_ex] <=> 	actual_material_boundary
G3_joint_99pct_full	R1263	-0.00010756047524790114	m1060[C_ex] <=> 	actual_material_boundary
G3_joint_99pct_full	R1268	0.01896086315088028	m1095[C_ex] <=> 	actual_material_boundary
G3_joint_99pct_full	R1287	-14.879664443914049	m1339[C_ex] <=> 	actual_material_boundary
G3_joint_99pct_full	R1296	-0.10810372020415993	m215[C_ex] <=> 	actual_material_boundary
G3_joint_99pct_full	R1333	-0.08525645456298084	m1113[C_ex] <=> 	actual_material_boundary
G3_joint_99pct_full	R1354	-0.19699629334669577	m1117[C_ex] <=> 	actual_material_boundary
G3_joint_99pct_full	R1364	-26.47916301254938	m214[C_ex] <=> 	actual_material_boundary
G3_joint_99pct_full	R1373	1.4341396699720153	m1401[C_cy] --> 	actual_material_boundary
G3_joint_99pct_full	DIAG_SUP_R2021	0.01	 --> m1871[C_va]	actual_material_boundary
G3_joint_99pct_full	DIAG_SUP_R2029	0.01	 --> m1862[C_va]	actual_material_boundary
G3_joint_99pct_full	DIAG_SUP_R2034	0.01	 --> m1878[C_va]	actual_material_boundary
G3_joint_99pct_full	DIAG_SUP_R2039	0.01	 --> m1866[C_va]	actual_material_boundary
G3_joint_near_strict_full	R2021	0.01	m1384[C_va] + m1871[C_va] --> m1067[C_va] + m1863[C_va]	requested
G3_joint_near_strict_full	R2029	0.01	m1384[C_va] + m1862[C_va] --> m1071[C_va] + m1863[C_va]	requested
G3_joint_near_strict_full	R2034	0.01	m1384[C_va] + m1878[C_va] --> m1863[C_va] + m1879[C_va]	requested
G3_joint_near_strict_full	R2039	0.009999999999999997	m1384[C_va] + m1866[C_va] --> m1863[C_va] + m1867[C_va]	requested
G3_joint_near_strict_full	R1363	0.04	m32[C_cy] --> m1384[C_va]	requested
G3_joint_near_strict_full	R795	0.034999999999999996	2.0 m10[C_cy] + m141[C_cy] + m32[C_cy] --> 2.0 m1007[C_va] + m143[C_cy] + m35[C_cy]	requested
G3_joint_near_strict_full	R871	0.01	m1007[C_va] + m1067[C_va] --> m10[C_cy] + m267[C_cy]	requested
G3_joint_near_strict_full	R876	0.01	m1007[C_va] + m1071[C_va] --> m10[C_cy] + m50[C_cy]	requested
G3_joint_near_strict_full	R2030	-0.039999999999999994	m10[C_cy] + m272[C_cy] <=> m1007[C_va] + m1863[C_va]	requested
G3_joint_near_strict_full	R2035	-0.01	m114[C_cy] <=> m1879[C_va]	requested
G3_joint_near_strict_full	R2040	-0.009999999999999997	m10[C_cy] + m765[C_cy] <=> m1007[C_va] + m1867[C_va]	requested
G3_joint_near_strict_full	xMAINTENANCE	7.8625	m141[C_cy] + m32[C_cy] --> m143[C_cy] + m35[C_cy]	requested
G3_joint_near_strict_full	R171	53.68415442007395	4.0 m10[C_cy] + m197[C_mi] + m58[C_mi] --> m26[C_mi] + 4.0 m28[C_mi] + m46[C_mi]	requested
G3_joint_near_strict_full	R1003	-0.00489	m1026[C_ex] <=> 	actual_material_boundary
G3_joint_near_strict_full	R1016	-8.653372295199247	m1031[C_ex] <=> 	actual_material_boundary
G3_joint_near_strict_full	R1030	14.944918175916055	m1176[C_ex] <=> 	actual_material_boundary
G3_joint_near_strict_full	R1070	-10.0	m511[C_ex] <=> 	actual_material_boundary
G3_joint_near_strict_full	R1164	84.10292960760448	m342[C_ex] <=> 	actual_material_boundary
G3_joint_near_strict_full	R1202	-0.02586	m1064[C_ex] <=> 	actual_material_boundary
G3_joint_near_strict_full	R1204	-0.05414	m1068[C_ex] <=> 	actual_material_boundary
G3_joint_near_strict_full	R1215	-0.00859	m1075[C_ex] <=> 	actual_material_boundary
G3_joint_near_strict_full	R1217	-0.03434	m1077[C_ex] <=> 	actual_material_boundary
G3_joint_near_strict_full	R1220	-0.02466	m1082[C_ex] <=> 	actual_material_boundary
G3_joint_near_strict_full	R1222	-0.01207	m1083[C_ex] <=> 	actual_material_boundary
G3_joint_near_strict_full	R1223	-0.02727	m1084[C_ex] <=> 	actual_material_boundary
G3_joint_near_strict_full	R1231	-0.07562	m1087[C_ex] <=> 	actual_material_boundary
G3_joint_near_strict_full	R1232	-0.02205	m1088[C_ex] <=> 	actual_material_boundary
G3_joint_near_strict_full	R1233	-0.02486	m1090[C_ex] <=> 	actual_material_boundary
G3_joint_near_strict_full	R1234	-0.10765	m1091[C_ex] <=> 	actual_material_boundary
G3_joint_near_strict_full	R1263	-0.00010756047524790087	m1060[C_ex] <=> 	actual_material_boundary
G3_joint_near_strict_full	R1268	0.018960863150880285	m1095[C_ex] <=> 	actual_material_boundary
G3_joint_near_strict_full	R1287	-14.879664443914047	m1339[C_ex] <=> 	actual_material_boundary
G3_joint_near_strict_full	R1296	-0.10810372020401304	m215[C_ex] <=> 	actual_material_boundary
G3_joint_near_strict_full	R1333	-0.08525645456298062	m1113[C_ex] <=> 	actual_material_boundary
G3_joint_near_strict_full	R1354	-0.19699629334669488	m1117[C_ex] <=> 	actual_material_boundary
G3_joint_near_strict_full	R1364	-26.47916301254922	m214[C_ex] <=> 	actual_material_boundary
G3_joint_near_strict_full	R1373	1.4341396699720117	m1401[C_cy] --> 	actual_material_boundary
G3_joint_near_strict_full	DIAG_SUP_R2021	0.01	 --> m1871[C_va]	actual_material_boundary
G3_joint_near_strict_full	DIAG_SUP_R2029	0.01	 --> m1862[C_va]	actual_material_boundary
G3_joint_near_strict_full	DIAG_SUP_R2034	0.01	 --> m1878[C_va]	actual_material_boundary
G3_joint_near_strict_full	DIAG_SUP_R2039	0.009999999999999997	 --> m1866[C_va]	actual_material_boundary
G0_pfba	R2021	0.0	m1384[C_va] + m1871[C_va] --> m1067[C_va] + m1863[C_va]	requested
G0_pfba	R2029	0.0	m1384[C_va] + m1862[C_va] --> m1071[C_va] + m1863[C_va]	requested
G0_pfba	R2034	0.0	m1384[C_va] + m1878[C_va] --> m1863[C_va] + m1879[C_va]	requested
G0_pfba	R2039	0.0	m1384[C_va] + m1866[C_va] --> m1863[C_va] + m1867[C_va]	requested
G0_pfba	R1363	0.0	m32[C_cy] --> m1384[C_va]	requested
G0_pfba	R795	0.0	2.0 m10[C_cy] + m141[C_cy] + m32[C_cy] --> 2.0 m1007[C_va] + m143[C_cy] + m35[C_cy]	requested
G0_pfba	R871	0.0	m1007[C_va] + m1067[C_va] --> m10[C_cy] + m267[C_cy]	requested
G0_pfba	R876	0.0	m1007[C_va] + m1071[C_va] --> m10[C_cy] + m50[C_cy]	requested
G0_pfba	R2030	0.0	m10[C_cy] + m272[C_cy] <=> m1007[C_va] + m1863[C_va]	requested
G0_pfba	R2035	0.0	m114[C_cy] <=> m1879[C_va]	requested
G0_pfba	R2040	0.0	m10[C_cy] + m765[C_cy] <=> m1007[C_va] + m1867[C_va]	requested
G0_pfba	xMAINTENANCE	7.8625	m141[C_cy] + m32[C_cy] --> m143[C_cy] + m35[C_cy]	requested
G0_pfba	R171	53.48502090703324	4.0 m10[C_cy] + m197[C_mi] + m58[C_mi] --> m26[C_mi] + 4.0 m28[C_mi] + m46[C_mi]	requested
G0_pfba	R1003	-0.00489	m1026[C_ex] <=> 	actual_material_boundary
G0_pfba	R1016	-8.701216075792335	m1031[C_ex] <=> 	actual_material_boundary
G0_pfba	R1030	14.859558739160338	m1176[C_ex] <=> 	actual_material_boundary
G0_pfba	R1070	-10.0	m511[C_ex] <=> 	actual_material_boundary
G0_pfba	R1202	-0.02586	m1064[C_ex] <=> 	actual_material_boundary
G0_pfba	R1204	-0.05414	m1068[C_ex] <=> 	actual_material_boundary
G0_pfba	R1215	-0.00859	m1075[C_ex] <=> 	actual_material_boundary
G0_pfba	R1217	-0.03434	m1077[C_ex] <=> 	actual_material_boundary
G0_pfba	R1220	-0.02466	m1082[C_ex] <=> 	actual_material_boundary
G0_pfba	R1222	-0.01207	m1083[C_ex] <=> 	actual_material_boundary
G0_pfba	R1223	-0.02727	m1084[C_ex] <=> 	actual_material_boundary
G0_pfba	R1231	-0.07562	m1087[C_ex] <=> 	actual_material_boundary
G0_pfba	R1232	-0.02205	m1088[C_ex] <=> 	actual_material_boundary
G0_pfba	R1233	-0.02486	m1090[C_ex] <=> 	actual_material_boundary
G0_pfba	R1234	-0.10765	m1091[C_ex] <=> 	actual_material_boundary
G0_pfba	R1263	-0.00010718822698038699	m1060[C_ex] <=> 	actual_material_boundary
G0_pfba	R1268	0.018971550820030637	m1095[C_ex] <=> 	actual_material_boundary
G0_pfba	R1287	-14.825076926910297	m1339[C_ex] <=> 	actual_material_boundary
G0_pfba	R1296	-0.10772970738036101	m215[C_ex] <=> 	actual_material_boundary
G0_pfba	R1333	-0.08491972848163461	m1113[C_ex] <=> 	actual_material_boundary
G0_pfba	R1354	-0.1963147336392537	m1117[C_ex] <=> 	actual_material_boundary
G0_pfba	R1364	-26.275031222838415	m214[C_ex] <=> 	actual_material_boundary
G0_pfba	R1373	1.429177892279185	m1401[C_cy] --> 	actual_material_boundary
G1_pfba	R2021	0.0	m1384[C_va] + m1871[C_va] --> m1067[C_va] + m1863[C_va]	requested
G1_pfba	R2029	0.0	m1384[C_va] + m1862[C_va] --> m1071[C_va] + m1863[C_va]	requested
G1_pfba	R2034	0.0	m1384[C_va] + m1878[C_va] --> m1863[C_va] + m1879[C_va]	requested
G1_pfba	R2039	0.0	m1384[C_va] + m1866[C_va] --> m1863[C_va] + m1867[C_va]	requested
G1_pfba	R1363	0.0	m32[C_cy] --> m1384[C_va]	requested
G1_pfba	R795	0.0	2.0 m10[C_cy] + m141[C_cy] + m32[C_cy] --> 2.0 m1007[C_va] + m143[C_cy] + m35[C_cy]	requested
G1_pfba	R871	0.0	m1007[C_va] + m1067[C_va] --> m10[C_cy] + m267[C_cy]	requested
G1_pfba	R876	0.0	m1007[C_va] + m1071[C_va] --> m10[C_cy] + m50[C_cy]	requested
G1_pfba	R2030	0.0	m10[C_cy] + m272[C_cy] <=> m1007[C_va] + m1863[C_va]	requested
G1_pfba	R2035	0.0	m114[C_cy] <=> m1879[C_va]	requested
G1_pfba	R2040	0.0	m10[C_cy] + m765[C_cy] <=> m1007[C_va] + m1867[C_va]	requested
G1_pfba	xMAINTENANCE	7.8625	m141[C_cy] + m32[C_cy] --> m143[C_cy] + m35[C_cy]	requested
G1_pfba	R171	53.485020907032705	4.0 m10[C_cy] + m197[C_mi] + m58[C_mi] --> m26[C_mi] + 4.0 m28[C_mi] + m46[C_mi]	requested
G1_pfba	R1003	-0.00489	m1026[C_ex] <=> 	actual_material_boundary
G1_pfba	R1016	-8.701216075792315	m1031[C_ex] <=> 	actual_material_boundary
G1_pfba	R1030	14.859558739160256	m1176[C_ex] <=> 	actual_material_boundary
G1_pfba	R1070	-10.0	m511[C_ex] <=> 	actual_material_boundary
G1_pfba	R1202	-0.02586	m1064[C_ex] <=> 	actual_material_boundary
G1_pfba	R1204	-0.05414	m1068[C_ex] <=> 	actual_material_boundary
G1_pfba	R1215	-0.00859	m1075[C_ex] <=> 	actual_material_boundary
G1_pfba	R1217	-0.03434	m1077[C_ex] <=> 	actual_material_boundary
G1_pfba	R1220	-0.02466	m1082[C_ex] <=> 	actual_material_boundary
G1_pfba	R1222	-0.01207	m1083[C_ex] <=> 	actual_material_boundary
G1_pfba	R1223	-0.02727	m1084[C_ex] <=> 	actual_material_boundary
G1_pfba	R1231	-0.07562	m1087[C_ex] <=> 	actual_material_boundary
G1_pfba	R1232	-0.02205	m1088[C_ex] <=> 	actual_material_boundary
G1_pfba	R1233	-0.02486	m1090[C_ex] <=> 	actual_material_boundary
G1_pfba	R1234	-0.10765	m1091[C_ex] <=> 	actual_material_boundary
G1_pfba	R1263	-0.00010718825930779624	m1060[C_ex] <=> 	actual_material_boundary
G1_pfba	R1268	0.018971550820030623	m1095[C_ex] <=> 	actual_material_boundary
G1_pfba	R1287	-14.825076926910182	m1339[C_ex] <=> 	actual_material_boundary
G1_pfba	R1296	-0.10772970738034025	m215[C_ex] <=> 	actual_material_boundary
G1_pfba	R1333	-0.08491972848163497	m1113[C_ex] <=> 	actual_material_boundary
G1_pfba	R1354	-0.19631473363925417	m1117[C_ex] <=> 	actual_material_boundary
G1_pfba	R1364	-26.275031222806447	m214[C_ex] <=> 	actual_material_boundary
G1_pfba	R1373	1.4291778922791902	m1401[C_cy] --> 	actual_material_boundary
G2_pfba	R2021	0.0	m1384[C_va] + m1871[C_va] --> m1067[C_va] + m1863[C_va]	requested
G2_pfba	R2029	0.0	m1384[C_va] + m1862[C_va] --> m1071[C_va] + m1863[C_va]	requested
G2_pfba	R2034	0.0	m1384[C_va] + m1878[C_va] --> m1863[C_va] + m1879[C_va]	requested
G2_pfba	R2039	0.0	m1384[C_va] + m1866[C_va] --> m1863[C_va] + m1867[C_va]	requested
G2_pfba	R1363	0.0	m32[C_cy] --> m1384[C_va]	requested
G2_pfba	R795	0.0	2.0 m10[C_cy] + m141[C_cy] + m32[C_cy] --> 2.0 m1007[C_va] + m143[C_cy] + m35[C_cy]	requested
G2_pfba	R871	0.0	m1007[C_va] + m1067[C_va] --> m10[C_cy] + m267[C_cy]	requested
G2_pfba	R876	0.0	m1007[C_va] + m1071[C_va] --> m10[C_cy] + m50[C_cy]	requested
G2_pfba	R2030	0.0	m10[C_cy] + m272[C_cy] <=> m1007[C_va] + m1863[C_va]	requested
G2_pfba	R2035	0.0	m114[C_cy] <=> m1879[C_va]	requested
G2_pfba	R2040	0.0	m10[C_cy] + m765[C_cy] <=> m1007[C_va] + m1867[C_va]	requested
G2_pfba	xMAINTENANCE	7.8625	m141[C_cy] + m32[C_cy] --> m143[C_cy] + m35[C_cy]	requested
G2_pfba	R171	53.48502090703145	4.0 m10[C_cy] + m197[C_mi] + m58[C_mi] --> m26[C_mi] + 4.0 m28[C_mi] + m46[C_mi]	requested
G2_pfba	R1003	-0.00489	m1026[C_ex] <=> 	actual_material_boundary
G2_pfba	R1016	-8.701216075792495	m1031[C_ex] <=> 	actual_material_boundary
G2_pfba	R1030	14.859558739159887	m1176[C_ex] <=> 	actual_material_boundary
G2_pfba	R1070	-10.0	m511[C_ex] <=> 	actual_material_boundary
G2_pfba	R1202	-0.02586	m1064[C_ex] <=> 	actual_material_boundary
G2_pfba	R1204	-0.05414	m1068[C_ex] <=> 	actual_material_boundary
G2_pfba	R1215	-0.00859	m1075[C_ex] <=> 	actual_material_boundary
G2_pfba	R1217	-0.03434	m1077[C_ex] <=> 	actual_material_boundary
G2_pfba	R1220	-0.02466	m1082[C_ex] <=> 	actual_material_boundary
G2_pfba	R1222	-0.01207	m1083[C_ex] <=> 	actual_material_boundary
G2_pfba	R1223	-0.02727	m1084[C_ex] <=> 	actual_material_boundary
G2_pfba	R1231	-0.07562	m1087[C_ex] <=> 	actual_material_boundary
G2_pfba	R1232	-0.02205	m1088[C_ex] <=> 	actual_material_boundary
G2_pfba	R1233	-0.02486	m1090[C_ex] <=> 	actual_material_boundary
G2_pfba	R1234	-0.10765	m1091[C_ex] <=> 	actual_material_boundary
G2_pfba	R1263	-0.00010718834177746162	m1060[C_ex] <=> 	actual_material_boundary
G2_pfba	R1268	0.018971550820030623	m1095[C_ex] <=> 	actual_material_boundary
G2_pfba	R1287	-14.82507692690991	m1339[C_ex] <=> 	actual_material_boundary
G2_pfba	R1296	-0.10772970736614873	m215[C_ex] <=> 	actual_material_boundary
G2_pfba	R1333	-0.08491972848163497	m1113[C_ex] <=> 	actual_material_boundary
G2_pfba	R1354	-0.19631473363925417	m1117[C_ex] <=> 	actual_material_boundary
G2_pfba	R1364	-26.275031222738157	m214[C_ex] <=> 	actual_material_boundary
G2_pfba	R1373	1.4291778922791902	m1401[C_cy] --> 	actual_material_boundary
G2_pfba	DIAG_SUP_R2021	0.0	 --> m1871[C_va]	actual_material_boundary
G2_pfba	DIAG_SUP_R2029	0.0	 --> m1862[C_va]	actual_material_boundary
G2_pfba	DIAG_SUP_R2034	0.0	 --> m1878[C_va]	actual_material_boundary
G2_pfba	DIAG_SUP_R2039	0.0	 --> m1866[C_va]	actual_material_boundary
G3_pfba	R2021	0.01	m1384[C_va] + m1871[C_va] --> m1067[C_va] + m1863[C_va]	requested
G3_pfba	R2029	0.01	m1384[C_va] + m1862[C_va] --> m1071[C_va] + m1863[C_va]	requested
G3_pfba	R2034	0.01	m1384[C_va] + m1878[C_va] --> m1863[C_va] + m1879[C_va]	requested
G3_pfba	R2039	0.01	m1384[C_va] + m1866[C_va] --> m1863[C_va] + m1867[C_va]	requested
G3_pfba	R1363	0.04	m32[C_cy] --> m1384[C_va]	requested
G3_pfba	R795	0.035	2.0 m10[C_cy] + m141[C_cy] + m32[C_cy] --> 2.0 m1007[C_va] + m143[C_cy] + m35[C_cy]	requested
G3_pfba	R871	0.01	m1007[C_va] + m1067[C_va] --> m10[C_cy] + m267[C_cy]	requested
G3_pfba	R876	0.01	m1007[C_va] + m1071[C_va] --> m10[C_cy] + m50[C_cy]	requested
G3_pfba	R2030	-0.04	m10[C_cy] + m272[C_cy] <=> m1007[C_va] + m1863[C_va]	requested
G3_pfba	R2035	-0.01	m114[C_cy] <=> m1879[C_va]	requested
G3_pfba	R2040	-0.01	m10[C_cy] + m765[C_cy] <=> m1007[C_va] + m1867[C_va]	requested
G3_pfba	xMAINTENANCE	7.8625	m141[C_cy] + m32[C_cy] --> m143[C_cy] + m35[C_cy]	requested
G3_pfba	R171	53.68415442007354	4.0 m10[C_cy] + m197[C_mi] + m58[C_mi] --> m26[C_mi] + 4.0 m28[C_mi] + m46[C_mi]	requested
G3_pfba	R1003	-0.00489	m1026[C_ex] <=> 	actual_material_boundary
G3_pfba	R1016	-8.653372295199302	m1031[C_ex] <=> 	actual_material_boundary
G3_pfba	R1030	14.944918175915939	m1176[C_ex] <=> 	actual_material_boundary
G3_pfba	R1070	-10.0	m511[C_ex] <=> 	actual_material_boundary
G3_pfba	R1202	-0.02586	m1064[C_ex] <=> 	actual_material_boundary
G3_pfba	R1204	-0.05414	m1068[C_ex] <=> 	actual_material_boundary
G3_pfba	R1215	-0.00859	m1075[C_ex] <=> 	actual_material_boundary
G3_pfba	R1217	-0.03434	m1077[C_ex] <=> 	actual_material_boundary
G3_pfba	R1220	-0.02466	m1082[C_ex] <=> 	actual_material_boundary
G3_pfba	R1222	-0.01207	m1083[C_ex] <=> 	actual_material_boundary
G3_pfba	R1223	-0.02727	m1084[C_ex] <=> 	actual_material_boundary
G3_pfba	R1231	-0.07562	m1087[C_ex] <=> 	actual_material_boundary
G3_pfba	R1232	-0.02205	m1088[C_ex] <=> 	actual_material_boundary
G3_pfba	R1233	-0.02486	m1090[C_ex] <=> 	actual_material_boundary
G3_pfba	R1234	-0.10765	m1091[C_ex] <=> 	actual_material_boundary
G3_pfba	R1263	-0.0001075604749349035	m1060[C_ex] <=> 	actual_material_boundary
G3_pfba	R1268	0.018960863150880285	m1095[C_ex] <=> 	actual_material_boundary
G3_pfba	R1287	-14.879664443913962	m1339[C_ex] <=> 	actual_material_boundary
G3_pfba	R1296	-0.10810372017281014	m215[C_ex] <=> 	actual_material_boundary
G3_pfba	R1333	-0.08525645456298062	m1113[C_ex] <=> 	actual_material_boundary
G3_pfba	R1354	-0.19699629334669524	m1117[C_ex] <=> 	actual_material_boundary
G3_pfba	R1364	-26.479163012580745	m214[C_ex] <=> 	actual_material_boundary
G3_pfba	R1373	1.434139669972012	m1401[C_cy] --> 	actual_material_boundary
G3_pfba	DIAG_SUP_R2021	0.01	 --> m1871[C_va]	actual_material_boundary
G3_pfba	DIAG_SUP_R2029	0.01	 --> m1862[C_va]	actual_material_boundary
G3_pfba	DIAG_SUP_R2034	0.01	 --> m1878[C_va]	actual_material_boundary
G3_pfba	DIAG_SUP_R2039	0.01	 --> m1866[C_va]	actual_material_boundary
G4_pfba	R2021	0.01	m1384[C_va] + m1871[C_va] --> m1067[C_va] + m1863[C_va]	requested
G4_pfba	R2029	0.0	m1384[C_va] + m1862[C_va] --> m1071[C_va] + m1863[C_va]	requested
G4_pfba	R2034	0.0	m1384[C_va] + m1878[C_va] --> m1863[C_va] + m1879[C_va]	requested
G4_pfba	R2039	0.0	m1384[C_va] + m1866[C_va] --> m1863[C_va] + m1867[C_va]	requested
G4_pfba	R1363	0.01	m32[C_cy] --> m1384[C_va]	requested
G4_pfba	R795	0.01	2.0 m10[C_cy] + m141[C_cy] + m32[C_cy] --> 2.0 m1007[C_va] + m143[C_cy] + m35[C_cy]	requested
G4_pfba	R871	0.01	m1007[C_va] + m1067[C_va] --> m10[C_cy] + m267[C_cy]	requested
G4_pfba	R876	0.0	m1007[C_va] + m1071[C_va] --> m10[C_cy] + m50[C_cy]	requested
G4_pfba	R2030	-0.01	m10[C_cy] + m272[C_cy] <=> m1007[C_va] + m1863[C_va]	requested
G4_pfba	R2035	0.0	m114[C_cy] <=> m1879[C_va]	requested
G4_pfba	R2040	0.0	m10[C_cy] + m765[C_cy] <=> m1007[C_va] + m1867[C_va]	requested
G4_pfba	xMAINTENANCE	7.8625	m141[C_cy] + m32[C_cy] --> m143[C_cy] + m35[C_cy]	requested
G4_pfba	R171	53.52727045648459	4.0 m10[C_cy] + m197[C_mi] + m58[C_mi] --> m26[C_mi] + 4.0 m28[C_mi] + m46[C_mi]	requested
G4_pfba	R1003	-0.00489	m1026[C_ex] <=> 	actual_material_boundary
G4_pfba	R1016	-8.68779775812722	m1031[C_ex] <=> 	actual_material_boundary
G4_pfba	R1030	14.885860378262027	m1176[C_ex] <=> 	actual_material_boundary
G4_pfba	R1070	-10.0	m511[C_ex] <=> 	actual_material_boundary
G4_pfba	R1202	-0.02586	m1064[C_ex] <=> 	actual_material_boundary
G4_pfba	R1204	-0.05414	m1068[C_ex] <=> 	actual_material_boundary
G4_pfba	R1215	-0.00859	m1075[C_ex] <=> 	actual_material_boundary
G4_pfba	R1217	-0.03434	m1077[C_ex] <=> 	actual_material_boundary
G4_pfba	R1220	-0.02466	m1082[C_ex] <=> 	actual_material_boundary
G4_pfba	R1222	-0.01207	m1083[C_ex] <=> 	actual_material_boundary
G4_pfba	R1223	-0.02727	m1084[C_ex] <=> 	actual_material_boundary
G4_pfba	R1231	-0.07562	m1087[C_ex] <=> 	actual_material_boundary
G4_pfba	R1232	-0.02205	m1088[C_ex] <=> 	actual_material_boundary
G4_pfba	R1233	-0.02486	m1090[C_ex] <=> 	actual_material_boundary
G4_pfba	R1234	-0.10765	m1091[C_ex] <=> 	actual_material_boundary
G4_pfba	R1263	-0.00010726450943751575	m1060[C_ex] <=> 	actual_material_boundary
G4_pfba	R1268	0.018969363285409213	m1095[C_ex] <=> 	actual_material_boundary
G4_pfba	R1287	-14.836220570741165	m1339[C_ex] <=> 	actual_material_boundary
G4_pfba	R1296	-0.10780625970040714	m215[C_ex] <=> 	actual_material_boundary
G4_pfba	R1333	-0.08498864902460038	m1113[C_ex] <=> 	actual_material_boundary
G4_pfba	R1354	-0.1964542341641689	m1117[C_ex] <=> 	actual_material_boundary
G4_pfba	R1364	-26.31728041948407	m214[C_ex] <=> 	actual_material_boundary
G4_pfba	R1373	1.430193460812808	m1401[C_cy] --> 	actual_material_boundary
G4_pfba	DIAG_SUP_R2021	0.01	 --> m1871[C_va]	actual_material_boundary
G5_pfba	R2021	0.0	m1384[C_va] + m1871[C_va] --> m1067[C_va] + m1863[C_va]	requested
G5_pfba	R2029	0.01	m1384[C_va] + m1862[C_va] --> m1071[C_va] + m1863[C_va]	requested
G5_pfba	R2034	0.0	m1384[C_va] + m1878[C_va] --> m1863[C_va] + m1879[C_va]	requested
G5_pfba	R2039	0.0	m1384[C_va] + m1866[C_va] --> m1863[C_va] + m1867[C_va]	requested
G5_pfba	R1363	0.01	m32[C_cy] --> m1384[C_va]	requested
G5_pfba	R795	0.01	2.0 m10[C_cy] + m141[C_cy] + m32[C_cy] --> 2.0 m1007[C_va] + m143[C_cy] + m35[C_cy]	requested
G5_pfba	R871	0.0	m1007[C_va] + m1067[C_va] --> m10[C_cy] + m267[C_cy]	requested
G5_pfba	R876	0.01	m1007[C_va] + m1071[C_va] --> m10[C_cy] + m50[C_cy]	requested
G5_pfba	R2030	-0.01	m10[C_cy] + m272[C_cy] <=> m1007[C_va] + m1863[C_va]	requested
G5_pfba	R2035	0.0	m114[C_cy] <=> m1879[C_va]	requested
G5_pfba	R2040	0.0	m10[C_cy] + m765[C_cy] <=> m1007[C_va] + m1867[C_va]	requested
G5_pfba	xMAINTENANCE	7.8625	m141[C_cy] + m32[C_cy] --> m143[C_cy] + m35[C_cy]	requested
G5_pfba	R171	53.536834600599704	4.0 m10[C_cy] + m197[C_mi] + m58[C_mi] --> m26[C_mi] + 4.0 m28[C_mi] + m46[C_mi]	requested
G5_pfba	R1003	-0.00489	m1026[C_ex] <=> 	actual_material_boundary
G5_pfba	R1016	-8.689866286860799	m1031[C_ex] <=> 	actual_material_boundary
G5_pfba	R1030	14.885269464837352	m1176[C_ex] <=> 	actual_material_boundary
G5_pfba	R1070	-10.0	m511[C_ex] <=> 	actual_material_boundary
G5_pfba	R1202	-0.02586	m1064[C_ex] <=> 	actual_material_boundary
G5_pfba	R1204	-0.05414	m1068[C_ex] <=> 	actual_material_boundary
G5_pfba	R1215	-0.00859	m1075[C_ex] <=> 	actual_material_boundary
G5_pfba	R1217	-0.03434	m1077[C_ex] <=> 	actual_material_boundary
G5_pfba	R1220	-0.02466	m1082[C_ex] <=> 	actual_material_boundary
G5_pfba	R1222	-0.01207	m1083[C_ex] <=> 	actual_material_boundary
G5_pfba	R1223	-0.02727	m1084[C_ex] <=> 	actual_material_boundary
G5_pfba	R1231	-0.07562	m1087[C_ex] <=> 	actual_material_boundary
G5_pfba	R1232	-0.02205	m1088[C_ex] <=> 	actual_material_boundary
G5_pfba	R1233	-0.02486	m1090[C_ex] <=> 	actual_material_boundary
G5_pfba	R1234	-0.10765	m1091[C_ex] <=> 	actual_material_boundary
G5_pfba	R1263	-0.00010728836068504832	m1060[C_ex] <=> 	actual_material_boundary
G5_pfba	R1268	0.018968675774528196	m1095[C_ex] <=> 	actual_material_boundary
G5_pfba	R1287	-14.840580001659836	m1339[C_ex] <=> 	actual_material_boundary
G5_pfba	R1296	-0.10783031901714513	m215[C_ex] <=> 	actual_material_boundary
G5_pfba	R1333	-0.08501030976667527	m1113[C_ex] <=> 	actual_material_boundary
G5_pfba	R1354	-0.1964980771862853	m1117[C_ex] <=> 	actual_material_boundary
G5_pfba	R1364	-26.326844452822687	m214[C_ex] <=> 	actual_material_boundary
G5_pfba	R1373	1.4305126394948022	m1401[C_cy] --> 	actual_material_boundary
G5_pfba	DIAG_SUP_R2029	0.01	 --> m1862[C_va]	actual_material_boundary
G6_pfba	R2021	0.0	m1384[C_va] + m1871[C_va] --> m1067[C_va] + m1863[C_va]	requested
G6_pfba	R2029	0.0	m1384[C_va] + m1862[C_va] --> m1071[C_va] + m1863[C_va]	requested
G6_pfba	R2034	0.01	m1384[C_va] + m1878[C_va] --> m1863[C_va] + m1879[C_va]	requested
G6_pfba	R2039	0.0	m1384[C_va] + m1866[C_va] --> m1863[C_va] + m1867[C_va]	requested
G6_pfba	R1363	0.01	m32[C_cy] --> m1384[C_va]	requested
G6_pfba	R795	0.005	2.0 m10[C_cy] + m141[C_cy] + m32[C_cy] --> 2.0 m1007[C_va] + m143[C_cy] + m35[C_cy]	requested
G6_pfba	R871	0.0	m1007[C_va] + m1067[C_va] --> m10[C_cy] + m267[C_cy]	requested
G6_pfba	R876	0.0	m1007[C_va] + m1071[C_va] --> m10[C_cy] + m50[C_cy]	requested
G6_pfba	R2030	-0.01	m10[C_cy] + m272[C_cy] <=> m1007[C_va] + m1863[C_va]	requested
G6_pfba	R2035	-0.01	m114[C_cy] <=> m1879[C_va]	requested
G6_pfba	R2040	0.0	m10[C_cy] + m765[C_cy] <=> m1007[C_va] + m1867[C_va]	requested
G6_pfba	xMAINTENANCE	7.8625	m141[C_cy] + m32[C_cy] --> m143[C_cy] + m35[C_cy]	requested
G6_pfba	R171	53.53120332135037	4.0 m10[C_cy] + m197[C_mi] + m58[C_mi] --> m26[C_mi] + 4.0 m28[C_mi] + m46[C_mi]	requested
G6_pfba	R1003	-0.00489	m1026[C_ex] <=> 	actual_material_boundary
G6_pfba	R1016	-8.687684929287293	m1031[C_ex] <=> 	actual_material_boundary
G6_pfba	R1030	14.876438064448637	m1176[C_ex] <=> 	actual_material_boundary
G6_pfba	R1070	-10.0	m511[C_ex] <=> 	actual_material_boundary
G6_pfba	R1202	-0.02586	m1064[C_ex] <=> 	actual_material_boundary
G6_pfba	R1204	-0.05414	m1068[C_ex] <=> 	actual_material_boundary
G6_pfba	R1215	-0.00859	m1075[C_ex] <=> 	actual_material_boundary
G6_pfba	R1217	-0.03434	m1077[C_ex] <=> 	actual_material_boundary
G6_pfba	R1220	-0.02466	m1082[C_ex] <=> 	actual_material_boundary
G6_pfba	R1222	-0.01207	m1083[C_ex] <=> 	actual_material_boundary
G6_pfba	R1223	-0.02727	m1084[C_ex] <=> 	actual_material_boundary
G6_pfba	R1231	-0.07562	m1087[C_ex] <=> 	actual_material_boundary
G6_pfba	R1232	-0.02205	m1088[C_ex] <=> 	actual_material_boundary
G6_pfba	R1233	-0.02486	m1090[C_ex] <=> 	actual_material_boundary
G6_pfba	R1234	-0.10765	m1091[C_ex] <=> 	actual_material_boundary
G6_pfba	R1263	-0.00010726320314537012	m1060[C_ex] <=> 	actual_material_boundary
G6_pfba	R1268	0.018969400786002722	m1095[C_ex] <=> 	actual_material_boundary
G6_pfba	R1287	-14.83680096541818	m1339[C_ex] <=> 	actual_material_boundary
G6_pfba	R1296	-0.10780494738686505	m215[C_ex] <=> 	actual_material_boundary
G6_pfba	R1333	-0.08498746752957814	m1113[C_ex] <=> 	actual_material_boundary
G6_pfba	R1354	-0.19645184272659896	m1117[C_ex] <=> 	actual_material_boundary
G6_pfba	R1364	-26.31621329038539	m214[C_ex] <=> 	actual_material_boundary
G6_pfba	R1373	1.4301760510665174	m1401[C_cy] --> 	actual_material_boundary
G6_pfba	DIAG_SUP_R2034	0.01	 --> m1878[C_va]	actual_material_boundary
G7_pfba	R2021	0.0	m1384[C_va] + m1871[C_va] --> m1067[C_va] + m1863[C_va]	requested
G7_pfba	R2029	0.0	m1384[C_va] + m1862[C_va] --> m1071[C_va] + m1863[C_va]	requested
G7_pfba	R2034	0.0	m1384[C_va] + m1878[C_va] --> m1863[C_va] + m1879[C_va]	requested
G7_pfba	R2039	0.01	m1384[C_va] + m1866[C_va] --> m1863[C_va] + m1867[C_va]	requested
G7_pfba	R1363	0.01	m32[C_cy] --> m1384[C_va]	requested
G7_pfba	R795	0.01	2.0 m10[C_cy] + m141[C_cy] + m32[C_cy] --> 2.0 m1007[C_va] + m143[C_cy] + m35[C_cy]	requested
G7_pfba	R871	0.0	m1007[C_va] + m1067[C_va] --> m10[C_cy] + m267[C_cy]	requested
G7_pfba	R876	0.0	m1007[C_va] + m1071[C_va] --> m10[C_cy] + m50[C_cy]	requested
G7_pfba	R2030	-0.01	m10[C_cy] + m272[C_cy] <=> m1007[C_va] + m1863[C_va]	requested
G7_pfba	R2035	0.0	m114[C_cy] <=> m1879[C_va]	requested
G7_pfba	R2040	-0.01	m10[C_cy] + m765[C_cy] <=> m1007[C_va] + m1867[C_va]	requested
G7_pfba	xMAINTENANCE	7.8625	m141[C_cy] + m32[C_cy] --> m143[C_cy] + m35[C_cy]	requested
G7_pfba	R171	53.54390876273455	4.0 m10[C_cy] + m197[C_mi] + m58[C_mi] --> m26[C_mi] + 4.0 m28[C_mi] + m46[C_mi]	requested
G7_pfba	R1003	-0.00489	m1026[C_ex] <=> 	actual_material_boundary
G7_pfba	R1016	-8.691671548301315	m1031[C_ex] <=> 	actual_material_boundary
G7_pfba	R1030	14.876026485847971	m1176[C_ex] <=> 	actual_material_boundary
G7_pfba	R1070	-10.0	m511[C_ex] <=> 	actual_material_boundary
G7_pfba	R1202	-0.02586	m1064[C_ex] <=> 	actual_material_boundary
G7_pfba	R1204	-0.05414	m1068[C_ex] <=> 	actual_material_boundary
G7_pfba	R1215	-0.00859	m1075[C_ex] <=> 	actual_material_boundary
G7_pfba	R1217	-0.03434	m1077[C_ex] <=> 	actual_material_boundary
G7_pfba	R1220	-0.02466	m1082[C_ex] <=> 	actual_material_boundary
G7_pfba	R1222	-0.01207	m1083[C_ex] <=> 	actual_material_boundary
G7_pfba	R1223	-0.02727	m1084[C_ex] <=> 	actual_material_boundary
G7_pfba	R1231	-0.07562	m1087[C_ex] <=> 	actual_material_boundary
G7_pfba	R1232	-0.02205	m1088[C_ex] <=> 	actual_material_boundary
G7_pfba	R1233	-0.02486	m1090[C_ex] <=> 	actual_material_boundary
G7_pfba	R1234	-0.10765	m1091[C_ex] <=> 	actual_material_boundary
G7_pfba	R1263	-0.00010730933984179347	m1060[C_ex] <=> 	actual_material_boundary
G7_pfba	R1268	0.018968075765032035	m1095[C_ex] <=> 	actual_material_boundary
G7_pfba	R1287	-14.841293686824793	m1339[C_ex] <=> 	actual_material_boundary
G7_pfba	R1296	-0.10785131624677613	m215[C_ex] <=> 	actual_material_boundary
G7_pfba	R1333	-0.08502921368703151	m1113[C_ex] <=> 	actual_material_boundary
G7_pfba	R1354	-0.1965363401874045	m1117[C_ex] <=> 	actual_material_boundary
G7_pfba	R1364	-26.343918518110375	m214[C_ex] <=> 	actual_material_boundary
G7_pfba	R1373	1.430791195435452	m1401[C_cy] --> 	actual_material_boundary
G7_pfba	DIAG_SUP_R2039	0.01	 --> m1866[C_va]	actual_material_boundary
G8_pfba	R2021	0.0	m1384[C_va] + m1871[C_va] --> m1067[C_va] + m1863[C_va]	requested
G8_pfba	R2029	0.0	m1384[C_va] + m1862[C_va] --> m1071[C_va] + m1863[C_va]	requested
G8_pfba	R2034	0.0	m1384[C_va] + m1878[C_va] --> m1863[C_va] + m1879[C_va]	requested
G8_pfba	R2039	0.0	m1384[C_va] + m1866[C_va] --> m1863[C_va] + m1867[C_va]	requested
G8_pfba	R1363	0.0	m32[C_cy] --> m1384[C_va]	requested
G8_pfba	R795	0.0	2.0 m10[C_cy] + m141[C_cy] + m32[C_cy] --> 2.0 m1007[C_va] + m143[C_cy] + m35[C_cy]	requested
G8_pfba	R871	0.0	m1007[C_va] + m1067[C_va] --> m10[C_cy] + m267[C_cy]	requested
G8_pfba	R876	0.0	m1007[C_va] + m1071[C_va] --> m10[C_cy] + m50[C_cy]	requested
G8_pfba	R2030	0.0	m10[C_cy] + m272[C_cy] <=> m1007[C_va] + m1863[C_va]	requested
G8_pfba	R2035	0.0	m114[C_cy] <=> m1879[C_va]	requested
G8_pfba	R2040	0.0	m10[C_cy] + m765[C_cy] <=> m1007[C_va] + m1867[C_va]	requested
G8_pfba	xMAINTENANCE	7.8625	m141[C_cy] + m32[C_cy] --> m143[C_cy] + m35[C_cy]	requested
G8_pfba	R171	53.48502090703185	4.0 m10[C_cy] + m197[C_mi] + m58[C_mi] --> m26[C_mi] + 4.0 m28[C_mi] + m46[C_mi]	requested
G8_pfba	R1003	-0.00489	m1026[C_ex] <=> 	actual_material_boundary
G8_pfba	R1016	-8.701216075792455	m1031[C_ex] <=> 	actual_material_boundary
G8_pfba	R1030	14.859558739159997	m1176[C_ex] <=> 	actual_material_boundary
G8_pfba	R1070	-10.0	m511[C_ex] <=> 	actual_material_boundary
G8_pfba	R1202	-0.02586	m1064[C_ex] <=> 	actual_material_boundary
G8_pfba	R1204	-0.05414	m1068[C_ex] <=> 	actual_material_boundary
G8_pfba	R1215	-0.00859	m1075[C_ex] <=> 	actual_material_boundary
G8_pfba	R1217	-0.03434	m1077[C_ex] <=> 	actual_material_boundary
G8_pfba	R1220	-0.02466	m1082[C_ex] <=> 	actual_material_boundary
G8_pfba	R1222	-0.01207	m1083[C_ex] <=> 	actual_material_boundary
G8_pfba	R1223	-0.02727	m1084[C_ex] <=> 	actual_material_boundary
G8_pfba	R1231	-0.07562	m1087[C_ex] <=> 	actual_material_boundary
G8_pfba	R1232	-0.02205	m1088[C_ex] <=> 	actual_material_boundary
G8_pfba	R1233	-0.02486	m1090[C_ex] <=> 	actual_material_boundary
G8_pfba	R1234	-0.10765	m1091[C_ex] <=> 	actual_material_boundary
G8_pfba	R1263	-0.00010718834208335581	m1060[C_ex] <=> 	actual_material_boundary
G8_pfba	R1268	0.018971550820030627	m1095[C_ex] <=> 	actual_material_boundary
G8_pfba	R1287	-14.82507692690999	m1339[C_ex] <=> 	actual_material_boundary
G8_pfba	R1296	-0.10772970739655344	m215[C_ex] <=> 	actual_material_boundary
G8_pfba	R1333	-0.08491972848163491	m1113[C_ex] <=> 	actual_material_boundary
G8_pfba	R1354	-0.19631473363925397	m1117[C_ex] <=> 	actual_material_boundary
G8_pfba	R1364	-26.275031222707305	m214[C_ex] <=> 	actual_material_boundary
G8_pfba	R1373	1.4291778922791891	m1401[C_cy] --> 	actual_material_boundary
G8_pfba	DIAG_SUP_R2021	0.0	 --> m1871[C_va]	actual_material_boundary
G8_pfba	DIAG_SUP_R2029	0.0	 --> m1862[C_va]	actual_material_boundary
G8_pfba	DIAG_SUP_R2034	0.0	 --> m1878[C_va]	actual_material_boundary
G8_pfba	DIAG_SUP_R2039	0.0	 --> m1866[C_va]	actual_material_boundary
G9_pfba	R2021	0.0	m1384[C_va] + m1871[C_va] --> m1067[C_va] + m1863[C_va]	requested
G9_pfba	R2029	0.0	m1384[C_va] + m1862[C_va] --> m1071[C_va] + m1863[C_va]	requested
G9_pfba	R2034	0.0	m1384[C_va] + m1878[C_va] --> m1863[C_va] + m1879[C_va]	requested
G9_pfba	R2039	0.0	m1384[C_va] + m1866[C_va] --> m1863[C_va] + m1867[C_va]	requested
G9_pfba	R1363	0.0	m32[C_cy] --> m1384[C_va]	requested
G9_pfba	R795	0.0	2.0 m10[C_cy] + m141[C_cy] + m32[C_cy] --> 2.0 m1007[C_va] + m143[C_cy] + m35[C_cy]	requested
G9_pfba	R871	0.0	m1007[C_va] + m1067[C_va] --> m10[C_cy] + m267[C_cy]	requested
G9_pfba	R876	0.0	m1007[C_va] + m1071[C_va] --> m10[C_cy] + m50[C_cy]	requested
G9_pfba	R2030	0.0	m10[C_cy] + m272[C_cy] <=> m1007[C_va] + m1863[C_va]	requested
G9_pfba	R2035	0.0	m114[C_cy] <=> m1879[C_va]	requested
G9_pfba	R2040	0.0	m10[C_cy] + m765[C_cy] <=> m1007[C_va] + m1867[C_va]	requested
G9_pfba	xMAINTENANCE	7.8625	m141[C_cy] + m32[C_cy] --> m143[C_cy] + m35[C_cy]	requested
G9_pfba	R171	53.485020907031874	4.0 m10[C_cy] + m197[C_mi] + m58[C_mi] --> m26[C_mi] + 4.0 m28[C_mi] + m46[C_mi]	requested
G9_pfba	R1003	-0.00489	m1026[C_ex] <=> 	actual_material_boundary
G9_pfba	R1016	-8.701216075792505	m1031[C_ex] <=> 	actual_material_boundary
G9_pfba	R1030	14.85955873915997	m1176[C_ex] <=> 	actual_material_boundary
G9_pfba	R1070	-10.0	m511[C_ex] <=> 	actual_material_boundary
G9_pfba	R1202	-0.02586	m1064[C_ex] <=> 	actual_material_boundary
G9_pfba	R1204	-0.05414	m1068[C_ex] <=> 	actual_material_boundary
G9_pfba	R1215	-0.00859	m1075[C_ex] <=> 	actual_material_boundary
G9_pfba	R1217	-0.03434	m1077[C_ex] <=> 	actual_material_boundary
G9_pfba	R1220	-0.02466	m1082[C_ex] <=> 	actual_material_boundary
G9_pfba	R1222	-0.01207	m1083[C_ex] <=> 	actual_material_boundary
G9_pfba	R1223	-0.02727	m1084[C_ex] <=> 	actual_material_boundary
G9_pfba	R1231	-0.07562	m1087[C_ex] <=> 	actual_material_boundary
G9_pfba	R1232	-0.02205	m1088[C_ex] <=> 	actual_material_boundary
G9_pfba	R1233	-0.02486	m1090[C_ex] <=> 	actual_material_boundary
G9_pfba	R1234	-0.10765	m1091[C_ex] <=> 	actual_material_boundary
G9_pfba	R1263	-0.00010718834205455897	m1060[C_ex] <=> 	actual_material_boundary
G9_pfba	R1268	0.018971550820030637	m1095[C_ex] <=> 	actual_material_boundary
G9_pfba	R1287	-14.825076926910002	m1339[C_ex] <=> 	actual_material_boundary
G9_pfba	R1296	-0.10772970739353016	m215[C_ex] <=> 	actual_material_boundary
G9_pfba	R1333	-0.0849197284816346	m1113[C_ex] <=> 	actual_material_boundary
G9_pfba	R1354	-0.19631473363925372	m1117[C_ex] <=> 	actual_material_boundary
G9_pfba	R1364	-26.275031222710222	m214[C_ex] <=> 	actual_material_boundary
G9_pfba	R1373	1.429177892279185	m1401[C_cy] --> 	actual_material_boundary
G9_pfba	DIAG_SUP_R2021	0.0	 --> m1871[C_va]	actual_material_boundary
G9_pfba	DIAG_SUP_R2029	0.0	 --> m1862[C_va]	actual_material_boundary
G9_pfba	DIAG_SUP_R2034	0.0	 --> m1878[C_va]	actual_material_boundary
G9_pfba	DIAG_SUP_R2039	0.0	 --> m1866[C_va]	actual_material_boundary
G10_pfba	R2021	0.0	m1384[C_va] + m1871[C_va] --> m1067[C_va] + m1863[C_va]	requested
G10_pfba	R2029	0.01	m1384[C_va] + m1862[C_va] --> m1071[C_va] + m1863[C_va]	requested
G10_pfba	R2034	0.01	m1384[C_va] + m1878[C_va] --> m1863[C_va] + m1879[C_va]	requested
G10_pfba	R2039	0.01	m1384[C_va] + m1866[C_va] --> m1863[C_va] + m1867[C_va]	requested
G10_pfba	R1363	0.03	m32[C_cy] --> m1384[C_va]	requested
G10_pfba	R795	0.025	2.0 m10[C_cy] + m141[C_cy] + m32[C_cy] --> 2.0 m1007[C_va] + m143[C_cy] + m35[C_cy]	requested
G10_pfba	R871	0.0	m1007[C_va] + m1067[C_va] --> m10[C_cy] + m267[C_cy]	requested
G10_pfba	R876	0.01	m1007[C_va] + m1071[C_va] --> m10[C_cy] + m50[C_cy]	requested
G10_pfba	R2030	-0.03	m10[C_cy] + m272[C_cy] <=> m1007[C_va] + m1863[C_va]	requested
G10_pfba	R2035	-0.01	m114[C_cy] <=> m1879[C_va]	requested
G10_pfba	R2040	-0.01	m10[C_cy] + m765[C_cy] <=> m1007[C_va] + m1867[C_va]	requested
G10_pfba	xMAINTENANCE	7.8625	m141[C_cy] + m32[C_cy] --> m143[C_cy] + m35[C_cy]	requested
G10_pfba	R171	53.641904870620515	4.0 m10[C_cy] + m197[C_mi] + m58[C_mi] --> m26[C_mi] + 4.0 m28[C_mi] + m46[C_mi]	requested
G10_pfba	R1003	-0.00489	m1026[C_ex] <=> 	actual_material_boundary
G10_pfba	R1016	-8.666790612864569	m1031[C_ex] <=> 	actual_material_boundary
G10_pfba	R1030	14.91861653681384	m1176[C_ex] <=> 	actual_material_boundary
G10_pfba	R1070	-10.0	m511[C_ex] <=> 	actual_material_boundary
G10_pfba	R1202	-0.02586	m1064[C_ex] <=> 	actual_material_boundary
G10_pfba	R1204	-0.05414	m1068[C_ex] <=> 	actual_material_boundary
G10_pfba	R1215	-0.00859	m1075[C_ex] <=> 	actual_material_boundary
G10_pfba	R1217	-0.03434	m1077[C_ex] <=> 	actual_material_boundary
G10_pfba	R1220	-0.02466	m1082[C_ex] <=> 	actual_material_boundary
G10_pfba	R1222	-0.01207	m1083[C_ex] <=> 	actual_material_boundary
G10_pfba	R1223	-0.02727	m1084[C_ex] <=> 	actual_material_boundary
G10_pfba	R1231	-0.07562	m1087[C_ex] <=> 	actual_material_boundary
G10_pfba	R1232	-0.02205	m1088[C_ex] <=> 	actual_material_boundary
G10_pfba	R1233	-0.02486	m1090[C_ex] <=> 	actual_material_boundary
G10_pfba	R1234	-0.10765	m1091[C_ex] <=> 	actual_material_boundary
G10_pfba	R1263	-0.00010748430734466353	m1060[C_ex] <=> 	actual_material_boundary
G10_pfba	R1268	0.0189630506855017	m1095[C_ex] <=> 	actual_material_boundary
G10_pfba	R1287	-14.86852080008273	m1339[C_ex] <=> 	actual_material_boundary
G10_pfba	R1296	-0.10802716787169842	m215[C_ex] <=> 	actual_material_boundary
G10_pfba	R1333	-0.08518753402001523	m1113[C_ex] <=> 	actual_material_boundary
G10_pfba	R1354	-0.1968567928217803	m1117[C_ex] <=> 	actual_material_boundary
G10_pfba	R1364	-26.436913815801564	m214[C_ex] <=> 	actual_material_boundary
G10_pfba	R1373	1.433124101438394	m1401[C_cy] --> 	actual_material_boundary
G10_pfba	DIAG_SUP_R2021	0.0	 --> m1871[C_va]	actual_material_boundary
G10_pfba	DIAG_SUP_R2029	0.01	 --> m1862[C_va]	actual_material_boundary
G10_pfba	DIAG_SUP_R2034	0.01	 --> m1878[C_va]	actual_material_boundary
G10_pfba	DIAG_SUP_R2039	0.01	 --> m1866[C_va]	actual_material_boundary
G11_pfba	R2021	0.01	m1384[C_va] + m1871[C_va] --> m1067[C_va] + m1863[C_va]	requested
G11_pfba	R2029	0.0	m1384[C_va] + m1862[C_va] --> m1071[C_va] + m1863[C_va]	requested
G11_pfba	R2034	0.01	m1384[C_va] + m1878[C_va] --> m1863[C_va] + m1879[C_va]	requested
G11_pfba	R2039	0.01	m1384[C_va] + m1866[C_va] --> m1863[C_va] + m1867[C_va]	requested
G11_pfba	R1363	0.03	m32[C_cy] --> m1384[C_va]	requested
G11_pfba	R795	0.025	2.0 m10[C_cy] + m141[C_cy] + m32[C_cy] --> 2.0 m1007[C_va] + m143[C_cy] + m35[C_cy]	requested
G11_pfba	R871	0.01	m1007[C_va] + m1067[C_va] --> m10[C_cy] + m267[C_cy]	requested
G11_pfba	R876	0.0	m1007[C_va] + m1071[C_va] --> m10[C_cy] + m50[C_cy]	requested
G11_pfba	R2030	-0.03	m10[C_cy] + m272[C_cy] <=> m1007[C_va] + m1863[C_va]	requested
G11_pfba	R2035	-0.01	m114[C_cy] <=> m1879[C_va]	requested
G11_pfba	R2040	-0.01	m10[C_cy] + m765[C_cy] <=> m1007[C_va] + m1867[C_va]	requested
G11_pfba	xMAINTENANCE	7.8625	m141[C_cy] + m32[C_cy] --> m143[C_cy] + m35[C_cy]	requested
G11_pfba	R171	53.63234072650647	4.0 m10[C_cy] + m197[C_mi] + m58[C_mi] --> m26[C_mi] + 4.0 m28[C_mi] + m46[C_mi]	requested
G11_pfba	R1003	-0.00489	m1026[C_ex] <=> 	actual_material_boundary
G11_pfba	R1016	-8.664722084130789	m1031[C_ex] <=> 	actual_material_boundary
G11_pfba	R1030	14.919207450238854	m1176[C_ex] <=> 	actual_material_boundary
G11_pfba	R1070	-10.0	m511[C_ex] <=> 	actual_material_boundary
G11_pfba	R1202	-0.02586	m1064[C_ex] <=> 	actual_material_boundary
G11_pfba	R1204	-0.05414	m1068[C_ex] <=> 	actual_material_boundary
G11_pfba	R1215	-0.00859	m1075[C_ex] <=> 	actual_material_boundary
G11_pfba	R1217	-0.03434	m1077[C_ex] <=> 	actual_material_boundary
G11_pfba	R1220	-0.02466	m1082[C_ex] <=> 	actual_material_boundary
G11_pfba	R1222	-0.01207	m1083[C_ex] <=> 	actual_material_boundary
G11_pfba	R1223	-0.02727	m1084[C_ex] <=> 	actual_material_boundary
G11_pfba	R1231	-0.07562	m1087[C_ex] <=> 	actual_material_boundary
G11_pfba	R1232	-0.02205	m1088[C_ex] <=> 	actual_material_boundary
G11_pfba	R1233	-0.02486	m1090[C_ex] <=> 	actual_material_boundary
G11_pfba	R1234	-0.10765	m1091[C_ex] <=> 	actual_material_boundary
G11_pfba	R1263	-0.00010746036882153579	m1060[C_ex] <=> 	actual_material_boundary
G11_pfba	R1268	0.01896373819638271	m1095[C_ex] <=> 	actual_material_boundary
G11_pfba	R1287	-14.864161369164293	m1339[C_ex] <=> 	actual_material_boundary
G11_pfba	R1296	-0.10800310852877605	m215[C_ex] <=> 	actual_material_boundary
G11_pfba	R1333	-0.08516587327794048	m1113[C_ex] <=> 	actual_material_boundary
G11_pfba	R1354	-0.19681294979966468	m1117[C_ex] <=> 	actual_material_boundary
G11_pfba	R1364	-26.427349782576833	m214[C_ex] <=> 	actual_material_boundary
G11_pfba	R1373	1.4328049227564021	m1401[C_cy] --> 	actual_material_boundary
G11_pfba	DIAG_SUP_R2021	0.01	 --> m1871[C_va]	actual_material_boundary
G11_pfba	DIAG_SUP_R2029	0.0	 --> m1862[C_va]	actual_material_boundary
G11_pfba	DIAG_SUP_R2034	0.01	 --> m1878[C_va]	actual_material_boundary
G11_pfba	DIAG_SUP_R2039	0.01	 --> m1866[C_va]	actual_material_boundary
G3_eps_0.0001_growth	R2021	0.0001	m1384[C_va] + m1871[C_va] --> m1067[C_va] + m1863[C_va]	requested
G3_eps_0.0001_growth	R2029	0.0001	m1384[C_va] + m1862[C_va] --> m1071[C_va] + m1863[C_va]	requested
G3_eps_0.0001_growth	R2034	0.0001	m1384[C_va] + m1878[C_va] --> m1863[C_va] + m1879[C_va]	requested
G3_eps_0.0001_growth	R2039	0.0001	m1384[C_va] + m1866[C_va] --> m1863[C_va] + m1867[C_va]	requested
G3_eps_0.0001_growth	R1363	0.0004	m32[C_cy] --> m1384[C_va]	requested
G3_eps_0.0001_growth	R795	0.00035000000000000005	2.0 m10[C_cy] + m141[C_cy] + m32[C_cy] --> 2.0 m1007[C_va] + m143[C_cy] + m35[C_cy]	requested
G3_eps_0.0001_growth	R871	0.0001	m1007[C_va] + m1067[C_va] --> m10[C_cy] + m267[C_cy]	requested
G3_eps_0.0001_growth	R876	0.0001	m1007[C_va] + m1071[C_va] --> m10[C_cy] + m50[C_cy]	requested
G3_eps_0.0001_growth	R2030	-0.0004	m10[C_cy] + m272[C_cy] <=> m1007[C_va] + m1863[C_va]	requested
G3_eps_0.0001_growth	R2035	-0.0001	m114[C_cy] <=> m1879[C_va]	requested
G3_eps_0.0001_growth	R2040	-0.0001	m10[C_cy] + m765[C_cy] <=> m1007[C_va] + m1867[C_va]	requested
G3_eps_0.0001_growth	xMAINTENANCE	7.8625	m141[C_cy] + m32[C_cy] --> m143[C_cy] + m35[C_cy]	requested
G3_eps_0.0001_growth	R171	53.48701224216209	4.0 m10[C_cy] + m197[C_mi] + m58[C_mi] --> m26[C_mi] + 4.0 m28[C_mi] + m46[C_mi]	requested
G3_eps_0.0001_growth	R1003	-0.00489	m1026[C_ex] <=> 	actual_material_boundary
G3_eps_0.0001_growth	R1016	-8.70073763798654	m1031[C_ex] <=> 	actual_material_boundary
G3_eps_0.0001_growth	R1030	14.860412333527487	m1176[C_ex] <=> 	actual_material_boundary
G3_eps_0.0001_growth	R1070	-10.0	m511[C_ex] <=> 	actual_material_boundary
G3_eps_0.0001_growth	R1164	81.96050332232514	m342[C_ex] <=> 	actual_material_boundary
G3_eps_0.0001_growth	R1202	-0.02586	m1064[C_ex] <=> 	actual_material_boundary
G3_eps_0.0001_growth	R1204	-0.05414	m1068[C_ex] <=> 	actual_material_boundary
G3_eps_0.0001_growth	R1215	-0.00859	m1075[C_ex] <=> 	actual_material_boundary
G3_eps_0.0001_growth	R1217	-0.03434	m1077[C_ex] <=> 	actual_material_boundary
G3_eps_0.0001_growth	R1220	-0.02466	m1082[C_ex] <=> 	actual_material_boundary
G3_eps_0.0001_growth	R1222	-0.01207	m1083[C_ex] <=> 	actual_material_boundary
G3_eps_0.0001_growth	R1223	-0.02727	m1084[C_ex] <=> 	actual_material_boundary
G3_eps_0.0001_growth	R1231	-0.07562	m1087[C_ex] <=> 	actual_material_boundary
G3_eps_0.0001_growth	R1232	-0.02205	m1088[C_ex] <=> 	actual_material_boundary
G3_eps_0.0001_growth	R1233	-0.02486	m1090[C_ex] <=> 	actual_material_boundary
G3_eps_0.0001_growth	R1234	-0.10765	m1091[C_ex] <=> 	actual_material_boundary
G3_eps_0.0001_growth	R1263	-0.00010719206325420881	m1060[C_ex] <=> 	actual_material_boundary
G3_eps_0.0001_growth	R1268	0.018971443943339123	m1095[C_ex] <=> 	actual_material_boundary
G3_eps_0.0001_growth	R1287	-14.825622802079975	m1339[C_ex] <=> 	actual_material_boundary
G3_eps_0.0001_growth	R1296	-0.10773344750832337	m215[C_ex] <=> 	actual_material_boundary
G3_eps_0.0001_growth	R1333	-0.08492309574244837	m1113[C_ex] <=> 	actual_material_boundary
G3_eps_0.0001_growth	R1354	-0.19632154923632864	m1117[C_ex] <=> 	actual_material_boundary
G3_eps_0.0001_growth	R1364	-26.27707254062209	m214[C_ex] <=> 	actual_material_boundary
G3_eps_0.0001_growth	R1373	1.4292275100561176	m1401[C_cy] --> 	actual_material_boundary
G3_eps_0.0001_growth	DIAG_SUP_R2021	0.0001	 --> m1871[C_va]	actual_material_boundary
G3_eps_0.0001_growth	DIAG_SUP_R2029	0.0001	 --> m1862[C_va]	actual_material_boundary
G3_eps_0.0001_growth	DIAG_SUP_R2034	0.0001	 --> m1878[C_va]	actual_material_boundary
G3_eps_0.0001_growth	DIAG_SUP_R2039	0.0001	 --> m1866[C_va]	actual_material_boundary
G3_eps_0.0001_pfba	R2021	0.0001	m1384[C_va] + m1871[C_va] --> m1067[C_va] + m1863[C_va]	requested
G3_eps_0.0001_pfba	R2029	0.0001	m1384[C_va] + m1862[C_va] --> m1071[C_va] + m1863[C_va]	requested
G3_eps_0.0001_pfba	R2034	0.0001	m1384[C_va] + m1878[C_va] --> m1863[C_va] + m1879[C_va]	requested
G3_eps_0.0001_pfba	R2039	0.0001	m1384[C_va] + m1866[C_va] --> m1863[C_va] + m1867[C_va]	requested
G3_eps_0.0001_pfba	R1363	0.0004	m32[C_cy] --> m1384[C_va]	requested
G3_eps_0.0001_pfba	R795	0.00035000000000000005	2.0 m10[C_cy] + m141[C_cy] + m32[C_cy] --> 2.0 m1007[C_va] + m143[C_cy] + m35[C_cy]	requested
G3_eps_0.0001_pfba	R871	0.0001	m1007[C_va] + m1067[C_va] --> m10[C_cy] + m267[C_cy]	requested
G3_eps_0.0001_pfba	R876	0.0001	m1007[C_va] + m1071[C_va] --> m10[C_cy] + m50[C_cy]	requested
G3_eps_0.0001_pfba	R2030	-0.0004	m10[C_cy] + m272[C_cy] <=> m1007[C_va] + m1863[C_va]	requested
G3_eps_0.0001_pfba	R2035	-0.0001	m114[C_cy] <=> m1879[C_va]	requested
G3_eps_0.0001_pfba	R2040	-0.0001	m10[C_cy] + m765[C_cy] <=> m1007[C_va] + m1867[C_va]	requested
G3_eps_0.0001_pfba	xMAINTENANCE	7.8625	m141[C_cy] + m32[C_cy] --> m143[C_cy] + m35[C_cy]	requested
G3_eps_0.0001_pfba	R171	53.487012242161995	4.0 m10[C_cy] + m197[C_mi] + m58[C_mi] --> m26[C_mi] + 4.0 m28[C_mi] + m46[C_mi]	requested
G3_eps_0.0001_pfba	R1003	-0.00489	m1026[C_ex] <=> 	actual_material_boundary
G3_eps_0.0001_pfba	R1016	-8.70073763798656	m1031[C_ex] <=> 	actual_material_boundary
G3_eps_0.0001_pfba	R1030	14.860412333527481	m1176[C_ex] <=> 	actual_material_boundary
G3_eps_0.0001_pfba	R1070	-10.0	m511[C_ex] <=> 	actual_material_boundary
G3_eps_0.0001_pfba	R1202	-0.02586	m1064[C_ex] <=> 	actual_material_boundary
G3_eps_0.0001_pfba	R1204	-0.05414	m1068[C_ex] <=> 	actual_material_boundary
G3_eps_0.0001_pfba	R1215	-0.00859	m1075[C_ex] <=> 	actual_material_boundary
G3_eps_0.0001_pfba	R1217	-0.03434	m1077[C_ex] <=> 	actual_material_boundary
G3_eps_0.0001_pfba	R1220	-0.02466	m1082[C_ex] <=> 	actual_material_boundary
G3_eps_0.0001_pfba	R1222	-0.01207	m1083[C_ex] <=> 	actual_material_boundary
G3_eps_0.0001_pfba	R1223	-0.02727	m1084[C_ex] <=> 	actual_material_boundary
G3_eps_0.0001_pfba	R1231	-0.07562	m1087[C_ex] <=> 	actual_material_boundary
G3_eps_0.0001_pfba	R1232	-0.02205	m1088[C_ex] <=> 	actual_material_boundary
G3_eps_0.0001_pfba	R1233	-0.02486	m1090[C_ex] <=> 	actual_material_boundary
G3_eps_0.0001_pfba	R1234	-0.10765	m1091[C_ex] <=> 	actual_material_boundary
G3_eps_0.0001_pfba	R1263	-0.00010719206319260023	m1060[C_ex] <=> 	actual_material_boundary
G3_eps_0.0001_pfba	R1268	0.018971443943339123	m1095[C_ex] <=> 	actual_material_boundary
G3_eps_0.0001_pfba	R1287	-14.825622802079977	m1339[C_ex] <=> 	actual_material_boundary
G3_eps_0.0001_pfba	R1296	-0.10773344750251694	m215[C_ex] <=> 	actual_material_boundary
G3_eps_0.0001_pfba	R1333	-0.08492309574244837	m1113[C_ex] <=> 	actual_material_boundary
G3_eps_0.0001_pfba	R1354	-0.19632154923632777	m1117[C_ex] <=> 	actual_material_boundary
G3_eps_0.0001_pfba	R1364	-26.277072540628104	m214[C_ex] <=> 	actual_material_boundary
G3_eps_0.0001_pfba	R1373	1.4292275100561176	m1401[C_cy] --> 	actual_material_boundary
G3_eps_0.0001_pfba	DIAG_SUP_R2021	0.0001	 --> m1871[C_va]	actual_material_boundary
G3_eps_0.0001_pfba	DIAG_SUP_R2029	0.0001	 --> m1862[C_va]	actual_material_boundary
G3_eps_0.0001_pfba	DIAG_SUP_R2034	0.0001	 --> m1878[C_va]	actual_material_boundary
G3_eps_0.0001_pfba	DIAG_SUP_R2039	0.0001	 --> m1866[C_va]	actual_material_boundary
G3_eps_0.001_growth	R2021	0.001	m1384[C_va] + m1871[C_va] --> m1067[C_va] + m1863[C_va]	requested
G3_eps_0.001_growth	R2029	0.001	m1384[C_va] + m1862[C_va] --> m1071[C_va] + m1863[C_va]	requested
G3_eps_0.001_growth	R2034	0.001	m1384[C_va] + m1878[C_va] --> m1863[C_va] + m1879[C_va]	requested
G3_eps_0.001_growth	R2039	0.001	m1384[C_va] + m1866[C_va] --> m1863[C_va] + m1867[C_va]	requested
G3_eps_0.001_growth	R1363	0.004	m32[C_cy] --> m1384[C_va]	requested
G3_eps_0.001_growth	R795	0.0035	2.0 m10[C_cy] + m141[C_cy] + m32[C_cy] --> 2.0 m1007[C_va] + m143[C_cy] + m35[C_cy]	requested
G3_eps_0.001_growth	R871	0.001	m1007[C_va] + m1067[C_va] --> m10[C_cy] + m267[C_cy]	requested
G3_eps_0.001_growth	R876	0.001	m1007[C_va] + m1071[C_va] --> m10[C_cy] + m50[C_cy]	requested
G3_eps_0.001_growth	R2030	-0.004	m10[C_cy] + m272[C_cy] <=> m1007[C_va] + m1863[C_va]	requested
G3_eps_0.001_growth	R2035	-0.001	m114[C_cy] <=> m1879[C_va]	requested
G3_eps_0.001_growth	R2040	-0.001	m10[C_cy] + m765[C_cy] <=> m1007[C_va] + m1867[C_va]	requested
G3_eps_0.001_growth	xMAINTENANCE	7.8625	m141[C_cy] + m32[C_cy] --> m143[C_cy] + m35[C_cy]	requested
G3_eps_0.001_growth	R171	53.504934258335894	4.0 m10[C_cy] + m197[C_mi] + m58[C_mi] --> m26[C_mi] + 4.0 m28[C_mi] + m46[C_mi]	requested
G3_eps_0.001_growth	R1003	-0.00489	m1026[C_ex] <=> 	actual_material_boundary
G3_eps_0.001_growth	R1016	-8.696431697733185	m1031[C_ex] <=> 	actual_material_boundary
G3_eps_0.001_growth	R1030	14.868094682835524	m1176[C_ex] <=> 	actual_material_boundary
G3_eps_0.001_growth	R1070	-10.0	m511[C_ex] <=> 	actual_material_boundary
G3_eps_0.001_growth	R1164	81.98317709074959	m342[C_ex] <=> 	actual_material_boundary
G3_eps_0.001_growth	R1202	-0.02586	m1064[C_ex] <=> 	actual_material_boundary
G3_eps_0.001_growth	R1204	-0.05414	m1068[C_ex] <=> 	actual_material_boundary
G3_eps_0.001_growth	R1215	-0.00859	m1075[C_ex] <=> 	actual_material_boundary
G3_eps_0.001_growth	R1217	-0.03434	m1077[C_ex] <=> 	actual_material_boundary
G3_eps_0.001_growth	R1220	-0.02466	m1082[C_ex] <=> 	actual_material_boundary
G3_eps_0.001_growth	R1222	-0.01207	m1083[C_ex] <=> 	actual_material_boundary
G3_eps_0.001_growth	R1223	-0.02727	m1084[C_ex] <=> 	actual_material_boundary
G3_eps_0.001_growth	R1231	-0.07562	m1087[C_ex] <=> 	actual_material_boundary
G3_eps_0.001_growth	R1232	-0.02205	m1088[C_ex] <=> 	actual_material_boundary
G3_eps_0.001_growth	R1233	-0.02486	m1090[C_ex] <=> 	actual_material_boundary
G3_eps_0.001_growth	R1234	-0.10765	m1091[C_ex] <=> 	actual_material_boundary
G3_eps_0.001_growth	R1263	-0.00010722555525363511	m1060[C_ex] <=> 	actual_material_boundary
G3_eps_0.001_growth	R1268	0.0189704820531156	m1095[C_ex] <=> 	actual_material_boundary
G3_eps_0.001_growth	R1287	-14.83053567861036	m1339[C_ex] <=> 	actual_material_boundary
G3_eps_0.001_growth	R1296	-0.10776710866284134	m215[C_ex] <=> 	actual_material_boundary
G3_eps_0.001_growth	R1333	-0.08495340108976926	m1113[C_ex] <=> 	actual_material_boundary
G3_eps_0.001_growth	R1354	-0.1963828896099973	m1117[C_ex] <=> 	actual_material_boundary
G3_eps_0.001_growth	R1364	-26.295444401705957	m214[C_ex] <=> 	actual_material_boundary
G3_eps_0.001_growth	R1373	1.4296740700484682	m1401[C_cy] --> 	actual_material_boundary
G3_eps_0.001_growth	DIAG_SUP_R2021	0.001	 --> m1871[C_va]	actual_material_boundary
G3_eps_0.001_growth	DIAG_SUP_R2029	0.001	 --> m1862[C_va]	actual_material_boundary
G3_eps_0.001_growth	DIAG_SUP_R2034	0.001	 --> m1878[C_va]	actual_material_boundary
G3_eps_0.001_growth	DIAG_SUP_R2039	0.001	 --> m1866[C_va]	actual_material_boundary
G3_eps_0.001_pfba	R2021	0.001	m1384[C_va] + m1871[C_va] --> m1067[C_va] + m1863[C_va]	requested
G3_eps_0.001_pfba	R2029	0.001	m1384[C_va] + m1862[C_va] --> m1071[C_va] + m1863[C_va]	requested
G3_eps_0.001_pfba	R2034	0.001	m1384[C_va] + m1878[C_va] --> m1863[C_va] + m1879[C_va]	requested
G3_eps_0.001_pfba	R2039	0.001	m1384[C_va] + m1866[C_va] --> m1863[C_va] + m1867[C_va]	requested
G3_eps_0.001_pfba	R1363	0.004	m32[C_cy] --> m1384[C_va]	requested
G3_eps_0.001_pfba	R795	0.0035	2.0 m10[C_cy] + m141[C_cy] + m32[C_cy] --> 2.0 m1007[C_va] + m143[C_cy] + m35[C_cy]	requested
G3_eps_0.001_pfba	R871	0.001	m1007[C_va] + m1067[C_va] --> m10[C_cy] + m267[C_cy]	requested
G3_eps_0.001_pfba	R876	0.001	m1007[C_va] + m1071[C_va] --> m10[C_cy] + m50[C_cy]	requested
G3_eps_0.001_pfba	R2030	-0.004	m10[C_cy] + m272[C_cy] <=> m1007[C_va] + m1863[C_va]	requested
G3_eps_0.001_pfba	R2035	-0.001	m114[C_cy] <=> m1879[C_va]	requested
G3_eps_0.001_pfba	R2040	-0.001	m10[C_cy] + m765[C_cy] <=> m1007[C_va] + m1867[C_va]	requested
G3_eps_0.001_pfba	xMAINTENANCE	7.8625	m141[C_cy] + m32[C_cy] --> m143[C_cy] + m35[C_cy]	requested
G3_eps_0.001_pfba	R171	53.50493425833707	4.0 m10[C_cy] + m197[C_mi] + m58[C_mi] --> m26[C_mi] + 4.0 m28[C_mi] + m46[C_mi]	requested
G3_eps_0.001_pfba	R1003	-0.00489	m1026[C_ex] <=> 	actual_material_boundary
G3_eps_0.001_pfba	R1016	-8.696431697733047	m1031[C_ex] <=> 	actual_material_boundary
G3_eps_0.001_pfba	R1030	14.868094682835848	m1176[C_ex] <=> 	actual_material_boundary
G3_eps_0.001_pfba	R1070	-10.0	m511[C_ex] <=> 	actual_material_boundary
G3_eps_0.001_pfba	R1202	-0.02586	m1064[C_ex] <=> 	actual_material_boundary
G3_eps_0.001_pfba	R1204	-0.05414	m1068[C_ex] <=> 	actual_material_boundary
G3_eps_0.001_pfba	R1215	-0.00859	m1075[C_ex] <=> 	actual_material_boundary
G3_eps_0.001_pfba	R1217	-0.03434	m1077[C_ex] <=> 	actual_material_boundary
G3_eps_0.001_pfba	R1220	-0.02466	m1082[C_ex] <=> 	actual_material_boundary
G3_eps_0.001_pfba	R1222	-0.01207	m1083[C_ex] <=> 	actual_material_boundary
G3_eps_0.001_pfba	R1223	-0.02727	m1084[C_ex] <=> 	actual_material_boundary
G3_eps_0.001_pfba	R1231	-0.07562	m1087[C_ex] <=> 	actual_material_boundary
G3_eps_0.001_pfba	R1232	-0.02205	m1088[C_ex] <=> 	actual_material_boundary
G3_eps_0.001_pfba	R1233	-0.02486	m1090[C_ex] <=> 	actual_material_boundary
G3_eps_0.001_pfba	R1234	-0.10765	m1091[C_ex] <=> 	actual_material_boundary
G3_eps_0.001_pfba	R1263	-0.00010722546825208453	m1060[C_ex] <=> 	actual_material_boundary
G3_eps_0.001_pfba	R1268	0.0189704820531156	m1095[C_ex] <=> 	actual_material_boundary
G3_eps_0.001_pfba	R1287	-14.830535678610612	m1339[C_ex] <=> 	actual_material_boundary
G3_eps_0.001_pfba	R1296	-0.10776710866259949	m215[C_ex] <=> 	actual_material_boundary
G3_eps_0.001_pfba	R1333	-0.08495340108976926	m1113[C_ex] <=> 	actual_material_boundary
G3_eps_0.001_pfba	R1354	-0.19638288960999795	m1117[C_ex] <=> 	actual_material_boundary
G3_eps_0.001_pfba	R1364	-26.295444401793095	m214[C_ex] <=> 	actual_material_boundary
G3_eps_0.001_pfba	R1373	1.4296740700484682	m1401[C_cy] --> 	actual_material_boundary
G3_eps_0.001_pfba	DIAG_SUP_R2021	0.001	 --> m1871[C_va]	actual_material_boundary
G3_eps_0.001_pfba	DIAG_SUP_R2029	0.001	 --> m1862[C_va]	actual_material_boundary
G3_eps_0.001_pfba	DIAG_SUP_R2034	0.001	 --> m1878[C_va]	actual_material_boundary
G3_eps_0.001_pfba	DIAG_SUP_R2039	0.001	 --> m1866[C_va]	actual_material_boundary
