witness	source	sequence_name	source_flux	formula	chemistry_status	nominal_C_input	nominal_N_input	evidence
G0_growth	DIAG_SUP_R2021	Gly-Asp	0		unverifiable_missing_formula	0	0	name-based nominal amino-acid composition, not validated model formula
G0_growth	DIAG_SUP_R2029	Gly-Glu	0		unverifiable_missing_formula	0	0	name-based nominal amino-acid composition, not validated model formula
G0_growth	DIAG_SUP_R2034	Ala-Gly	0		unverifiable_missing_formula	0	0	name-based nominal amino-acid composition, not validated model formula
G0_growth	DIAG_SUP_R2039	Gly-Pro	0		unverifiable_missing_formula	0	0	name-based nominal amino-acid composition, not validated model formula
G1_growth	DIAG_SUP_R2021	Gly-Asp	0		unverifiable_missing_formula	0	0	name-based nominal amino-acid composition, not validated model formula
G1_growth	DIAG_SUP_R2029	Gly-Glu	0		unverifiable_missing_formula	0	0	name-based nominal amino-acid composition, not validated model formula
G1_growth	DIAG_SUP_R2034	Ala-Gly	0		unverifiable_missing_formula	0	0	name-based nominal amino-acid composition, not validated model formula
G1_growth	DIAG_SUP_R2039	Gly-Pro	0		unverifiable_missing_formula	0	0	name-based nominal amino-acid composition, not validated model formula
G2_growth	DIAG_SUP_R2021	Gly-Asp	0.0		unverifiable_missing_formula	0.0	0.0	name-based nominal amino-acid composition, not validated model formula
G2_growth	DIAG_SUP_R2029	Gly-Glu	0.0		unverifiable_missing_formula	0.0	0.0	name-based nominal amino-acid composition, not validated model formula
G2_growth	DIAG_SUP_R2034	Ala-Gly	0.0		unverifiable_missing_formula	0.0	0.0	name-based nominal amino-acid composition, not validated model formula
G2_growth	DIAG_SUP_R2039	Gly-Pro	0.0		unverifiable_missing_formula	0.0	0.0	name-based nominal amino-acid composition, not validated model formula
G3_growth	DIAG_SUP_R2021	Gly-Asp	0.01		unverifiable_missing_formula	0.06	0.02	name-based nominal amino-acid composition, not validated model formula
G3_growth	DIAG_SUP_R2029	Gly-Glu	0.01		unverifiable_missing_formula	0.07	0.02	name-based nominal amino-acid composition, not validated model formula
G3_growth	DIAG_SUP_R2034	Ala-Gly	0.01		unverifiable_missing_formula	0.05	0.02	name-based nominal amino-acid composition, not validated model formula
G3_growth	DIAG_SUP_R2039	Gly-Pro	0.01		unverifiable_missing_formula	0.07	0.02	name-based nominal amino-acid composition, not validated model formula
G4_growth	DIAG_SUP_R2021	Gly-Asp	0.01		unverifiable_missing_formula	0.06	0.02	name-based nominal amino-acid composition, not validated model formula
G4_growth	DIAG_SUP_R2029	Gly-Glu	0		unverifiable_missing_formula	0	0	name-based nominal amino-acid composition, not validated model formula
G4_growth	DIAG_SUP_R2034	Ala-Gly	0		unverifiable_missing_formula	0	0	name-based nominal amino-acid composition, not validated model formula
G4_growth	DIAG_SUP_R2039	Gly-Pro	0		unverifiable_missing_formula	0	0	name-based nominal amino-acid composition, not validated model formula
G5_growth	DIAG_SUP_R2021	Gly-Asp	0		unverifiable_missing_formula	0	0	name-based nominal amino-acid composition, not validated model formula
G5_growth	DIAG_SUP_R2029	Gly-Glu	0.01		unverifiable_missing_formula	0.07	0.02	name-based nominal amino-acid composition, not validated model formula
G5_growth	DIAG_SUP_R2034	Ala-Gly	0		unverifiable_missing_formula	0	0	name-based nominal amino-acid composition, not validated model formula
G5_growth	DIAG_SUP_R2039	Gly-Pro	0		unverifiable_missing_formula	0	0	name-based nominal amino-acid composition, not validated model formula
G6_growth	DIAG_SUP_R2021	Gly-Asp	0		unverifiable_missing_formula	0	0	name-based nominal amino-acid composition, not validated model formula
G6_growth	DIAG_SUP_R2029	Gly-Glu	0		unverifiable_missing_formula	0	0	name-based nominal amino-acid composition, not validated model formula
G6_growth	DIAG_SUP_R2034	Ala-Gly	0.01		unverifiable_missing_formula	0.05	0.02	name-based nominal amino-acid composition, not validated model formula
G6_growth	DIAG_SUP_R2039	Gly-Pro	0		unverifiable_missing_formula	0	0	name-based nominal amino-acid composition, not validated model formula
G7_growth	DIAG_SUP_R2021	Gly-Asp	0		unverifiable_missing_formula	0	0	name-based nominal amino-acid composition, not validated model formula
G7_growth	DIAG_SUP_R2029	Gly-Glu	0		unverifiable_missing_formula	0	0	name-based nominal amino-acid composition, not validated model formula
G7_growth	DIAG_SUP_R2034	Ala-Gly	0		unverifiable_missing_formula	0	0	name-based nominal amino-acid composition, not validated model formula
G7_growth	DIAG_SUP_R2039	Gly-Pro	0.01		unverifiable_missing_formula	0.07	0.02	name-based nominal amino-acid composition, not validated model formula
G8_growth	DIAG_SUP_R2021	Gly-Asp	0.0		unverifiable_missing_formula	0.0	0.0	name-based nominal amino-acid composition, not validated model formula
G8_growth	DIAG_SUP_R2029	Gly-Glu	0.0		unverifiable_missing_formula	0.0	0.0	name-based nominal amino-acid composition, not validated model formula
G8_growth	DIAG_SUP_R2034	Ala-Gly	0.0		unverifiable_missing_formula	0.0	0.0	name-based nominal amino-acid composition, not validated model formula
G8_growth	DIAG_SUP_R2039	Gly-Pro	0.0		unverifiable_missing_formula	0.0	0.0	name-based nominal amino-acid composition, not validated model formula
G9_growth	DIAG_SUP_R2021	Gly-Asp	0.0		unverifiable_missing_formula	0.0	0.0	name-based nominal amino-acid composition, not validated model formula
G9_growth	DIAG_SUP_R2029	Gly-Glu	0.0		unverifiable_missing_formula	0.0	0.0	name-based nominal amino-acid composition, not validated model formula
G9_growth	DIAG_SUP_R2034	Ala-Gly	0.0		unverifiable_missing_formula	0.0	0.0	name-based nominal amino-acid composition, not validated model formula
G9_growth	DIAG_SUP_R2039	Gly-Pro	0.0		unverifiable_missing_formula	0.0	0.0	name-based nominal amino-acid composition, not validated model formula
G10_growth	DIAG_SUP_R2021	Gly-Asp	0.0		unverifiable_missing_formula	0.0	0.0	name-based nominal amino-acid composition, not validated model formula
G10_growth	DIAG_SUP_R2029	Gly-Glu	0.01		unverifiable_missing_formula	0.07	0.02	name-based nominal amino-acid composition, not validated model formula
G10_growth	DIAG_SUP_R2034	Ala-Gly	0.01		unverifiable_missing_formula	0.05	0.02	name-based nominal amino-acid composition, not validated model formula
G10_growth	DIAG_SUP_R2039	Gly-Pro	0.01		unverifiable_missing_formula	0.07	0.02	name-based nominal amino-acid composition, not validated model formula
G11_growth	DIAG_SUP_R2021	Gly-Asp	0.01		unverifiable_missing_formula	0.06	0.02	name-based nominal amino-acid composition, not validated model formula
G11_growth	DIAG_SUP_R2029	Gly-Glu	0.0		unverifiable_missing_formula	0.0	0.0	name-based nominal amino-acid composition, not validated model formula
G11_growth	DIAG_SUP_R2034	Ala-Gly	0.01		unverifiable_missing_formula	0.05	0.02	name-based nominal amino-acid composition, not validated model formula
G11_growth	DIAG_SUP_R2039	Gly-Pro	0.01		unverifiable_missing_formula	0.07	0.02	name-based nominal amino-acid composition, not validated model formula
G3_joint_none_full	DIAG_SUP_R2021	Gly-Asp	0.01		unverifiable_missing_formula	0.06	0.02	name-based nominal amino-acid composition, not validated model formula
G3_joint_none_full	DIAG_SUP_R2029	Gly-Glu	0.01		unverifiable_missing_formula	0.07	0.02	name-based nominal amino-acid composition, not validated model formula
G3_joint_none_full	DIAG_SUP_R2034	Ala-Gly	0.009999999999999997		unverifiable_missing_formula	0.04999999999999998	0.019999999999999993	name-based nominal amino-acid composition, not validated model formula
G3_joint_none_full	DIAG_SUP_R2039	Gly-Pro	0.01		unverifiable_missing_formula	0.07	0.02	name-based nominal amino-acid composition, not validated model formula
G3_joint_99pct_full	DIAG_SUP_R2021	Gly-Asp	0.01		unverifiable_missing_formula	0.06	0.02	name-based nominal amino-acid composition, not validated model formula
G3_joint_99pct_full	DIAG_SUP_R2029	Gly-Glu	0.01		unverifiable_missing_formula	0.07	0.02	name-based nominal amino-acid composition, not validated model formula
G3_joint_99pct_full	DIAG_SUP_R2034	Ala-Gly	0.01		unverifiable_missing_formula	0.05	0.02	name-based nominal amino-acid composition, not validated model formula
G3_joint_99pct_full	DIAG_SUP_R2039	Gly-Pro	0.01		unverifiable_missing_formula	0.07	0.02	name-based nominal amino-acid composition, not validated model formula
G3_joint_near_strict_full	DIAG_SUP_R2021	Gly-Asp	0.01		unverifiable_missing_formula	0.06	0.02	name-based nominal amino-acid composition, not validated model formula
G3_joint_near_strict_full	DIAG_SUP_R2029	Gly-Glu	0.01		unverifiable_missing_formula	0.07	0.02	name-based nominal amino-acid composition, not validated model formula
G3_joint_near_strict_full	DIAG_SUP_R2034	Ala-Gly	0.01		unverifiable_missing_formula	0.05	0.02	name-based nominal amino-acid composition, not validated model formula
G3_joint_near_strict_full	DIAG_SUP_R2039	Gly-Pro	0.009999999999999997		unverifiable_missing_formula	0.06999999999999998	0.019999999999999993	name-based nominal amino-acid composition, not validated model formula
G0_pfba	DIAG_SUP_R2021	Gly-Asp	0		unverifiable_missing_formula	0	0	name-based nominal amino-acid composition, not validated model formula
G0_pfba	DIAG_SUP_R2029	Gly-Glu	0		unverifiable_missing_formula	0	0	name-based nominal amino-acid composition, not validated model formula
G0_pfba	DIAG_SUP_R2034	Ala-Gly	0		unverifiable_missing_formula	0	0	name-based nominal amino-acid composition, not validated model formula
G0_pfba	DIAG_SUP_R2039	Gly-Pro	0		unverifiable_missing_formula	0	0	name-based nominal amino-acid composition, not validated model formula
G1_pfba	DIAG_SUP_R2021	Gly-Asp	0		unverifiable_missing_formula	0	0	name-based nominal amino-acid composition, not validated model formula
G1_pfba	DIAG_SUP_R2029	Gly-Glu	0		unverifiable_missing_formula	0	0	name-based nominal amino-acid composition, not validated model formula
G1_pfba	DIAG_SUP_R2034	Ala-Gly	0		unverifiable_missing_formula	0	0	name-based nominal amino-acid composition, not validated model formula
G1_pfba	DIAG_SUP_R2039	Gly-Pro	0		unverifiable_missing_formula	0	0	name-based nominal amino-acid composition, not validated model formula
G2_pfba	DIAG_SUP_R2021	Gly-Asp	0.0		unverifiable_missing_formula	0.0	0.0	name-based nominal amino-acid composition, not validated model formula
G2_pfba	DIAG_SUP_R2029	Gly-Glu	0.0		unverifiable_missing_formula	0.0	0.0	name-based nominal amino-acid composition, not validated model formula
G2_pfba	DIAG_SUP_R2034	Ala-Gly	0.0		unverifiable_missing_formula	0.0	0.0	name-based nominal amino-acid composition, not validated model formula
G2_pfba	DIAG_SUP_R2039	Gly-Pro	0.0		unverifiable_missing_formula	0.0	0.0	name-based nominal amino-acid composition, not validated model formula
G3_pfba	DIAG_SUP_R2021	Gly-Asp	0.01		unverifiable_missing_formula	0.06	0.02	name-based nominal amino-acid composition, not validated model formula
G3_pfba	DIAG_SUP_R2029	Gly-Glu	0.01		unverifiable_missing_formula	0.07	0.02	name-based nominal amino-acid composition, not validated model formula
G3_pfba	DIAG_SUP_R2034	Ala-Gly	0.01		unverifiable_missing_formula	0.05	0.02	name-based nominal amino-acid composition, not validated model formula
G3_pfba	DIAG_SUP_R2039	Gly-Pro	0.01		unverifiable_missing_formula	0.07	0.02	name-based nominal amino-acid composition, not validated model formula
G4_pfba	DIAG_SUP_R2021	Gly-Asp	0.01		unverifiable_missing_formula	0.06	0.02	name-based nominal amino-acid composition, not validated model formula
G4_pfba	DIAG_SUP_R2029	Gly-Glu	0		unverifiable_missing_formula	0	0	name-based nominal amino-acid composition, not validated model formula
G4_pfba	DIAG_SUP_R2034	Ala-Gly	0		unverifiable_missing_formula	0	0	name-based nominal amino-acid composition, not validated model formula
G4_pfba	DIAG_SUP_R2039	Gly-Pro	0		unverifiable_missing_formula	0	0	name-based nominal amino-acid composition, not validated model formula
G5_pfba	DIAG_SUP_R2021	Gly-Asp	0		unverifiable_missing_formula	0	0	name-based nominal amino-acid composition, not validated model formula
G5_pfba	DIAG_SUP_R2029	Gly-Glu	0.01		unverifiable_missing_formula	0.07	0.02	name-based nominal amino-acid composition, not validated model formula
G5_pfba	DIAG_SUP_R2034	Ala-Gly	0		unverifiable_missing_formula	0	0	name-based nominal amino-acid composition, not validated model formula
G5_pfba	DIAG_SUP_R2039	Gly-Pro	0		unverifiable_missing_formula	0	0	name-based nominal amino-acid composition, not validated model formula
G6_pfba	DIAG_SUP_R2021	Gly-Asp	0		unverifiable_missing_formula	0	0	name-based nominal amino-acid composition, not validated model formula
G6_pfba	DIAG_SUP_R2029	Gly-Glu	0		unverifiable_missing_formula	0	0	name-based nominal amino-acid composition, not validated model formula
G6_pfba	DIAG_SUP_R2034	Ala-Gly	0.01		unverifiable_missing_formula	0.05	0.02	name-based nominal amino-acid composition, not validated model formula
G6_pfba	DIAG_SUP_R2039	Gly-Pro	0		unverifiable_missing_formula	0	0	name-based nominal amino-acid composition, not validated model formula
G7_pfba	DIAG_SUP_R2021	Gly-Asp	0		unverifiable_missing_formula	0	0	name-based nominal amino-acid composition, not validated model formula
G7_pfba	DIAG_SUP_R2029	Gly-Glu	0		unverifiable_missing_formula	0	0	name-based nominal amino-acid composition, not validated model formula
G7_pfba	DIAG_SUP_R2034	Ala-Gly	0		unverifiable_missing_formula	0	0	name-based nominal amino-acid composition, not validated model formula
G7_pfba	DIAG_SUP_R2039	Gly-Pro	0.01		unverifiable_missing_formula	0.07	0.02	name-based nominal amino-acid composition, not validated model formula
G8_pfba	DIAG_SUP_R2021	Gly-Asp	0.0		unverifiable_missing_formula	0.0	0.0	name-based nominal amino-acid composition, not validated model formula
G8_pfba	DIAG_SUP_R2029	Gly-Glu	0.0		unverifiable_missing_formula	0.0	0.0	name-based nominal amino-acid composition, not validated model formula
G8_pfba	DIAG_SUP_R2034	Ala-Gly	0.0		unverifiable_missing_formula	0.0	0.0	name-based nominal amino-acid composition, not validated model formula
G8_pfba	DIAG_SUP_R2039	Gly-Pro	0.0		unverifiable_missing_formula	0.0	0.0	name-based nominal amino-acid composition, not validated model formula
G9_pfba	DIAG_SUP_R2021	Gly-Asp	0.0		unverifiable_missing_formula	0.0	0.0	name-based nominal amino-acid composition, not validated model formula
G9_pfba	DIAG_SUP_R2029	Gly-Glu	0.0		unverifiable_missing_formula	0.0	0.0	name-based nominal amino-acid composition, not validated model formula
G9_pfba	DIAG_SUP_R2034	Ala-Gly	0.0		unverifiable_missing_formula	0.0	0.0	name-based nominal amino-acid composition, not validated model formula
G9_pfba	DIAG_SUP_R2039	Gly-Pro	0.0		unverifiable_missing_formula	0.0	0.0	name-based nominal amino-acid composition, not validated model formula
G10_pfba	DIAG_SUP_R2021	Gly-Asp	0.0		unverifiable_missing_formula	0.0	0.0	name-based nominal amino-acid composition, not validated model formula
G10_pfba	DIAG_SUP_R2029	Gly-Glu	0.01		unverifiable_missing_formula	0.07	0.02	name-based nominal amino-acid composition, not validated model formula
G10_pfba	DIAG_SUP_R2034	Ala-Gly	0.01		unverifiable_missing_formula	0.05	0.02	name-based nominal amino-acid composition, not validated model formula
G10_pfba	DIAG_SUP_R2039	Gly-Pro	0.01		unverifiable_missing_formula	0.07	0.02	name-based nominal amino-acid composition, not validated model formula
G11_pfba	DIAG_SUP_R2021	Gly-Asp	0.01		unverifiable_missing_formula	0.06	0.02	name-based nominal amino-acid composition, not validated model formula
G11_pfba	DIAG_SUP_R2029	Gly-Glu	0.0		unverifiable_missing_formula	0.0	0.0	name-based nominal amino-acid composition, not validated model formula
G11_pfba	DIAG_SUP_R2034	Ala-Gly	0.01		unverifiable_missing_formula	0.05	0.02	name-based nominal amino-acid composition, not validated model formula
G11_pfba	DIAG_SUP_R2039	Gly-Pro	0.01		unverifiable_missing_formula	0.07	0.02	name-based nominal amino-acid composition, not validated model formula
G3_eps_0.0001_growth	DIAG_SUP_R2021	Gly-Asp	0.0001		unverifiable_missing_formula	0.0006000000000000001	0.0002	name-based nominal amino-acid composition, not validated model formula
G3_eps_0.0001_growth	DIAG_SUP_R2029	Gly-Glu	0.0001		unverifiable_missing_formula	0.0007	0.0002	name-based nominal amino-acid composition, not validated model formula
G3_eps_0.0001_growth	DIAG_SUP_R2034	Ala-Gly	0.0001		unverifiable_missing_formula	0.0005	0.0002	name-based nominal amino-acid composition, not validated model formula
G3_eps_0.0001_growth	DIAG_SUP_R2039	Gly-Pro	0.0001		unverifiable_missing_formula	0.0007	0.0002	name-based nominal amino-acid composition, not validated model formula
G3_eps_0.0001_pfba	DIAG_SUP_R2021	Gly-Asp	0.0001		unverifiable_missing_formula	0.0006000000000000001	0.0002	name-based nominal amino-acid composition, not validated model formula
G3_eps_0.0001_pfba	DIAG_SUP_R2029	Gly-Glu	0.0001		unverifiable_missing_formula	0.0007	0.0002	name-based nominal amino-acid composition, not validated model formula
G3_eps_0.0001_pfba	DIAG_SUP_R2034	Ala-Gly	0.0001		unverifiable_missing_formula	0.0005	0.0002	name-based nominal amino-acid composition, not validated model formula
G3_eps_0.0001_pfba	DIAG_SUP_R2039	Gly-Pro	0.0001		unverifiable_missing_formula	0.0007	0.0002	name-based nominal amino-acid composition, not validated model formula
G3_eps_0.001_growth	DIAG_SUP_R2021	Gly-Asp	0.001		unverifiable_missing_formula	0.006	0.002	name-based nominal amino-acid composition, not validated model formula
G3_eps_0.001_growth	DIAG_SUP_R2029	Gly-Glu	0.001		unverifiable_missing_formula	0.007	0.002	name-based nominal amino-acid composition, not validated model formula
G3_eps_0.001_growth	DIAG_SUP_R2034	Ala-Gly	0.001		unverifiable_missing_formula	0.005	0.002	name-based nominal amino-acid composition, not validated model formula
G3_eps_0.001_growth	DIAG_SUP_R2039	Gly-Pro	0.001		unverifiable_missing_formula	0.007	0.002	name-based nominal amino-acid composition, not validated model formula
G3_eps_0.001_pfba	DIAG_SUP_R2021	Gly-Asp	0.001		unverifiable_missing_formula	0.006	0.002	name-based nominal amino-acid composition, not validated model formula
G3_eps_0.001_pfba	DIAG_SUP_R2029	Gly-Glu	0.001		unverifiable_missing_formula	0.007	0.002	name-based nominal amino-acid composition, not validated model formula
G3_eps_0.001_pfba	DIAG_SUP_R2034	Ala-Gly	0.001		unverifiable_missing_formula	0.005	0.002	name-based nominal amino-acid composition, not validated model formula
G3_eps_0.001_pfba	DIAG_SUP_R2039	Gly-Pro	0.001		unverifiable_missing_formula	0.007	0.002	name-based nominal amino-acid composition, not validated model formula
