scenario	requirement	growth_floor	delta	reaction	direction	status	flux	biomass_C
G3	99pct	1.4197982732722918		R2021	min	optimal	0.0	1.4197982732722918
G3	99pct	1.4197982732722918		R2021	max	optimal	0.01	1.4197982732722918
G3	99pct	1.4197982732722918		R2029	min	optimal	0.0	1.4197982732722918
G3	99pct	1.4197982732722918		R2029	max	optimal	0.01	1.4197982732722918
G3	99pct	1.4197982732722918		R2034	min	optimal	0.0	1.4197982732722918
G3	99pct	1.4197982732722918		R2034	max	optimal	0.01	1.4197982732722918
G3	99pct	1.4197982732722918		R2039	min	optimal	0.0	1.4197982732722918
G3	99pct	1.4197982732722918		R2039	max	optimal	0.01	1.4197982732722918
G3	99pct	1.4197982732722918		R795	min	optimal	0.0	1.4197982732722918
G3	99pct	1.4197982732722918		R795	max	optimal	0.035	1.4197982732722918
G3	near_strict	1.434138669972012	1e-06	R2021	min	optimal	0.009990153298715054	1.434138669972012
G3	near_strict	1.434138669972012	1e-06	R2021	max	optimal	0.01	1.4341396699720117
G3	near_strict	1.434138669972012	1e-06	R2029	min	optimal	0.009992507944702286	1.434138669972012
G3	near_strict	1.434138669972012	1e-06	R2029	max	optimal	0.01	1.4341396699720113
G3	near_strict	1.434138669972012	1e-06	R2034	min	optimal	0.00998998155403713	1.434138669972012
G3	near_strict	1.434138669972012	1e-06	R2034	max	optimal	0.01	1.434138669972012
G3	near_strict	1.434138669972012	1e-06	R2039	min	optimal	0.009993801536971159	1.434138669972012
G3	near_strict	1.434138669972012	1e-06	R2039	max	optimal	0.01	1.434138669972012
G3	near_strict	1.434138669972012	1e-06	R795	min	optimal	0.03499015329871302	1.434138669972012
G3	near_strict	1.434138669972012	1e-06	R795	max	optimal	0.035	1.434138669972012
