alpha_mmol_per_gDW	status	growth_h_inverse	growth_percent_control	R385_flux	alpha_times_growth	pool_balance_residual
0.0	optimal	1.429177892279185	100.0	0.0	0.0	0.0
0.0001	optimal	1.4289162960655954	99.98169603553185	0.00014289162960655954	0.00014289162960655954	0.0
0.00012589254117941674	optimal	1.4288485777656816	99.97695776604982	0.0001798813784155171	0.0001798813784155171	0.0
0.00015848931924611142	optimal	1.4287633346030792	99.97099327674006	0.00022644372826504614	0.00022644372826504614	0.0
0.00019952623149688788	optimal	1.4286560342806334	99.9634854414296	0.00028505435462530343	0.00028505435462530343	0.0
0.00025118864315095795	optimal	1.4285209740920979	99.95403524007502	0.00035882824519487883	0.00035882824519487883	0.0
0.00031622776601683794	optimal	1.428350979694525	99.94214068177747	0.0004516842393967615	0.0004516842393967615	0.0
0.00039810717055349735	optimal	1.4281370269476423	99.92717034477194	0.0005685515909608097	0.0005685515909608097	0.0
0.0005011872336272725	optimal	1.4278677675191556	99.90833018288997	0.0007156290963884751	0.0007156290963884751	0.0
0.000630957344480193	optimal	1.427528934316967	99.884621923476	0.0009007098655652734	0.0009007098655652734	0.0
0.0007943282347242813	optimal	1.4271025971777864	99.85479098769932	0.0011335878867866683	0.0011335878867866683	0.0
0.001	optimal	1.4265662324788289	99.81726139100913	0.001426566232478829	0.001426566232478829	0.0
0.0012589254117941675	optimal	1.42589156233857	99.7700545216681	0.001795091122290913	0.001795091122290913	0.0
0.001584893192461114	optimal	1.425043109802281	99.71068804665667	0.0022585411236892513	0.0022585411236892513	0.0
0.001995262314968879	optimal	1.4239764059914155	99.63605046538507	0.0028412064602794957	0.0028412064602794957	0.0
0.0025118864315095794	optimal	1.422635774028777	99.54224605028176	0.003573499497763013	0.003573499497763013	0.0
0.0031622776601683794	optimal	1.420951603503985	99.42440414033547	0.004493443511941089	0.004493443511941089	0.0
0.003981071705534973	optimal	1.4188370199586378	99.27644610398669	0.005648491914922893	0.005648491914922893	0.0
0.005011872336272725	optimal	1.4161838492183758	99.09080296224799	0.007097732656973802	0.007097732656973802	0.0
0.00630957344480193	optimal	1.4128577811299199	98.85807699395359	0.00891452993709912	0.00891452993709912	0.0
0.007943282347242814	optimal	1.4086926589104776	98.56664215984767	0.011189643530214139	0.011189643530214139	0.0
0.01	optimal	1.4034838703598091	98.20218168373707	0.014034838703598092	0.014034838703598092	0.0
