conflict_id	topic	claim_a	sources_a	claim_b	sources_b	pair_assessment	resolution_status	resolution	action
CON-001	R39 chemistry versus topology	R39 head-group conversion matches conserved COQ6 C5 hydroxylation	SRC-C6-001;SRC-C6-002;SRC-C6-003	Current R39 is cytosolic, whereas yeast Coq6 is matrix-facing at the mitochondrial inner membrane; no R969/R808 shuttle evidence was located	SRC-LOCAL-001;SRC-C6-001	conditional_difference	flagged_unresolved	Chemistry and topology are separable; chemistry support cannot validate the current compartment representation	Open chemistry/topology case; no GPR mapping
CON-002	R39 formal chemistry versus enzyme mechanism	Current R39 is formula-balanced using 0.5 O2	SRC-LOCAL-001	Coq6 FAD reduction requires a ferredoxin/reductase electron-transfer chain and NAD(P)H alone is insufficient	SRC-C6-004;SRC-C6-005;SRC-C6-006	conditional_difference	flagged_unresolved	Formal net chemistry is not the measured catalytic bookkeeping	Do not add ferredoxin partners until Yarrowia identities and necessity are verified
CON-003	R19 COQ6 attribution	Reconstructed ancestral tetrapod COQ6 hydroxylates an R19-type substrate	SRC-C6-006	The direct product is hydroquinone, while current R19 produces oxidized quinone; native yeast C1 modification persists without Coq6	SRC-C6-003;SRC-C6-006	contradiction	flagged_unresolved	Current R19 lumps hydroxylation with an oxidation and cannot inherit a direct COQ6 GPR	Separate chemistry/redox case; no mapping
CON-004	COQ8 pathway block versus step specificity	Acute Coq8 inhibition nearly blocks new CoQ and accumulates PPHB	SRC-AS-001	Reconstituted complete pathway is enhanced by COQ8B+ATP, while individual reactions are not strictly dependent	SRC-C6-006	conditional_difference	resolved_in_synthesis	COQ8 is a pathway-level accessory/regulator; evidence does not identify one absolute atom-changing step	No binary AND
CON-005	COQ9-R695 dependency	Delta-coq9 yeast with Coq8 overexpression retains a strong Coq7-step block after precursor bypass	SRC-AS-002	Reconstituted COQ7 catalyses without COQ9 and COQ9 gives only about 1.5-fold enhancement	SRC-C6-006	contradiction	flagged_unresolved	Cell-context effective dependence and intrinsic catalytic necessity differ; Yarrowia transfer is unverified	No default runtime AND; conflicted arm requires separate human authorization
CON-006	synthome versus repeated GPR	Coq proteins physically assemble into dynamic complexes	SRC-AS-003;SRC-AS-005;SRC-AS-009	Complex membership varies with bait/substrate and accessory omission often changes rate or stability rather than abolishing isolated chemistry	SRC-AS-005;SRC-C6-006	conditional_difference	resolved_in_synthesis	Synthome membership does not imply every member is an absolute component of every reaction	Keep seven-gene repeated AND prohibited
CON-007	Q9 physical presence versus zero modeled demand	Yarrowia has a nonzero Q9 pool	SRC-QP-001;SRC-QP-003;SRC-QP-006	Canonical steady-state model can recycle Q/QH2 with zero biosynthetic flux and all nine KO ratios are approximately 1	SRC-LOCAL-001	no_material_conflict	not_applicable	A missing pool-dilution term explains the modeling observation; it does not quantify that term	Keep H-Q9-1 hypothetical until c_Q is measured
CON-008	CoQ9 quantitative proxies	Patent and purified-complex studies report numerical Q9 values	SRC-QP-003;SRC-QP-004;SRC-QP-005	Their denominators are extracted oil or purified complex I, not whole-cell dry biomass	SRC-QP-003;SRC-QP-004;SRC-QP-005	no_material_conflict	not_applicable	The numbers answer different physical questions and cannot become c_Q	Exclude from calibration
CON-009	fitness versus model growth	Several COQ candidates are essential in one or both CRISPR assays	SRC-EXP-001	Canonical model KO/WT is approximately 1 for all nine candidates	SRC-LOCAL-001	conditional_difference	resolved_in_synthesis	FS measures guide abundance depletion; model ratio measures optimized growth under a representation with no CoQ9 net demand	Display side by side; never convert one scale into the other
