alpha_mmol_per_gDW	status	final_biomass_gDW_L	min_growth_h_inverse	max_growth_h_inverse	backend_calls	evidence_origin
0.0	complete	0.8152455729430345	0.11699014283426296	0.11699014283426296	480	reused_previous_run
1e-06	complete	0.815245572943032	0.11699014283426278	0.11699014283426278	480	new_this_run
3.162277660168379e-06	complete	0.8152455729430277	0.11699014283426258	0.11699014283426258	480	new_this_run
1e-05	complete	0.815245572943032	0.11699014283426278	0.11699014283426278	480	new_this_run
3.1622776601683795e-05	complete	0.8152455729430345	0.11699014283426296	0.11699014283426296	480	new_this_run
0.0001	complete	0.8152455729430345	0.11699014283426296	0.11699014283426296	480	reused_previous_run
0.00031622776601683794	complete	0.8152455729430345	0.11699014283426296	0.11699014283426296	480	reused_previous_run
0.001	complete	0.8152455729430391	0.11699014283426315	0.11699014283426315	480	reused_previous_run
0.0031622776601683794	complete	0.815245572943032	0.11699014283426278	0.11699014283426278	480	reused_previous_run
0.01	complete	0.8152455729430345	0.11699014283426296	0.11699014283426296	480	reused_previous_run
0.03162277660168379	complete	0.8152455729430267	0.11699014283426254	0.11699014283426254	480	new_this_run
0.1	complete	0.815245572943032	0.11699014283426278	0.11699014283426278	480	new_this_run
